product_id,generic_name_raw,form,strength_raw,mrp,is_fdc,is_non_drug,source,unit_size_raw,n_components,components,decomposition_status,is_priceable
PMBJP-1,Aceclofenac 100mg and Paracetamol 325mg Tablets,tablet,100mg; 325mg,10.00,true,false,PMBJP,10's,2,aceclofenac|acetaminophen,ok,true
PMBJP-2,Aceclofenac Tablets IP 100 mg,tablet,100 mg,8.00,false,false,PMBJP,10's,1,aceclofenac,ok,true
PMBJP-3,Pregabalin Capsules IP 75 mg,capsule,75 mg,22.00,false,false,PMBJP,10's,1,pregabalin,ok,true
PMBJP-5,Aspirin Gastro-resistant Tablets IP 150 mg,gastro-resistant tablet,150 mg,5.00,false,false,PMBJP,14's,1,acetylsalicylic acid,ok,true
PMBJP-6,"Chlorzoxazone 500mg, Diclofenac 50mg and Paracetamol 325mg Tablets",tablet,500mg; 50mg; 325mg,25.00,true,false,PMBJP,10's,3,chlorzoxazone|diclofenac|acetaminophen,ok,true
PMBJP-7,Diclofenac Gel IP 1.16%w/w (Diclofenac Diethylamine),gel,1.16%w/w,12.00,false,false,PMBJP,15 g,1,diclofenac,ok,true
PMBJP-8,Serratiopeptidase 10mg and Diclofenac Sodium 50mg Tablets,tablet,10mg; 50mg,154.00,true,false,PMBJP,10's,2,serrapeptase|diclofenac,ok,true
PMBJP-9,Diclofenac Sodium Prolonged Release Tablets IP 100 mg,extended release tablet,100 mg,121.00,false,false,PMBJP,10's,1,diclofenac,ok,true
PMBJP-10,Diclofenac Sodium Injection IP 25mg per ml,injection,25mg,4.00,false,false,PMBJP,3 ml,1,diclofenac,ok,true
PMBJP-11,Diclofenac Gastro-Resistant Tablets IP 50 mg,gastro-resistant tablet,50 mg,55.00,false,false,PMBJP,10's,1,diclofenac,ok,true
PMBJP-12,Etoricoxib Tablets IP 120 mg,tablet,120 mg,38.00,false,false,PMBJP,10's,1,etoricoxib,ok,true
PMBJP-13,Etoricoxib Tablets IP 90 mg,tablet,90 mg,31.00,false,false,PMBJP,10's,1,etoricoxib,ok,true
PMBJP-14,Ibuprofen 400mg and Paracetamol 325mg Tablets IP,tablet,400mg; 325mg,8.00,true,false,PMBJP,10's,2,ibuprofen|acetaminophen,ok,true
PMBJP-15,Ibuprofen Tablets IP 200 mg,tablet,200 mg,3.00,false,false,PMBJP,10's,1,ibuprofen,ok,true
PMBJP-16,Ibuprofen Tablets IP 400 mg,tablet,400 mg,88.00,false,false,PMBJP,15's,1,ibuprofen,ok,true
PMBJP-17,Indomethacin Capsules IP 25 mg,capsule,25 mg,13.00,false,false,PMBJP,10's,1,indomethacin,ok,true
PMBJP-18,Azithromycin Tablets IP 250 mg,tablet,250 mg,45.00,false,false,PMBJP,6's,1,azithromycin,ok,true
PMBJP-19,Nimesulide 100mg and Paracetamol 325mg Tablets,tablet,100mg; 325mg,11.00,true,false,PMBJP,10's,2,nimesulide|acetaminophen,ok,true
PMBJP-20,Nimesulide Tablets 100 mg,tablet,100 mg,66.00,false,false,PMBJP,10's,1,nimesulide,ok,true
PMBJP-21,Diclofenac Sodium 50mg and Paracetamol 325mg Tablets IP,tablet,50mg; 325mg,99.00,true,false,PMBJP,10's,2,diclofenac|acetaminophen,ok,true
PMBJP-22,Paracetamol Paediatric Oral Suspension IP 125 mg per 5 ml,oral suspension,125 mg; 5 ml,11.00,false,false,PMBJP,60 ml,1,paracetamol paediatric,ok,true
PMBJP-23,Paracetamol Tablets IP 500 mg,tablet,500 mg,7.00,false,false,PMBJP,10's,1,acetaminophen,ok,true
PMBJP-24,Pentazocine Injection IP 30 mg per ml,injection,30 mg,15.00,false,false,PMBJP,1 ml,1,pentazocine,ok,true
PMBJP-25,Serratiopeptidase Tablets IP 10 mg,tablet,10 mg,121.00,false,false,PMBJP,10's,1,serrapeptase,ok,true
PMBJP-26,Tramadol Hydrochloride Injection 100 mg per 2 ml,injection,100 mg; 2 ml,8.00,false,false,PMBJP,2 ml,1,tramadol,ok,true
PMBJP-27,Tramadol HCl Injection 50mg 1 ml,injection,50mg; 1 ml,5.00,false,false,PMBJP,1 ml,1,tramadol,ok,true
PMBJP-28,Tramadol Tablets 50mg,tablet,50mg,8.00,false,false,PMBJP,10's,1,tramadol,ok,true
PMBJP-29,Aciclovir Tablets IP 400 mg,tablet,400 mg,44.00,false,false,PMBJP,10's,1,acyclovir,ok,true
PMBJP-30,Amikacin Injection IP 100 mg per 2 ml,injection,100 mg; 2 ml,12.00,false,false,PMBJP,2 ml Vial,1,amikacin,ok,true
PMBJP-31,Amikacin Injection IP 250 mg per 2 ml,injection,250 mg; 2 ml,20.00,false,false,PMBJP,2 ml Vial,1,amikacin,ok,true
PMBJP-32,Amikacin Injection IP 500 mg per 2 ml,injection,500 mg; 2 ml,29.00,false,false,PMBJP,2 ml Vial,1,amikacin,ok,true
PMBJP-34,Metformin Hydrochloride Prolonged-release 500mg and Glimepiride 2mg Tablets IP,tablet,500mg; 2mg,264.00,true,false,PMBJP,15's,2,metformin|glimepiride,ok,true
PMBJP-35,Amoxycillin 1g and Potassium Clavulanate 200mg Injection IP,injection,1g; 200mg,58.00,true,false,PMBJP,Vial & Wfi,2,amoxicillin|clavulanate,ok,true
PMBJP-36,Amoxycillin 200mg and Potassium Clavulanate 28.5mg Oral Suspension IP per 5ml,oral suspension,200mg; 28.5mg; 5ml,27.00,true,false,PMBJP,30 ml,2,amoxicillin|clavulanate,ok,true
PMBJP-37,Amoxycillin 250mg and Potassium Clavulanate 50mg Injection IP,injection,250mg; 50mg,28.00,true,false,PMBJP,Vial & Wfi,2,amoxicillin|clavulanate,ok,true
PMBJP-38,Amoxycillin 500mg and Potassium Clavulanate 100mg Injection IP,injection,500mg; 100mg,40.00,true,false,PMBJP,Vial & Wfi,2,amoxicillin|clavulanate,ok,true
PMBJP-39,Amoxycillin 500mg and Potassium Clavulanate 125mg Tablets IP,tablet,500mg; 125mg,561.00,true,false,PMBJP,6's,2,amoxicillin|clavulanate,ok,true
PMBJP-40,Amoxycillin 250mg and Cloxacillin 250mg Capsules,capsule,250mg,319.00,true,false,PMBJP,10's,2,amoxicillin|cloxacillin,ok,true
PMBJP-42,Amoxycillin Trihydrate Dispersible Tablets IP 125 mg,dispersible tablet,125 mg,12.00,false,false,PMBJP,10's,1,amoxicillin,ok,true
PMBJP-43,Amoxycillin Oral Suspension IP 125mg per 5ml,oral suspension,125mg; 5ml,19.00,false,false,PMBJP,60 ml,1,amoxicillin,ok,true
PMBJP-44,Amoxycillin Capsules IP 250mg,capsule,250mg,132.00,false,false,PMBJP,10's,1,amoxicillin,ok,true
PMBJP-45,Amoxycillin Capsules IP 500mg,capsule,500mg,35.00,false,false,PMBJP,10's,1,amoxicillin,ok,true
PMBJP-46,Ampicillin Injection IP 500 mg,injection,500 mg,77.00,false,false,PMBJP,Vial,1,ampicillin,ok,true
PMBJP-47,Azithromycin Oral Suspension IP 100mg per 5ml,oral suspension,100mg; 5ml,15.00,false,false,PMBJP,15 ml,1,azithromycin,ok,true
PMBJP-48,Azithromycin Dispersible Tablets 100mg,dispersible tablet,100mg,27.00,false,false,PMBJP,10's,1,azithromycin,ok,true
PMBJP-51,Cefadroxil Dispersible Tablets 250mg,dispersible tablet,250mg,187.00,false,false,PMBJP,10's,1,cefadroxil,ok,true
PMBJP-52,Cefadroxil Tablets IP 500 mg,tablet,500 mg,242.00,false,false,PMBJP,10's,1,cefadroxil,ok,true
PMBJP-53,Cefixime Oral Suspension IP 50mg per 5ml,oral suspension,50mg; 5ml,20.00,false,false,PMBJP,30 ml,1,cefixime,ok,true
PMBJP-54,Cefixime Tablets IP 100 mg,tablet,100 mg,28.00,false,false,PMBJP,10's,1,cefixime,ok,true
PMBJP-55,Cefixime Tablets IP 200 mg,tablet,200 mg,53.00,false,false,PMBJP,10's,1,cefixime,ok,true
PMBJP-56,Cefoperazone 1g and Sulbactam 1g Injection,injection,1g,88.00,true,false,PMBJP,Vial & Wfi,2,cefoperazone|sulbactam,ok,true
PMBJP-57,Cefoperazone 500mg and Sulbactam 500mg Injection,injection,500mg,50.00,true,false,PMBJP,Vial & Wfi,2,cefoperazone|sulbactam,ok,true
PMBJP-58,Cefoperazone Injection IP 1 g,injection,1 g,46.00,false,false,PMBJP,Vial & Wfi,1,cefoperazone,ok,true
PMBJP-59,Cefotaxime Sodium 1g and Sulbactam Sodium 500mg Injection,injection,1g; 500mg,28.00,true,false,PMBJP,Vial & Wfi,2,cefotaxime|sulbactam,ok,true
PMBJP-60,Cefotaxime Sodium 250mg and Sulbactam Sodium 125mg Injection,injection,250mg; 125mg,121.00,true,false,PMBJP,Vial & Wfi,2,cefotaxime|sulbactam,ok,true
PMBJP-61,Cefotaxime Sodium 500mg and Sulbactam Sodium 250mg Injection,injection,500mg; 250mg,19.00,true,false,PMBJP,Vial & Wfi,2,cefotaxime|sulbactam,ok,true
PMBJP-62,Cefotaxime Sodium Injection IP 1g,injection,1g,19.00,false,false,PMBJP,Vial & Wfi,1,cefotaxime,ok,true
PMBJP-63,Cefotaxime Sodium Injection IP 250 mg,injection,250 mg,10.00,false,false,PMBJP,Vial & Wfi,1,cefotaxime,ok,true
PMBJP-64,Cefotaxime Sodium Injection IP 500 mg,injection,500 mg,12.00,false,false,PMBJP,Vial & Wfi,1,cefotaxime,ok,true
PMBJP-65,Cefpodoxime Proxetil Dispersible Tablets 100 mg,dispersible tablet,100 mg,40.00,false,false,PMBJP,10's,1,cefpodoxime,ok,true
PMBJP-66,Cefpodoxime Tablets IP 200 mg,tablet,200 mg,70.00,false,false,PMBJP,10's,1,cefpodoxime,ok,true
PMBJP-67,Ceftazidime Injection IP 1g,injection,1g,80.00,false,false,PMBJP,Vial & Wfi,1,ceftazidime,ok,true
PMBJP-68,Ceftazidime Injection IP 250mg,injection,250mg,30.00,false,false,PMBJP,Vial & Wfi,1,ceftazidime,ok,true
PMBJP-69,Ceftazidime Injection IP 500mg,injection,500mg,50.00,false,false,PMBJP,Vial & Wfi,1,ceftazidime,ok,true
PMBJP-70,Ceftriaxone 1g and Sulbactam 500mg Injection,injection,1g; 500mg,48.00,true,false,PMBJP,Vial & Wfi,2,ceftriaxone|sulbactam,ok,true
PMBJP-71,Ceftriaxone 1g and Tazobactam 125mg Injection,injection,1g; 125mg,48.00,true,false,PMBJP,Vial & Wfi,2,ceftriaxone|tazobactam,ok,true
PMBJP-72,Azithromycin Tablets IP 500 mg,tablet,500 mg,42.00,false,false,PMBJP,3's,1,azithromycin,ok,true
PMBJP-73,Ceftriaxone 250 mg and Sulbactam 125 mg Injection,injection,250 mg; 125 mg,17.00,true,false,PMBJP,Vial & Wfi,2,ceftriaxone|sulbactam,ok,true
PMBJP-74,Ceftriaxone 500mg and Sulbactam 250mg Injection,injection,500mg; 250mg,35.00,true,false,PMBJP,Vial & Wfi,2,ceftriaxone|sulbactam,ok,true
PMBJP-75,Ceftriaxone Injection IP 1 g,injection,1 g,28.00,false,false,PMBJP,Vial & Wfi,1,ceftriaxone,ok,true
PMBJP-76,Ceftriaxone Injection IP 250 mg,injection,250 mg,13.00,false,false,PMBJP,Vial & Wfi,1,ceftriaxone,ok,true
PMBJP-77,Ceftriaxone injection IP 500 mg,injection,500 mg,24.00,false,false,PMBJP,Vial & Wfi,1,ceftriaxone,ok,true
PMBJP-78,Cefuroxime Axetil Tablets IP 250 mg,tablet,250 mg,75.00,false,false,PMBJP,10's,1,cefuroxime,ok,true
PMBJP-79,Cefuroxime Axetil Tablets IP 500 mg,tablet,500 mg,142.00,false,false,PMBJP,10's,1,cefuroxime,ok,true
PMBJP-80,Cephalexin Tablets IP 125mg (Dispersible),tablet,125mg,21.00,false,false,PMBJP,10's,1,cefalexin,ok,true
PMBJP-81,Cephalexin Capsules IP 250mg,capsule,250mg,33.00,false,false,PMBJP,10's,1,cefalexin,ok,true
PMBJP-82,Cephalexin Capsules IP 500mg,capsule,500mg,50.00,false,false,PMBJP,10's,1,cefalexin,ok,true
PMBJP-83,Ciprofloxacin 250mg and Tinidazole 300mg Tablets,tablet,250mg; 300mg,28.00,true,false,PMBJP,10's,2,ciprofloxacin|tinidazole,ok,true
PMBJP-84,Ciprofloxacin 500mg and Tinidazole 600mg Tablets,tablet,500mg; 600mg,39.00,true,false,PMBJP,10's,2,ciprofloxacin|tinidazole,ok,true
PMBJP-85,Ciprofloxacin Hydrochloride Tablets IP 250 mg,tablet,250 mg,11.00,false,false,PMBJP,10's,1,ciprofloxacin,ok,true
PMBJP-86,Ciprofloxacin Hydrochloride Tablets IP 500 mg,tablet,500 mg,20.00,false,false,PMBJP,10's,1,ciprofloxacin,ok,true
PMBJP-87,Clotrimazole Cream IP 1% w/w,cream,1% w/w,154.00,false,false,PMBJP,15 g tubes,1,clotrimazole,ok,true
PMBJP-88,Co-trimoxazole (Sulphamethoxazole 200mg and Trimethoprim 40mg per 5ml) Oral Suspension IP,oral suspension,200mg; 40mg; 5ml,15.00,true,false,PMBJP,50 ml,2,co-trimoxazole sulphamethoxazole|trimethoprim,ok,true
PMBJP-89,Co-trimoxazole (Sulphamethoxazole 800mg and Trimethoprim 160mg) Tablets IP,tablet,800mg; 160mg,121.00,true,false,PMBJP,10's,2,co-trimoxazole sulphamethoxazole|trimethoprim,ok,true
PMBJP-90,Co-trimoxazole (Sulphamethoxazole 100mg and Trimethoprim 20mg) Tablets IP,tablet,100mg; 20mg,22.00,true,false,PMBJP,10's,2,co-trimoxazole sulphamethoxazole|trimethoprim,ok,true
PMBJP-92,Doxycycline Capsules IP 100mg,capsule,100mg,154.00,false,false,PMBJP,10's,1,doxycycline,ok,true
PMBJP-93,Erythromycin Stearate Tablets IP 250mg,tablet,250mg,209.00,false,false,PMBJP,10's,1,erythromycin,ok,true
PMBJP-94,Gentamicin Sulphate Injection IP 80 mg per 2ml,injection,80 mg; 2ml,543.00,false,false,PMBJP,2 ml,1,gentamicin,ok,true
PMBJP-95,Levofloxacin Tablets IP 250mg,tablet,250mg,18.00,false,false,PMBJP,10's,1,levofloxacin,ok,true
PMBJP-96,Levofloxacin Tablets IP 500mg,tablet,500mg,33.00,false,false,PMBJP,10's,1,levofloxacin,ok,true
PMBJP-97,Meropenem Injection IP 1 g,injection,1 g,236.00,false,false,PMBJP,Vial & Wfi,1,meropenem,ok,true
PMBJP-98,Norfloxacin 400mg and Tinidazole 600mg Tablets,tablet,400mg; 600mg,40.00,true,false,PMBJP,10's,2,norfloxacin|tinidazole,ok,true
PMBJP-99,Norfloxacin Tablets IP 400 mg,tablet,400 mg,21.00,false,false,PMBJP,10's,1,norfloxacin,ok,true
PMBJP-100,Ofloxacin 200mg and Ornidazole 500mg Tablets IP,tablet,200mg; 500mg,275.00,true,false,PMBJP,10's,2,ofloxacin|ornidazole,ok,true
PMBJP-101,Ofloxacin Tablets IP 200mg,tablet,200mg,14.00,false,false,PMBJP,10's,1,ofloxacin,ok,true
PMBJP-102,Ofloxacin Tablets IP 400mg,tablet,400mg,35.00,false,false,PMBJP,10's,1,ofloxacin,ok,true
PMBJP-103,Piperacillin 4000mg and Tazobactum 500mg Injection IP,injection,4000mg; 500mg,122.00,true,false,PMBJP,Vial & Wfi,2,piperacillin|tazobactum,ok,true
PMBJP-104,Roxithromycin Oral Suspension 50 mg per 5ml,oral suspension,50 mg; 5ml,16.00,false,false,PMBJP,30 ml,1,roxithromycin,ok,true
PMBJP-105,Roxithromycin Tablets IP 150 mg,tablet,150 mg,28.00,false,false,PMBJP,10's,1,roxithromycin,ok,true
PMBJP-106,Roxithromycin Tablets IP 300 mg,tablet,300 mg,50.00,false,false,PMBJP,10's,1,roxithromycin,ok,true
PMBJP-107,Tinidazole Tablets IP 300 mg,tablet,300 mg,13.00,false,false,PMBJP,10's,1,tinidazole,ok,true
PMBJP-108,Tinidazole Tablets IP 500 mg,tablet,500 mg,16.00,false,false,PMBJP,10's,1,tinidazole,ok,true
PMBJP-109,Vancomycin Hydrochloride for Intravenous Infusion IP 500 mg,injection,500 mg,135.00,false,false,PMBJP,Vial & Wfi,1,vancomycin,ok,true
PMBJP-110,Adapalene Gel 0.1%w/w,gel,0.1%w/w,29.00,false,false,PMBJP,15 gm tubes,1,adapalene,ok,true
PMBJP-112,"Beclomethasone Dipropionate 0.025%w/w, Clotrimazole 1%w/w and Gentamicin Sulphate 0.1%w/w Cream",cream,0.025%w/w; 1%w/w; 0.1%w/w,20.00,true,false,PMBJP,15 g tubes,3,beclomethasone|clotrimazole|gentamicin,ok,true
PMBJP-113,Beclomethasone 0.025%w/w and Neomycin 0.5%w/w Cream,cream,0.025%w/w; 0.5%w/w,11.00,true,false,PMBJP,15g tube,2,beclomethasone|neomycin,ok,true
PMBJP-115,Calamine Lotion IP,lotion,,28.00,false,false,PMBJP,100 ml,1,calamine,ok,true
PMBJP-117,Chlorhexidine Mouthwash IP 0.2 % w/v,,0.2 % w/v,23.00,false,false,PMBJP,100 ml,1,chlorhexidine,ok,true
PMBJP-118,Clobetasol Propionate Cream IP 0.05 % w/w,cream,0.05 % w/w,15.00,false,false,PMBJP,15 gm Tube,1,clobetasol,ok,true
PMBJP-120,Fusidic Acid Cream IP 2% w/w,cream,2% w/w,25.00,false,false,PMBJP,5 gm Tube,1,fusidic acid,ok,true
PMBJP-122,Ketoconazole Lotion 2% w/v,lotion,2% w/v,55.00,false,false,PMBJP,100 ml Bottle,1,ketoconazole,ok,true
PMBJP-124,Povidone Iodine Ointment 5% w/w,ointment,5% w/w,115.00,false,false,PMBJP,250 gm tubes/Jar,1,povidone iodine,ok,true
PMBJP-125,Povidone Iodine Ointment 5% w/w,ointment,5% w/w,154.00,false,false,PMBJP,15 gm tubes,1,povidone iodine,ok,true
PMBJP-126,Povidone-Iodine Solution IP 10 % w/v,solution,10 % w/v,145.00,false,false,PMBJP,500 ml,1,povidone-iodine,ok,true
PMBJP-127,Povidone-Iodine Solution IP 5 % w/v,solution,5 % w/v,21.00,false,false,PMBJP,100 ml,1,povidone-iodine,ok,true
PMBJP-129,Povidone Iodine Solution 7.5% w/v,solution,7.5% w/v,121.00,false,false,PMBJP,500 ml,1,povidone iodine,ok,true
PMBJP-131,"Silver Sulphadiazine 1% w/w, Chlorhexidine Gluconate 0.2% w/w, Allantoin 0.1% w/w, Aloe vera 15% w/w Cream",cream,1% w/w; 0.2% w/w; 0.1% w/w; 15% w/w,30.00,true,false,PMBJP,20 gm,4,silver sulphadiazine|chlorhexidine|allantoin|aloe vera,ok,true
PMBJP-132,"Silver Sulphadiazine 1% w/w, Chlorhexidine Gluconate 0.2% w/w, Allantoin 0.1% w/w, Aloe vera 15% w/w Cream",cream,1% w/w; 0.2% w/w; 0.1% w/w; 15% w/w,500.00,true,false,PMBJP,500 gm,4,silver sulphadiazine|chlorhexidine|allantoin|aloe vera,ok,true
PMBJP-133,Glibenclamide Tablets IP 2.5 mg,tablet,2.5 mg,3.00,false,false,PMBJP,10's,1,glyburide,ok,true
PMBJP-134,Glibenclamide Tablets IP 5 mg,tablet,5 mg,55.00,false,false,PMBJP,10's,1,glyburide,ok,true
PMBJP-135,Gliclazide Tablets IP 40 mg,tablet,40 mg,154.00,false,false,PMBJP,10's,1,gliclazide,ok,true
PMBJP-136,Gliclazide Tablets IP 80 mg,tablet,80 mg,24.00,false,false,PMBJP,10's,1,gliclazide,ok,true
PMBJP-137,Glimepiride Tablets IP 1mg,tablet,1mg,44.00,false,false,PMBJP,10's,1,glimepiride,ok,true
PMBJP-138,Glimepiride Tablets IP 2mg,tablet,2mg,55.00,false,false,PMBJP,10's,1,glimepiride,ok,true
PMBJP-141,Glipizide Tablet IP 5 mg,tablet,5 mg,5.00,false,false,PMBJP,10's,1,glipizide,ok,true
PMBJP-142,Soluble Insulin Injection IP 40 IU per ml (R-DNA Origin),injection,40 IU,781.00,false,false,PMBJP,10 ml Vial,1,soluble insulin,residue,true
PMBJP-143,Insulin Injection IP 40 IU per ml (Insulin Human Soluble 30% and Isophane 70%),injection,30%; 70%; 40 IU,90.00,true,false,PMBJP,10 ml Vial,2,insulin insulin human soluble|isophane,residue,true
PMBJP-144,Metformin Hydrochloride Sustained Release Tablets IP 1000 mg,extended release tablet,1000 mg,132.00,false,false,PMBJP,10's,1,metformin,ok,true
PMBJP-145,Metformin Hydrochloride Tablets IP 500mg,tablet,500mg,66.00,false,false,PMBJP,10's,1,metformin,ok,true
PMBJP-147,Pioglitazone Tablets IP 30mg,tablet,30mg,132.00,false,false,PMBJP,10's,1,pioglitazone,ok,true
PMBJP-150,Pioglitazone 15mg and Metformin 500mg Sustained Release Tablets,extended release tablet,15mg; 500mg,27.00,true,false,PMBJP,10's,2,pioglitazone|metformin,ok,true
PMBJP-152,Bleomycin Injection IP 15 IU,injection,15 IU,300.00,false,false,PMBJP,Vial,1,bleomycin,ok,true
PMBJP-153,Cisplatin Injection IP 10 mg per10ml,injection,10 mg; 10ml,35.00,false,false,PMBJP,Vial,1,cisplatin,ok,true
PMBJP-154,Cisplatin Injection 50mg per 50ml,injection,50mg; 50ml,1716.00,false,false,PMBJP,Vial,1,cisplatin,ok,true
PMBJP-156,Doxorubicin Injection IP 50mg (2mg per ml),injection,50mg; 2mg,300.00,false,false,PMBJP,Vial,1,doxorubicin,ok,true
PMBJP-158,Etoposide Injection IP 100 mg per 5 ml,injection,100 mg; 5 ml,99.00,false,false,PMBJP,Vial,1,etoposide,ok,true
PMBJP-159,Gemcitabine Injection IP 1000mg,injection,1000mg,836.00,false,false,PMBJP,Vial,1,gemcitabine,ok,true
PMBJP-160,Gemcitabine Injection IP 200mg,injection,200mg,240.00,false,false,PMBJP,Vial,1,gemcitabine,ok,true
PMBJP-163,Tamoxifen Citrate Tablets IP 10 mg,tablet,10 mg,11.00,false,false,PMBJP,10's,1,tamoxifen,ok,true
PMBJP-164,Tamoxifen Citrate Tablets IP 20 mg,tablet,20 mg,16.00,false,false,PMBJP,10's,1,tamoxifen,ok,true
PMBJP-165,Ciprofloxacin Injection IP 200mg,injection,200mg,12.00,false,false,PMBJP,100 ml,1,ciprofloxacin,ok,true
PMBJP-170,Mannitol Injection IP 20% w/v,injection,20% w/v,28.00,false,false,PMBJP,100 ml,1,mannitol,ok,true
PMBJP-171,Mannitol Intravenous Infusion IP 20% w/v,injection,20% w/v,50.00,false,false,PMBJP,350 ml,1,mannitol,ok,true
PMBJP-172,Metronidazole Infusion IP 500 mg,injection,500 mg,88.00,false,false,PMBJP,100 ml,1,metronidazole,ok,true
PMBJP-177,Albendazole Oral Suspension IP 200 mg per 5ml,oral suspension,200 mg; 5ml,8.00,false,false,PMBJP,10 ml,1,albendazole,ok,true
PMBJP-178,Albendazole 400mg and Ivermectin 6mg Tablets,tablet,400mg; 6mg,66.00,true,false,PMBJP,1's,2,albendazole|ivermectin,ok,true
PMBJP-180,Bisacodyl Tablets IP 5mg,tablet,5mg,6.00,false,false,PMBJP,10's,1,bisacodyl,ok,true
PMBJP-181,Tricholine Citrate 275mg and Cyproheptadine Hydrochloride 2mg Syrup per 5ml,syrup,275mg; 2mg; 5ml,38.00,true,false,PMBJP,200 ml,2,tricholine|cyproheptadine,ok,true
PMBJP-183,Dicyclomine Tablets IP 10mg,tablet,10mg,1.00,false,false,PMBJP,10's,1,dicycloverine,ok,true
PMBJP-184,Paracetamol 325mg and Dicyclomine Hydrochloride 20mg Tablets,tablet,325mg; 20mg,8.00,true,false,PMBJP,10's,2,acetaminophen|dicycloverine,ok,true
PMBJP-186,Domperidone Tablets IP 10 mg,tablet,10 mg,44.00,false,false,PMBJP,10's,1,domperidone,ok,true
PMBJP-187,Domperidone Suspension IP 5mg per 5ml,oral suspension,5mg; 5ml,13.00,false,false,PMBJP,30 ml,1,domperidone,ok,true
PMBJP-188,"Dried Aluminium Hydroxide 250mg, Magnesium Hydroxide 250mg and Activated Dimethicone 50mg Tablets",tablet,250mg; 50mg,6.00,true,false,PMBJP,10's,3,dried aluminium hydroxide|magnesium hydroxide|activated dimethicone,ok,true
PMBJP-191,Famotidine Tablets IP 20 mg,tablet,20 mg,3.00,false,false,PMBJP,14's,1,famotidine,ok,true
PMBJP-192,Famotidine Tablets IP 40 mg,tablet,40 mg,484.00,false,false,PMBJP,14's,1,famotidine,ok,true
PMBJP-193,Furazolidone Tablets IP 100 mg,tablet,100 mg,1.00,false,false,PMBJP,10's,1,furazolidone,ok,true
PMBJP-194,Hyoscine Butylbromide Tablets IP 10 mg,tablet,10 mg,176.00,false,false,PMBJP,10's,1,scopolamine butylbromide,ok,true
PMBJP-196,Lactic Acid Bacillus Tablets 60 Million spores,tablet,,77.00,false,false,PMBJP,10's,1,lactic acid bacillus,ok,true
PMBJP-197,Lactulose Solution 10g per 15ml,solution,10g; 15ml,57.00,false,false,PMBJP,100 ml,1,lactulose,ok,true
PMBJP-198,"Dried Aluminium Hydroxide 250mg, Magnesium Hydroxide 250mg and Activated Dimethicone 50mg per 5ml Suspension",oral suspension,250mg; 50mg; 5ml,32.00,true,false,PMBJP,170 ml,3,dried aluminium hydroxide|magnesium hydroxide|activated dimethicone,ok,true
PMBJP-199,Metoclopramide Tablets IP 10 mg,tablet,10 mg,8.00,false,false,PMBJP,10's,1,metoclopramide,ok,true
PMBJP-200,Metoclopramide Injection IP 5mg per ml,injection,5mg,3.00,false,false,PMBJP,2ml Ampoule,1,metoclopramide,ok,true
PMBJP-201,Metronidazole Tablets IP 200mg,tablet,200mg,44.00,false,false,PMBJP,10's,1,metronidazole,ok,true
PMBJP-202,Metronidazole Tablets IP 400mg,tablet,400mg,7.00,false,false,PMBJP,10's,1,metronidazole,ok,true
PMBJP-203,Misoprostol Tablets IP 200 mcg,tablet,200 mcg,20.00,false,false,PMBJP,4's,1,misoprostol,ok,true
PMBJP-206,Omeprazole 20mg and Domperidone 10mg Capsules IP,capsule,20mg; 10mg,11.00,true,false,PMBJP,10's,2,omeprazole|domperidone,ok,true
PMBJP-207,Omeprazole Gastro-resistant Capsules IP 20 mg,capsule,20 mg,99.00,false,false,PMBJP,10's,1,omeprazole,ok,true
PMBJP-208,Ondansetron Injection IP 2mg per ml,injection,2mg,44.00,false,false,PMBJP,2 ml,1,ondansetron,ok,true
PMBJP-209,Ondansetron Tablets IP 4 mg,tablet,4 mg,66.00,false,false,PMBJP,10's,1,ondansetron,ok,true
PMBJP-210,Ornidazole Tablets IP 500mg,tablet,500mg,25.00,false,false,PMBJP,10's,1,ornidazole,ok,true
PMBJP-212,Pantoprazole Gastro Resistant Tablets IP 40 mg,gastro-resistant tablet,40 mg,121.00,false,false,PMBJP,10's,1,pantoprazole,ok,true
PMBJP-213,Pantoprazole Injection 40mg,injection,40mg,231.00,false,false,PMBJP,Vial,1,pantoprazole,ok,true
PMBJP-214,Rabeprazole 20mg (Enteric Coated) and Domperidone 30mg (Sustained Release) Capsules,capsule,20mg; 30mg,18.00,true,false,PMBJP,10's,2,rabeprazole|domperidone,ok,true
PMBJP-215,Rabeprazole Gastro Resistant Tablets IP 20 mg,gastro-resistant tablet,20 mg,88.00,false,false,PMBJP,10's,1,rabeprazole,ok,true
PMBJP-216,Ranitidine Injection IP 25 mg per ml,injection,25 mg,4.00,false,false,PMBJP,2 ml,1,ranitidine,ok,true
PMBJP-217,Ranitidine Tablets IP 150 mg,tablet,150 mg,6.00,false,false,PMBJP,10's,1,ranitidine,ok,true
PMBJP-218,Ranitidine Tablets IP 300 mg,tablet,300 mg,13.00,false,false,PMBJP,10's,1,ranitidine,ok,true
PMBJP-220,Calcium 500mg and Vitamin D3 250IU Tablets IP,tablet,500mg; 250IU,77.00,true,false,PMBJP,10's,2,calcium|vitamin d,ok,true
PMBJP-223,"Pyridoxine Hydrochloride 10mg, Doxylamine 10mg and Folic Acid 2.5mg Tablets",tablet,10mg; 2.5mg,35.00,true,false,PMBJP,30's,3,pyridoxine|doxylamine|folic acid,ok,true
PMBJP-224,Folic Acid Tablets IP 5 mg,tablet,5 mg,44.00,false,false,PMBJP,15's,1,folic acid,ok,true
PMBJP-225,Syrup of Iron and Folic Acid in a flavoured Base,syrup,,352.00,true,false,PMBJP,200 ml,2,iron|folic acid a,ok,true
PMBJP-227,Polyvitamin Tablets NFI (Prophylactic),tablet,,7.00,false,false,PMBJP,10's,1,polyvitamin nfi,ok,true
PMBJP-230,Vitamin B-Complex fort Zinc Capsule,capsule,,99.00,false,false,PMBJP,10's,1,vitamin b-complex fort zinc,residue,true
PMBJP-231,"Vitamin B-Complex Tablets (B1 10mg, B2 10mg, B3 45mg, B5 50mg, B6 3mg, B12 15mcg)",tablet,10mg; 45mg; 50mg; 3mg; 15mcg,16.00,false,false,PMBJP,10's,1,vitamin b-complex,residue,true
PMBJP-232,Vitamin B-Complex Syrup,syrup,,42.00,false,false,PMBJP,200 ml,1,vitamin b-complex,residue,true
PMBJP-235,Budesonide Nebuliser Suspension 1mg per 2ml,oral suspension,1mg; 2ml,132.00,false,false,PMBJP,2 ml,1,budesonide,ok,true
PMBJP-236,Budesonide Inhalation IP 100mcg,inhaler,100mcg,123.00,false,false,PMBJP,200 MDI,1,budesonide,ok,true
PMBJP-238,Budesonide Inhalation IP 200mcg,inhaler,200mcg,160.00,false,false,PMBJP,200 md,1,budesonide,ok,true
PMBJP-239,Cetirizine Syrup IP 5 mg per 5 ml,syrup,5 mg; 5 ml,13.00,false,false,PMBJP,60 ml,1,cetirizine,ok,true
PMBJP-240,Cetrizine Hydrochloride Tablets IP 10mg,tablet,10mg,55.00,false,false,PMBJP,10's,1,cetirizine,ok,true
PMBJP-245,Etophyllin 77mg and Theophylline 23mg Tablets,tablet,77mg; 23mg,5.00,true,false,PMBJP,10's,2,etophyllin|theophylline,ok,true
PMBJP-246,Fexofenadine Hydrochloride Tablets IP 120mg,tablet,120mg,24.00,false,false,PMBJP,10's,1,fexofenadine,ok,true
PMBJP-247,Fexofenadine Tablets IP 180 mg,tablet,180 mg,374.00,false,false,PMBJP,10's,1,fexofenadine,ok,true
PMBJP-248,Levocetrizine Tablets IP 5 mg,tablet,5 mg,77.00,false,false,PMBJP,10's,1,levocetrizine,ok,true
PMBJP-250,Montelukast Sodium Tablets IP 5mg,tablet,5mg,15.00,false,false,PMBJP,10's,1,montelukast,ok,true
PMBJP-251,Montelukast Sodium Tablets IP 10mg,tablet,10mg,198.00,false,false,PMBJP,10's,1,montelukast,ok,true
PMBJP-252,Montelukast Sodium 10mg and Levocetirizine 5mg Tablets IP,tablet,10mg; 5mg,20.00,true,false,PMBJP,10's,2,montelukast|levocetirizine,ok,true
PMBJP-253,Pheniramine Maleate Tablets IP 25 mg,tablet,25 mg,5.00,false,false,PMBJP,15's,1,pheniramine,ok,true
PMBJP-254,Promethazine Syrup IP 5mg per 5ml,syrup,5mg; 5ml,14.00,false,false,PMBJP,100 ml,1,promethazine,ok,true
PMBJP-255,Salbutamol Inhalation IP 100mcg,inhaler,100mcg,50.00,false,false,PMBJP,200 md,1,albuterol,ok,true
PMBJP-256,Salbutamol Tablets IP 2mg,tablet,2mg,1.00,false,false,PMBJP,10's,1,albuterol,ok,true
PMBJP-259,Salbutamol Syrup IP 2mg per 5ml,syrup,2mg; 5ml,11.00,false,false,PMBJP,100 ml,1,albuterol,ok,true
PMBJP-260,Salbutamol Tablets IP 4 mg,tablet,4 mg,2.00,false,false,PMBJP,10's,1,albuterol,ok,true
PMBJP-261,Adenosine Injection IP 6 mg per 2ml,injection,6 mg; 2ml,105.00,false,false,PMBJP,2 ml,1,adenosine,ok,true
PMBJP-263,Amlodipine 5mg and Atenolol 50mg Tablets IP,tablet,5mg; 50mg,7.00,true,false,PMBJP,10's,2,amlodipine|atenolol,ok,true
PMBJP-264,Amlodipine Tablets IP 5mg,tablet,5mg,55.00,false,false,PMBJP,10's,1,amlodipine,ok,true
PMBJP-265,Atenolol Tablets IP 50 mg,tablet,50 mg,66.00,false,false,PMBJP,14's,1,atenolol,ok,true
PMBJP-266,Atorvastatin Tablets IP 10mg,tablet,10mg,88.00,false,false,PMBJP,10's,1,atorvastatin,ok,true
PMBJP-267,Atorvastatin Tablets IP 20mg,tablet,20mg,121.00,false,false,PMBJP,10's,1,atorvastatin,ok,true
PMBJP-268,Clonidine Tablets IP 100 mcg,tablet,100 mcg,11.00,false,false,PMBJP,10's,1,clonidine,ok,true
PMBJP-269,Clopidogrel Tablets IP 75mg,tablet,75mg,187.00,false,false,PMBJP,10's,1,clopidogrel,ok,true
PMBJP-270,Clopidogrel 75mg and Aspirin 75mg Tablets IP,tablet,75mg,21.00,true,false,PMBJP,10's,2,clopidogrel|acetylsalicylic acid,ok,true
PMBJP-271,Diltiazem Tablets IP 30 mg,tablet,30 mg,121.00,false,false,PMBJP,10's,1,diltiazem,ok,true
PMBJP-272,Diltiazem Tablets IP 60 mg,tablet,60 mg,17.00,false,false,PMBJP,10's,1,diltiazem,ok,true
PMBJP-273,Dobutamine Injection IP 250mg per 20ml (for Intravenous Infusion),injection,250mg; 20ml,38.00,false,false,PMBJP,Vial,1,dobutamine,ok,true
PMBJP-274,Dopamine Hydrochloride Injection IP 200 mg per 5ml,injection,200 mg; 5ml,15.00,false,false,PMBJP,5 ml,1,dopamine,ok,true
PMBJP-275,Enalapril Tablets IP 5 mg,tablet,5 mg,55.00,false,false,PMBJP,10's,1,enalapril,ok,true
PMBJP-276,Enoxaparin Injection IP 40 mg per 0.4 ml,injection,40 mg; 0.4 ml,187.00,false,false,PMBJP,0.4 ml,1,enoxaparin,ok,true
PMBJP-277,Enoxaparin Injection IP 60 mg per 0.6 ml,injection,60 mg; 0.6 ml,2178.00,false,false,PMBJP,0.6 ml,1,enoxaparin,ok,true
PMBJP-278,Frusemide Injection IP 10 mg per ml,injection,10 mg,3.00,false,false,PMBJP,2 ml,1,furosemide,ok,true
PMBJP-279,Frusemide Tablets IP 40 mg,tablet,40 mg,5.00,false,false,PMBJP,10's,1,furosemide,ok,true
PMBJP-280,Heparin Sodium Injection IP 5000 IU,injection,5000 IU,429.00,false,false,PMBJP,5 ml,1,heparin,ok,true
PMBJP-281,Heparin Sodium Injection IP 25000 IU,injection,25000 IU,200.00,false,false,PMBJP,5 ml,1,heparin,ok,true
PMBJP-283,Isosorbide Dinitrate Tablets IP 10mg,tablet,10mg,21.00,false,false,PMBJP,50's,1,isosorbide dinitrate,ok,true
PMBJP-285,Amlodipine 5mg and Lisinopril 5mg Tablets IP,tablet,5mg,16.00,true,false,PMBJP,15's,2,amlodipine|lisinopril,ok,true
PMBJP-286,Lisinopril Tablets IP 5mg,tablet,5mg,10.00,false,false,PMBJP,10's,1,lisinopril,ok,true
PMBJP-287,Losartan Potassium 50mg and Hydrochlorothiazide 12.5mg Tabelts IP,,50mg; 12.5mg,132.00,true,false,PMBJP,10's,2,losartan|hydrochlorothiazide tabelts,ok,true
PMBJP-288,Losartan Tablets IP 25mg,tablet,25mg,77.00,false,false,PMBJP,10's,1,losartan,ok,true
PMBJP-289,Losartan Tablets IP 50mg,tablet,50mg,121.00,false,false,PMBJP,10's,1,losartan,ok,true
PMBJP-290,Metoprolol Tablets IP 25 mg,tablet,25 mg,66.00,false,false,PMBJP,10's,1,metoprolol,ok,true
PMBJP-291,Metoprolol Extended release Tablets IP 50mg,extended release tablet,50mg,99.00,false,false,PMBJP,10's,1,metoprolol,ok,true
PMBJP-293,Ramipril Tablets IP 2.5 mg,tablet,2.5 mg,77.00,false,false,PMBJP,10's,1,ramipril,ok,true
PMBJP-294,Ramipril Tablets IP 5 mg,tablet,5 mg,10.00,false,false,PMBJP,10's,1,ramipril,ok,true
PMBJP-295,Simvastatin Tablets IP 10mg,tablet,10mg,11.00,false,false,PMBJP,10's,1,simvastatin,ok,true
PMBJP-296,Simvastatin Tablets IP 20mg,tablet,20mg,16.00,false,false,PMBJP,10's,1,simvastatin,ok,true
PMBJP-298,Telmisartan 40mg and Hydrochlorothiazide 12.5mg Tablets IP,tablet,40mg; 12.5mg,17.00,true,false,PMBJP,10's,2,telmisartan|hydrochlorothiazide,ok,true
PMBJP-299,Telmisartan Tablets IP 20mg,tablet,20mg,11.00,false,false,PMBJP,10's,1,telmisartan,ok,true
PMBJP-300,Telmisartan Tablets IP 40mg,tablet,40mg,12.00,false,false,PMBJP,10's,1,telmisartan,ok,true
PMBJP-301,Tranexamic Acid Tablets IP 500 mg,tablet,500 mg,74.00,false,false,PMBJP,10's,1,tranexamic acid,ok,true
PMBJP-302,Tranexamic Acid Injection IP 500 mg (100mg per ml),injection,500 mg; 100mg,24.00,false,false,PMBJP,5 ml Amp.,1,tranexamic acid,ok,true
PMBJP-304,α-β Arteether Injection 150 mg,injection,150 mg,19.00,false,false,PMBJP,2 ml Ampoule,1,arteether,ok,true
PMBJP-305,Chloroquine Phosphate Tablets IP 250 mg,tablet,250 mg,5.00,false,false,PMBJP,10's,1,chloroquine,ok,true
PMBJP-311,Disodium Hydrogen Citrate Syrup (Alkalyser) 1.4 gm per 5 ml,syrup,1.4 gm; 5 ml,22.00,false,false,PMBJP,100 ml,1,disodium hydrogen,ok,true
PMBJP-312,Oral Rehydration Salts IP 20.5g Sachet (WHO Formula),powder,20.5g,10.00,false,true,PMBJP,1's,1,rehydration salts,non_drug,true
PMBJP-313,Alprazolam Tablets IP 0.25 mg,tablet,0.25 mg,44.00,false,false,PMBJP,10's,1,alprazolam,ok,true
PMBJP-314,Alprazolam Tablets IP 0.5 mg,tablet,0.5 mg,77.00,false,false,PMBJP,10's,1,alprazolam,ok,true
PMBJP-316,Betahistine Tablets IP 8 mg,tablet,8 mg,88.00,false,false,PMBJP,10's,1,betahistine,ok,true
PMBJP-317,Carbamazepine Tablets IP 100 mg,tablet,100 mg,8.00,false,false,PMBJP,10's,1,carbamazepine,ok,true
PMBJP-319,Clonazepam Tablets IP 0.5 mg,tablet,0.5 mg,55.00,false,false,PMBJP,10's,1,clonazepam,ok,true
PMBJP-320,Diazepam Tablets IP 5 mg,tablet,5 mg,6.00,false,false,PMBJP,10's,1,diazepam,ok,true
PMBJP-321,Escitalopram Tablets IP 10 mg,tablet,10 mg,10.00,false,false,PMBJP,10's,1,escitalopram,ok,true
PMBJP-322,Escitalopram Tablets IP 20 mg,tablet,20 mg,20.00,false,false,PMBJP,10's,1,escitalopram,ok,true
PMBJP-323,Flunarizine Tablets IP 10 mg,tablet,10 mg,8.00,false,false,PMBJP,10's,1,flunarizine,ok,true
PMBJP-324,Flunarizine Tablets IP 5 mg,tablet,5 mg,7.00,false,false,PMBJP,10's,1,flunarizine,ok,true
PMBJP-325,Fluoxetine Hydrochloride Capsules IP 20mg,capsule,20mg,88.00,false,false,PMBJP,10's,1,fluoxetine,ok,true
PMBJP-326,Methyl Ergometrine Tablets IP 0.125 mg,tablet,0.125 mg,11.00,false,false,PMBJP,10's,1,methyl ergometrine,ok,true
PMBJP-327,Phenytoin Tablets IP 100 mg,tablet,100 mg,55.00,false,false,PMBJP,100's in Bottle,1,phenytoin,ok,true
PMBJP-328,Prochlorperazine Tablets IP 5 mg,tablet,5 mg,6.00,false,false,PMBJP,10's,1,prochlorperazine,ok,true
PMBJP-329,Prednisolone Tablets IP 5 mg,tablet,5 mg,8.00,false,false,PMBJP,15's,1,prednisolone,ok,true
PMBJP-330,Prednisolone Tablets IP 10 mg,tablet,10 mg,9.00,false,false,PMBJP,10's,1,prednisolone,ok,true
PMBJP-332,Thyroxine Sodium Tablets IP 100 mcg,tablet,100 mcg,682.00,false,false,PMBJP,100's,1,levothyroxine,ok,true
PMBJP-333,Dexamethasone Tablets IP 0.5 mg,tablet,0.5 mg,2.00,false,false,PMBJP,10's,1,dexamethasone,ok,true
PMBJP-334,Dexamethasone Injection IP 4mg per ml,injection,4mg,6.00,false,false,PMBJP,2 ml,1,dexamethasone,ok,true
PMBJP-336,Allopurinol Tablets IP 100 mg,tablet,100 mg,11.00,false,false,PMBJP,10's,1,allopurinol,ok,true
PMBJP-337,Clomiphene Citrate Tablets IP 50mg,tablet,50mg,22.00,false,false,PMBJP,10's,1,clomifene,ok,true
PMBJP-338,Atropine Sulphate Injection IP 0.6mg per ml,injection,0.6mg,2.00,false,false,PMBJP,1 ml,1,atropine,ok,true
PMBJP-341,Carboxymethylcellulose Sodium Eye Drops IP 0.5% w/v,eye drops,0.5% w/v,264.00,false,false,PMBJP,10 ml,1,carmellose,ok,true
PMBJP-344,Ciprofloxacin Eye Drops IP 0.3% w/v,eye drops,0.3% w/v,7.00,false,false,PMBJP,5 ml,1,ciprofloxacin,ok,true
PMBJP-345,Gentamicin Eye Drops IP 0.3% w/v,eye drops,0.3% w/v,6.00,false,false,PMBJP,10 ml,1,gentamicin,ok,true
PMBJP-351,Xylometazoline Nasal Drops IP 0.1%w/v,nasal drops,0.1%w/v,132.00,false,false,PMBJP,10 ml,1,xylometazoline,ok,true
PMBJP-352,Bupivacaine Hydrochloride Injection IP 5 mg per ml,injection,5 mg,39.00,false,false,PMBJP,20 ml,1,bupivacaine,ok,true
PMBJP-356,Lignocaine Injection IP 2% w/v,injection,2% w/v,17.00,false,false,PMBJP,30 ml Vial,1,lidocaine,ok,true
PMBJP-357,Lignocaine and Adrenaline Injection IP (2%w/v and 1:80000),injection,2%w/v,22.00,true,false,PMBJP,30 ml Vial,2,lidocaine|epinephrine,ok,true
PMBJP-358,Propofol Injection IP 10 mg per ml,injection,10 mg,39.00,false,false,PMBJP,10 ml Vial,1,propofol,ok,true
PMBJP-359,Tetanus Vaccine IP,,,65.00,false,false,PMBJP,0.5 ml Ampoule,1,tetanus vaccine,ok,true
PMBJP-360,Mifepristone Tablets IP 200 mg,tablet,200 mg,67.00,false,false,PMBJP,1's,1,mifepristone,ok,true
PMBJP-362,Biphasic Isophane Insulin Injection IP (50:50) 40 IU per ml,injection,40 IU,88.00,false,false,PMBJP,10 ML VIAL,1,biphasic isophane insulin,residue,true
PMBJP-363,Insulin Glargine Injection IP 100 IU per ml,injection,100 IU,340.00,false,false,PMBJP,Cartridge 3 ml,1,insulin glargine,residue,true
PMBJP-366,Glipizide 5mg and Metformin Hydrochloride 500mg Tablets,tablet,5mg; 500mg,9.00,true,false,PMBJP,10's,2,glipizide|metformin,ok,true
PMBJP-367,Voglibose Tablets IP 0.3 mg,tablet,0.3 mg,154.00,false,false,PMBJP,10's,1,voglibose,ok,true
PMBJP-368,Gliclazide Extended release Tablets 60 mg,extended release tablet,60 mg,44.00,false,false,PMBJP,10's,1,gliclazide,ok,true
PMBJP-369,Acarbose Tablets IP 50 mg,tablet,50 mg,62.00,false,false,PMBJP,10's,1,acarbose,ok,true
PMBJP-371,Voglibose Tablets IP 0.2 mg,tablet,0.2 mg,121.00,false,false,PMBJP,10's,1,voglibose,ok,true
PMBJP-372,Metformin Hydrochloride Prolonged release Tablets IP 500 mg,extended release tablet,500 mg,11.00,false,false,PMBJP,10's,1,metformin,ok,true
PMBJP-373,Artesunate Injection IP 60 mg,injection,60 mg,23.00,false,false,PMBJP,1 vial,1,artesunate,ok,true
PMBJP-375,Quinine Sulphate Tablets IP 300 mg,tablet,300 mg,31.00,false,false,PMBJP,10's,1,quinine,ok,true
PMBJP-376,Imipenem 500mg and Cilastatin 500mg Injection IP,injection,500mg,330.00,true,false,PMBJP,Vial & Wfi,2,imipenem|cilastatin,ok,true
PMBJP-377,Clindamycin Capsules IP 300 mg,capsule,300 mg,90.00,false,false,PMBJP,10's,1,clindamycin,ok,true
PMBJP-380,Clarithromycin Tablets IP 500 mg,tablet,500 mg,72.00,false,false,PMBJP,4's,1,clarithromycin,ok,true
PMBJP-381,Cefixime 200mg and Ofloxacin 200mg Tablets,tablet,200mg,506.00,true,false,PMBJP,10's,2,cefixime|ofloxacin,ok,true
PMBJP-382,Linezolid Tablets IP 600 mg,tablet,600 mg,165.00,false,false,PMBJP,10's,1,linezolid,ok,true
PMBJP-383,Cefpodoxime 200mg and Potassium Clavulanate 125mg Tablets,tablet,200mg; 125mg,72.00,true,false,PMBJP,6's,2,cefpodoxime|clavulanate,ok,true
PMBJP-384,Itraconazole Capsules 100 mg,capsule,100 mg,242.00,false,false,PMBJP,4's,1,itraconazole,ok,true
PMBJP-385,Cefixime 200mg and Potassium Clavulanate 125mg Tablets,tablet,200mg; 125mg,128.00,true,false,PMBJP,10's,2,cefixime|clavulanate,ok,true
PMBJP-386,Diethylcarbamazine Tablets IP 50 mg,tablet,50 mg,9.00,false,false,PMBJP,30's,1,diethylcarbamazine,ok,true
PMBJP-387,Terbinafine Tablets IP 250mg,tablet,250mg,41.00,false,false,PMBJP,7's,1,terbinafine,ok,true
PMBJP-391,Moxifloxacin Tablets 400 mg,tablet,400 mg,66.00,false,false,PMBJP,5's,1,moxifloxacin,ok,true
PMBJP-392,Griseofulvin Tablets IP 250 mg,tablet,250 mg,16.00,false,false,PMBJP,10's,1,griseofulvin,ok,true
PMBJP-393,Aciclovir Dispersible Tablets IP 800 mg,dispersible tablet,800 mg,44.00,false,false,PMBJP,5's,1,acyclovir,ok,true
PMBJP-395,Cefuroxime Axetil 500mg and Potassium Clavulanate 125mg Tablets IP,tablet,500mg; 125mg,109.00,true,false,PMBJP,6's,2,cefuroxime|clavulanate,ok,true
PMBJP-396,Liposomal Amphotericin B Injection 50 mg per Vial,injection,50 mg,2700.00,false,false,PMBJP,20 ml,1,liposomal amphotericin b,ok,true
PMBJP-400,Ketoconazole Tablets IP 200 mg,tablet,200 mg,28.00,false,false,PMBJP,10's,1,ketoconazole,ok,true
PMBJP-401,Amoxycillin 250mg and Potassium Clavulanate 125mg Tablets IP,tablet,250mg; 125mg,47.00,true,false,PMBJP,6's,2,amoxicillin|clavulanate,ok,true
PMBJP-402,Amoxycillin 875mg and Potassium Clavulanate 125mg Tablets IP,tablet,875mg; 125mg,77.00,true,false,PMBJP,6's,2,amoxicillin|clavulanate,ok,true
PMBJP-403,Clindamycin Injection IP 300mg per 2ml,injection,300mg; 2ml,55.00,false,false,PMBJP,2 ML,1,clindamycin,ok,true
PMBJP-404,Linezolid Infusion 600mg per 300ml,injection,600mg; 300ml,121.00,false,false,PMBJP,300 ml,1,linezolid,ok,true
PMBJP-405,Ofloxacin Infusion IP 200 mg per 100 ml,injection,200 mg; 100 ml,33.00,false,false,PMBJP,100 ml,1,ofloxacin,ok,true
PMBJP-407,Ivermectin Dispersible Tablets 12 mg,dispersible tablet,12 mg,231.00,false,false,PMBJP,10's,1,ivermectin,ok,true
PMBJP-410,Trastuzumab Injection 440 mg With Wfi,injection,440 mg,15000.00,false,false,PMBJP,1's,1,trastuzumab wfi,ok,true
PMBJP-412,Azathioprine Tablets IP 50 mg,tablet,50 mg,45.00,false,false,PMBJP,10's,1,azathioprine,ok,true
PMBJP-413,Methotrexate Tablets IP 7.5 mg,tablet,7.5 mg,25.00,false,false,PMBJP,10's,1,methotrexate,ok,true
PMBJP-414,Tranexamic Acid 500mg and Mefenamic Acid 250mg Tablets,tablet,500mg; 250mg,82.00,true,false,PMBJP,10's,2,tranexamic acid|mefenamic acid,ok,true
PMBJP-416,Prazosin Tablets IP 5 mg,tablet,5 mg,308.00,false,false,PMBJP,15's,1,prazosin,ok,true
PMBJP-417,Telmisartan 40mg and Amlodipine 5mg Tablets IP,tablet,40mg; 5mg,242.00,true,false,PMBJP,15's,2,telmisartan|amlodipine,ok,true
PMBJP-418,Rosuvastatin Tablets IP 20 mg,tablet,20 mg,286.00,false,false,PMBJP,10's,1,rosuvastatin,ok,true
PMBJP-419,Heparin Sodium 50IU and Benzyl Nicotinate 2mg Ointment,ointment,50IU; 2mg,40.00,true,false,PMBJP,20 gm,2,heparin|benzyl,ok,true
PMBJP-420,Atorvastatin 10mg and Clopidogrel 75mg Capsules,capsule,10mg; 75mg,385.00,true,false,PMBJP,10's,2,atorvastatin|clopidogrel,ok,true
PMBJP-421,Nebivolol Tablets IP 5 mg,tablet,5 mg,25.00,false,false,PMBJP,10's,1,nebivolol,ok,true
PMBJP-422,Torasemide Tablets IP 10mg,tablet,10mg,17.00,false,false,PMBJP,15's,1,torasemide,ok,true
PMBJP-423,Bisoprolol Tablets 5 mg,tablet,5 mg,15.00,false,false,PMBJP,10's,1,bisoprolol,ok,true
PMBJP-424,Carvedilol Tablets IP 3.125 mg,tablet,3.125 mg,77.00,false,false,PMBJP,10's,1,carvedilol,ok,true
PMBJP-425,Diltiazem Sustained Release Tablets 90 mg,extended release tablet,90 mg,363.00,false,false,PMBJP,10's,1,diltiazem,ok,true
PMBJP-426,Acenocoumarol Tablets IP 2 mg,tablet,2 mg,36.00,false,false,PMBJP,30's,1,acenocoumarol,ok,true
PMBJP-427,S(-)Amlodipine Tablets IP 2.5 mg,tablet,2.5 mg,121.00,false,false,PMBJP,10's,1,s amlodipine,ok,true
PMBJP-428,Digoxin Tablets IP 0.25 mg,tablet,0.25 mg,9.00,false,false,PMBJP,10's,1,digoxin,ok,true
PMBJP-429,Atorvastatin 10mg and Fenofibrate 160mg Tablets IP,tablet,10mg; 160mg,30.00,true,false,PMBJP,15's,2,atorvastatin|fenofibrate,ok,true
PMBJP-430,Amiodarone Tablets IP 200 mg,tablet,200 mg,59.00,false,false,PMBJP,10's,1,amiodarone,ok,true
PMBJP-431,Ramipril 5mg and Hydrochlorothiazide 12.5mg Tablets IP,tablet,5mg; 12.5mg,14.00,true,false,PMBJP,10's,2,ramipril|hydrochlorothiazide,ok,true
PMBJP-432,Olmesartan Medoxomil Tablets IP 40 mg,tablet,40 mg,363.00,false,false,PMBJP,10's,1,olmesartan,ok,true
PMBJP-433,Isosorbide Mononitrate Sustained Release Tablets 30 mg,extended release tablet,30 mg,70.00,false,false,PMBJP,30's,1,isosorbide mononitrate,ok,true
PMBJP-434,Propranolol Tablets IP 40 mg,tablet,40 mg,66.00,false,false,PMBJP,10's,1,propranolol,ok,true
PMBJP-435,Rosuvastatin 10mg and Fenofibrate 160mg Tablets IP,tablet,10mg; 160mg,341.00,true,false,PMBJP,10's,2,rosuvastatin|fenofibrate,ok,true
PMBJP-436,Telmisartan 40mg and Chlorthalidone 12.5mg Tablets,tablet,40mg; 12.5mg,22.00,true,false,PMBJP,10's,2,telmisartan|chlorthalidone,ok,true
PMBJP-437,Nifedipine Prolonged release Tablets IP 20mg,extended release tablet,20mg,9.00,false,false,PMBJP,10's,1,nifedipine,ok,true
PMBJP-438,Indapamide Tablets IP 1.5 mg,tablet,1.5 mg,26.00,false,false,PMBJP,10's,1,indapamide,ok,true
PMBJP-439,Olmesartan Medoxomil 40mg and Hydrochlorothiazide 12.5mg Tablets IP,tablet,40mg; 12.5mg,30.00,true,false,PMBJP,10's,2,olmesartan|hydrochlorothiazide,ok,true
PMBJP-440,Metoprolol 50mg (Prolonged release) and Amlodipine Besilate 5mg Tablets IP,tablet,50mg; 5mg,11.00,true,false,PMBJP,7's,2,metoprolol|amlodipine,ok,true
PMBJP-441,Losartan 50mg and Amlodipine 5mg Tablets IP,tablet,50mg; 5mg,22.00,true,false,PMBJP,10's,2,losartan|amlodipine,ok,true
PMBJP-442,Fenofibrate Tablets IP 160 mg,tablet,160 mg,297.00,false,false,PMBJP,10's,1,fenofibrate,ok,true
PMBJP-443,Isosorbide Dinitrate Tablets IP 5 mg,tablet,5 mg,20.00,false,false,PMBJP,50's,1,isosorbide dinitrate,ok,true
PMBJP-444,Enalapril 10mg and Hydrochlorothiazide 25mg Tablets IP,tablet,10mg; 25mg,60.00,true,false,PMBJP,30's,2,enalapril|hydrochlorothiazide,ok,true
PMBJP-445,Olmesartan 20mg and Amlodipine 5mg Tablets,tablet,20mg; 5mg,25.00,true,false,PMBJP,10's,2,olmesartan|amlodipine,ok,true
PMBJP-446,Amlodipine 5mg and Hydrochlorothiazide 12.5mg Tablets,tablet,5mg; 12.5mg,165.00,true,false,PMBJP,10's,2,amlodipine|hydrochlorothiazide,ok,true
PMBJP-447,Moxonidine Tablets 0.3 mg,tablet,0.3 mg,47.00,false,false,PMBJP,10's,1,moxonidine,ok,true
PMBJP-448,Ramipril 5mg and Amlodipine 5mg Tablets,tablet,5mg,25.00,true,false,PMBJP,10's,2,ramipril|amlodipine,ok,true
PMBJP-449,Spironolactone Tablets IP 25 mg,tablet,25 mg,22.00,false,false,PMBJP,15's,1,spironolactone,ok,true
PMBJP-450,Labetalol Hydrochloride Tablets IP 100mg,tablet,100mg,45.00,false,false,PMBJP,10's,1,labetalol,ok,true
PMBJP-451,"Streptokinase Injection IP 15,00,000 IU",injection,000 IU,995.00,false,false,PMBJP,10 ml & wfi,1,streptokinase,ok,true
PMBJP-452,Warfarin Tablets IP 5 mg,tablet,5 mg,18.00,false,false,PMBJP,10's,1,warfarin,ok,true
PMBJP-453,Bisoprolol 5mg and Hydrochlorothiazide 6.25mg Tablets IP,tablet,5mg; 6.25mg,165.00,true,false,PMBJP,10's,2,bisoprolol|hydrochlorothiazide,ok,true
PMBJP-454,Valsartan Tablets IP 80 mg,tablet,80 mg,363.00,false,false,PMBJP,10's,1,valsartan,ok,true
PMBJP-455,Verapamil Tablets IP 80 mg,tablet,80 mg,14.00,false,false,PMBJP,10's,1,verapamil,ok,true
PMBJP-456,Atorvastatin Tablets IP 40 mg,tablet,40 mg,22.00,false,false,PMBJP,10's,1,atorvastatin,ok,true
PMBJP-457,Torsemide Tablets IP 20 mg,tablet,20 mg,198.00,false,false,PMBJP,10's,1,torsemide,ok,true
PMBJP-458,Labetalol Injection IP 5 mg per ml,injection,5 mg,59.00,false,false,PMBJP,4 ml Ampoule,1,labetalol,ok,true
PMBJP-459,"Hydroquinone 2%w/w, Mometasone 0.1%w/w and Tretinoin 0.025%w/w Cream",cream,2%w/w; 0.1%w/w; 0.025%w/w,264.00,true,false,PMBJP,20 gm,3,hydroquinone|mometasone|tretinoin,ok,true
PMBJP-461,Betamethasone Valerate 0.1%w/w and Neomycin Sulfate 0.5%w/w Cream,cream,0.1%w/w; 0.5%w/w,176.00,true,false,PMBJP,20 gm,2,betamethasone|neomycin,ok,true
PMBJP-462,Betamethasone Valerate 0.12%w/w and Clioquinol 3%w/w Cream,cream,0.12%w/w; 3%w/w,35.00,true,false,PMBJP,30 GM,2,betamethasone|clioquinol,ok,true
PMBJP-463,Mupirocin Ointment IP 2 % w/w,ointment,2 % w/w,50.00,false,false,PMBJP,5 gm,1,mupirocin,ok,true
PMBJP-465,Pantoprazole 40mg (Gastro-resistant) and Domperidone 30mg (Prolonged Release) Capsules IP,capsule,40mg; 30mg,22.00,true,false,PMBJP,10's,2,pantoprazole|domperidone,ok,true
PMBJP-466,Ursodeoxycholic Acid Tablets IP 300 mg,tablet,300 mg,1606.00,false,false,PMBJP,10's,1,ursodeoxycholic acid,ok,true
PMBJP-467,Dicyclomine Hydrochloride 10mg and Mefenamic Acid 250mg Tablets IP,tablet,10mg; 250mg,132.00,true,false,PMBJP,10's,2,dicycloverine|mefenamic acid,ok,true
PMBJP-468,Bacillus Clausii Spores Suspension 2 Billion per 5ml,oral suspension,5ml,15.00,false,false,PMBJP,5 ML,1,bacillus clausii,ok,true
PMBJP-471,"Oxetacaine, Aluminium Hydroxide and Magnesium Hydroxide Suspension",oral suspension,,46.00,true,false,PMBJP,200 ML,2,oxetacaine aluminium hydroxide|magnesium hydroxide,ok,true
PMBJP-472,Esomeprazole 40mg (Enteric-Coated) and Domperidone 30mg (Sustained Release) Capsules,capsule,40mg; 30mg,22.00,true,false,PMBJP,10's,2,esomeprazole|domperidone,ok,true
PMBJP-473,Pantoprazole 40mg (Enteric Coated) and Levosulpiride 75mg (Sustained Release) Capsules,capsule,40mg; 75mg,55.00,true,false,PMBJP,10's,2,pantoprazole|levosulpiride,ok,true
PMBJP-474,Doxylamine Succinate 10mg and Pyridoxine Hydrochloride 10mg Tablets,tablet,10mg,23.00,true,false,PMBJP,30's,2,doxylamine|pyridoxine,ok,true
PMBJP-475,Sucralfate Suspension 500mg per 5ml,oral suspension,500mg; 5ml,77.00,false,false,PMBJP,200 ml,1,sucralfate,ok,true
PMBJP-476,"Liquid Paraffin 1.25ml, Milk of Magnesia 3.75ml and Sodium Picosulphate 3.33mg Suspension per 5ml",oral suspension,1.25ml; 3.75ml; 3.33mg; 5ml,57.00,true,false,PMBJP,170 ml Bottle,3,paraffin|milk magnesia|sodium picosulphate,ok,true
PMBJP-477,Chlordiazepoxide 5mg and Clidinium Bromide 2.5mg Tablets,tablet,5mg; 2.5mg,9.00,true,false,PMBJP,10's,2,chlordiazepoxide|clidinium,ok,true
PMBJP-478,Sodium Picosulphate Tablets 10 mg,tablet,10 mg,11.00,false,false,PMBJP,10's,1,sodium picosulphate,ok,true
PMBJP-479,Sorbitol 7.15g and Tricholine Citrate 550mg per 10ml Solution,solution,7.15g; 550mg; 10ml,40.00,true,false,PMBJP,200 ML,2,sorbitol|tricholine,ok,true
PMBJP-480,Esomeprazole 40mg (Enteric-coated) and Levosulpiride 75mg (Sustained release) Capsules,capsule,40mg; 75mg,66.00,true,false,PMBJP,10's,2,esomeprazole|levosulpiride,ok,true
PMBJP-481,Rifaximin Tablets 400 mg,tablet,400 mg,200.00,false,false,PMBJP,10's,1,rifaximin,ok,true
PMBJP-482,Rabeprazole 20mg (Enteric Coated) and Levosulpiride 75mg (Sustained Release) Capsules,capsule,20mg; 75mg,36.00,true,false,PMBJP,10's,2,rabeprazole|levosulpiride,ok,true
PMBJP-483,Loperamide Capsules IP 2 mg,capsule,2 mg,77.00,false,false,PMBJP,10's,1,loperamide,ok,true
PMBJP-484,Esomeprazole Tablets IP 40 mg,tablet,40 mg,209.00,false,false,PMBJP,10's,1,esomeprazole,ok,true
PMBJP-485,Promethazine Tablets IP 25 mg,tablet,25 mg,7.00,false,false,PMBJP,10's,1,promethazine,ok,true
PMBJP-486,Pancreatin 170mg and Activated Dimethicone 80mg Tablets,tablet,170mg; 80mg,55.00,true,false,PMBJP,10's,2,pancreatin|activated dimethicone,ok,true
PMBJP-487,Dicyclomine Hydrochloride 10mg and Activated Dimethicone 40mg per 5 ml Suspension,oral suspension,10mg; 40mg; 5 ml,17.00,true,false,PMBJP,30 ML,2,dicycloverine|activated dimethicone,ok,true
PMBJP-488,Lansoprazole Capsules IP 15 mg,capsule,15 mg,20.00,false,false,PMBJP,10's,1,lansoprazole,ok,true
PMBJP-489,Sulfasalazine Gastro-resistant Tablets 1000mg,gastro-resistant tablet,1000mg,77.00,false,false,PMBJP,10's,1,sulfasalazine,ok,true
PMBJP-491,Itopride Tablets IP 50 mg,tablet,50 mg,36.00,false,false,PMBJP,10's,1,itopride,ok,true
PMBJP-492,Sulfasalazine Delayed Release Tablets 500mg,extended release tablet,500mg,26.00,false,false,PMBJP,10's,1,sulfasalazine,ok,true
PMBJP-495,"Ferric Ammonium Citrate 160mg, Cyanocobalamin 7.5mcg and Folic Acid 0.5mg Syrup per 15ml",syrup,160mg; 7.5mcg; 0.5mg; 15ml,35.00,true,false,PMBJP,200 ML,3,ferric ammonium|cyanocobalamin|folic acid,ok,true
PMBJP-496,Dydrogesterone Tablets IP 10 mg,tablet,10 mg,350.00,false,false,PMBJP,10's,1,dydrogesterone,ok,true
PMBJP-497,Combipack of Mifepristone Tablets IP 200mg (1 Tablet) & Misoprostol Tablets IP 200mcg (4 Tablets),tablet,200mg; 200mcg,74.00,true,false,PMBJP,1's,2,combipack mifepristone|misoprostol,ok,true
PMBJP-498,Ferrous Ascorbate 100mg and Folic Acid 1.5mg Tablets,tablet,100mg; 1.5mg,231.00,true,false,PMBJP,10's,2,ferrous|folic acid,ok,true
PMBJP-499,Norethisterone Tablets IP 5 mg,tablet,5 mg,14.00,false,false,PMBJP,10's,1,norethindrone,ok,true
PMBJP-500,Levo-Thyroxine Sodium Tablets IP 100 mcg,tablet,100 mcg,64.00,false,false,PMBJP,100's,1,levo-thyroxine,ok,true
PMBJP-501,Betamethasone Sodium Phosphate Tablets IP 0.5 mg,tablet,0.5 mg,8.00,false,false,PMBJP,20's,1,betamethasone,ok,true
PMBJP-502,Deflazacort Tablets 6 mg,tablet,6 mg,143.00,false,false,PMBJP,6's,1,deflazacort,ok,true
PMBJP-503,Methylprednisolone Sodium Succinate Injection 1000mg,injection,1000mg,317.00,false,false,PMBJP,Vial & Wfi,1,methylprednisolone,ok,true
PMBJP-504,Nandrolone Decanoate Injection IP 25 mg per ml,injection,25 mg,20.00,false,false,PMBJP,1 ML,1,nandrolone decanoate,ok,true
PMBJP-505,Carbimazole Tablets IP 10 mg,tablet,10 mg,77.00,false,false,PMBJP,100's,1,carbimazole,ok,true
PMBJP-506,Levo-Thyroxine Tablets IP 50 mcg,tablet,50 mcg,45.00,false,false,PMBJP,100's,1,levo-thyroxine,ok,true
PMBJP-507,Carbimazole Tablets IP 5 mg,tablet,5 mg,11.00,false,false,PMBJP,10's,1,carbimazole,ok,true
PMBJP-508,Levetiracetam Tablets IP 500 mg,tablet,500 mg,682.00,false,false,PMBJP,10's,1,levetiracetam,ok,true
PMBJP-509,Hydroxychloroquine Tablets IP 200 mg,tablet,200 mg,36.00,false,false,PMBJP,10's,1,hydroxychloroquine,ok,true
PMBJP-510,Paracetamol 325mg and Tramadol 37.5mg Tablets,tablet,325mg; 37.5mg,132.00,true,false,PMBJP,10's,2,acetaminophen|tramadol,ok,true
PMBJP-511,Paracetamol Tablets IP 650 mg,tablet,650 mg,15.00,false,false,PMBJP,15's,1,acetaminophen,ok,true
PMBJP-512,"Aceclofenac 100mg, Paracetamol 325mg and Serratiopeptidase 15mg Tablets",tablet,100mg; 325mg; 15mg,19.00,true,false,PMBJP,10's,3,aceclofenac|acetaminophen|serrapeptase,ok,true
PMBJP-513,Piroxicam Capsules IP 20 mg,capsule,20 mg,9.00,false,false,PMBJP,10's,1,piroxicam,ok,true
PMBJP-514,Chymotrypsin and Trypsin (1:6 ) Tablets 100K AU,tablet,,50.00,true,false,PMBJP,20's,2,chymotrypsin|trypsin k,ok,true
PMBJP-515,Mefenamic Acid Suspension 100mg per 5ml,oral suspension,100mg; 5ml,18.00,false,false,PMBJP,60 ml,1,mefenamic acid,ok,true
PMBJP-516,Aceclofenac Sustained Release Tablets 200mg,extended release tablet,200mg,20.00,false,false,PMBJP,10's,1,aceclofenac,ok,true
PMBJP-517,Thiocolchicoside 4mg and Aceclofenac 100mg Tablets,tablet,4mg; 100mg,50.00,true,false,PMBJP,10's,2,thiocolchicoside|aceclofenac,ok,true
PMBJP-518,Baclofen Tablets IP 10 mg,tablet,10 mg,11.00,false,false,PMBJP,10's,1,baclofen,ok,true
PMBJP-519,Ketorolac Tromethamine Tablets IP 10mg,tablet,10mg,10.00,false,false,PMBJP,10's,1,ketorolac tromethamine,ok,true
PMBJP-521,Tramadol Prolonged Release Tablets IP 100 mg,extended release tablet,100 mg,35.00,false,false,PMBJP,10's,1,tramadol,ok,true
PMBJP-522,Alfacalcidol Soft Gelatin Capsules 0.25 mcg,soft gelatin capsule,0.25 mcg,22.00,false,false,PMBJP,10's,1,alfacalcidol,ok,true
PMBJP-523,Naproxen Tablets IP 500 mg,tablet,500 mg,48.00,false,false,PMBJP,15's,1,naproxen,ok,true
PMBJP-525,"Diclofenac 1.16%w/w, Linceed Oil 3%w/w, Methyl Salicylate 10%w/w and Menthol 5%w/w Gel",gel,1.16%w/w; 3%w/w; 10%w/w; 5%w/w,24.00,true,false,PMBJP,30 GM,4,diclofenac|linceed oil|methyl|menthol,ok,true
PMBJP-528,"Paracetamol 325mg, Phenylephrine 10mg and Chlorpheniramine 2mg Tablets",tablet,325mg; 10mg; 2mg,22.00,true,false,PMBJP,10's,3,acetaminophen|phenylephrine|chlorpheniramine,ok,true
PMBJP-529,Levosalbutamol 1.25mg and Ipratropium 500mcg Respules,inhaler,1.25mg; 500mcg,9.00,true,false,PMBJP,3 ml,2,levosalbutamol|ipratropium,ok,true
PMBJP-530,Formoterol 6mcg and Budesonide 200mcg Rotacaps,inhaler,6mcg; 200mcg,85.00,true,false,PMBJP,30's,2,formoterol|budesonide,ok,true
PMBJP-532,Salmeterol 50mcg and Fluticasone 250mcg Rotacaps,inhaler,50mcg; 250mcg,120.00,true,false,PMBJP,30's,2,salmeterol|fluticasone,ok,true
PMBJP-534,Levo Salbutamol 200 mcg and Beclomethasone 200 mcg Respicaps,,200 mcg,0.00,true,false,PMBJP,30's in Mono pack,2,levo salbutamol|beclomethasone respicaps,ok,false
PMBJP-537,"Ambroxol Hydrochloride 15 mg, Guaifenesin 50 mg and Levosalbutamol Sulphate 1 mg Syrup",syrup,15 mg; 50 mg; 1 mg,23.00,true,false,PMBJP,100 ml Bottle,3,ambroxol|guaifenesin|levosalbutamol,ok,true
PMBJP-539,Acetylcysteine Tablets 600 mg,tablet,600 mg,32.00,false,false,PMBJP,10's,1,acetylcysteine,ok,true
PMBJP-540,Levosalbutamol 1.25mg and Budesonide 1mg Respules,inhaler,1.25mg; 1mg,275.00,true,false,PMBJP,2 ML,2,levosalbutamol|budesonide,ok,true
PMBJP-541,Acebrophylline Capsules 100 mg,capsule,100 mg,22.00,false,false,PMBJP,10's,1,acebrophylline,ok,true
PMBJP-542,Saline Nasal Drops (Sodium Chloride 0.65% w/v),nasal drops,0.65% w/v,12.00,false,false,PMBJP,20 ml,1,saline,ok,true
PMBJP-543,Menthol (55 mg ± 5.) Cinnamon (12.5 mg ± 2) and Pine Oil (112.5 mg ± 1) Soft Capsules,capsule,55 mg; 12.5 mg; 112.5 mg,25.00,true,false,PMBJP,10's,2,menthol cinnamon|pine oil soft,ok,true
PMBJP-544,Fluticasone Propionate Respules 0.5mg per 2ml,inhaler,0.5mg; 2ml,17.00,false,false,PMBJP,2 ML,1,fluticasone,ok,true
PMBJP-555,Doxofylline Tablets IP 400 mg,tablet,400 mg,17.00,false,false,PMBJP,10's,1,doxofylline,ok,true
PMBJP-556,Montelukast Sodium 10mg and Fexofenadine Hydrochloride 120 mg Tablets,tablet,10mg; 120 mg,44.00,true,false,PMBJP,10's,2,montelukast|fexofenadine,ok,true
PMBJP-558,Azelastine Hydrochloride 140mcg and Fluticasone Propionate 50mcg Nasal Spray,nasal spray,140mcg; 50mcg,190.00,true,false,PMBJP,70 MD,2,azelastine|fluticasone,ok,true
PMBJP-559,Salbutamol 2mg and Theophylline 100mg Tablets,tablet,2mg; 100mg,0.00,true,false,PMBJP,30's,2,albuterol|theophylline,ok,false
PMBJP-560,Fluticasone Propionate Nasal Spray IP 50 mcg,nasal spray,50 mcg,80.00,false,false,PMBJP,100 MD,1,fluticasone,ok,true
PMBJP-561,Levosalbutamol Syrup 1mg per 5ml,syrup,1mg; 5ml,132.00,false,false,PMBJP,100 ML,1,levosalbutamol,ok,true
PMBJP-562,Loratadine Tablets IP 10mg,tablet,10mg,10.00,false,false,PMBJP,10's,1,loratadine,ok,true
PMBJP-563,Oxymetazoline Hydrochloride Nasal Drops IP 0.5 mg per ml,nasal drops,0.5 mg,154.00,false,false,PMBJP,10 ML,1,oxymetazoline,ok,true
PMBJP-564,Tiotropium Bromide 18mcg and Formoterol Fumarate Dihydrate 12mcg Rotacaps,inhaler,18mcg; 12mcg,75.00,true,false,PMBJP,15's,2,tiotropium|formoterol,ok,true
PMBJP-565,"Tiotropium Bromide 18mcg, Formoterol Fumarate Dihydrate 12mcg and Ciclesonide 400mcg Rotacaps",inhaler,18mcg; 12mcg; 400mcg,150.00,true,false,PMBJP,15's,3,tiotropium|formoterol|ciclesonide,ok,true
PMBJP-566,Ipratropium Bromide Respirator Solution 250mcg,solution,250mcg,28.00,false,false,PMBJP,15 ML,1,ipratropium,ok,true
PMBJP-567,Salbutamol 100mcg and Ipratropium 20mcg Inhaler,inhaler,100mcg; 20mcg,110.00,true,false,PMBJP,200 MDI,2,albuterol|ipratropium,ok,true
PMBJP-568,Salmeterol 25mcg and Fluticasone Propionate 250mcg Inhaler IP,inhaler,25mcg; 250mcg,250.00,true,false,PMBJP,100 MD,2,salmeterol|fluticasone,ok,true
PMBJP-569,Sildenafil Tablets IP 50 mg,tablet,50 mg,99.00,false,false,PMBJP,4's,1,sildenafil,ok,true
PMBJP-570,Tadalafil Tablets IP 20 mg,tablet,20 mg,165.00,false,false,PMBJP,4's,1,tadalafil,ok,true
PMBJP-571,Tamsulosin Hydrochloride (Modified Release) 0.4mg and Dutasteride 0.5mg Tablets,tablet,0.4mg; 0.5mg,264.00,true,false,PMBJP,15's,2,tamsulosin|dutasteride,ok,true
PMBJP-574,"Rabies Vaccine, Human IP",,,295.00,false,false,PMBJP,1 ml vial with diluent in Mono pack,1,rabies vaccine human,ok,true
PMBJP-580,"Ginseng, Multivitamins and multiminerals Capsules",capsule,,33.00,true,false,PMBJP,10's,2,ginseng multivitamins|multiminerals,residue,true
PMBJP-581,"Calcium Carbonate 500mg, Calcitriol 0.25mcg and Zinc 7.5mg Capsules",capsule,500mg; 0.25mcg; 7.5mg,198.00,true,false,PMBJP,10's,3,calcium|calcitriol|zinc,ok,true
PMBJP-582,"Vitamins A,C,D,E,And B Complex and Minerals Syrup",syrup,,47.00,true,false,PMBJP,200 ML,2,vitamins a c d e b complex|minerals,residue,true
PMBJP-583,Cyproheptadine Tablets IP 4 mg,tablet,4 mg,4.00,false,false,PMBJP,10's,1,cyproheptadine,ok,true
PMBJP-585,Cholecalciferol Granules 60000 IU per gm,powder,60000 IU,99.00,false,false,PMBJP,1 Sachet,1,cholecalciferol,ok,true
PMBJP-586,"Methylcobalamin 1500mcg, L- Carnitine L- Tartrate 500mg and Folic Acid 1.5mg Tablets",tablet,1500mcg; 500mg; 1.5mg,110.00,true,false,PMBJP,10's,3,mecobalamin|l-carnitine l-tartrate|folic acid,ok,true
PMBJP-588,Vitamin E Softgel Capsules 400 mg,soft gelatin capsule,400 mg,22.00,false,false,PMBJP,10's,1,vitamin e,ok,true
PMBJP-589,Calcium 500mg and Calcitriol 0.25mcg Tablets,tablet,500mg; 0.25mcg,18.00,true,false,PMBJP,15's,2,calcium|calcitriol,ok,true
PMBJP-590,"Multivitamins with Amino acid & Inositol injection (Hydroxocobalamin 1000mcg, VitaminB6 (Pyridoxine) 1.5mg, Folic Acid 15mg, Nicotinamide 50mg, Inositol 10mg, L-Lysine 150mg)",injection,1000mcg; 1.5mg; 15mg; 50mg; 10mg; 150mg,0.00,true,false,PMBJP,5ml Vial,2,multivitamins amino acid|inositol hydroxocobalamin vitaminb folic acid nicotinamide inositol l-lysine,residue,false
PMBJP-591,Methylcobalamin Injection 500 mcg,injection,500 mcg,7.00,false,false,PMBJP,1 ML,1,mecobalamin,ok,true
PMBJP-592,"L-Lysine + Multivitamins (Vit-B1,B2,B3,B5,B6 ) Syrup",syrup,,52.00,true,false,PMBJP,200 ML,2,l-lysine|multivitamins,residue,true
PMBJP-593,"Folic Acid 15mg, Cyanocobalamine 500mcg and Nicotinamide 200mg Injection",injection,15mg; 500mcg; 200mg,40.00,true,false,PMBJP,10 ML,3,folic acid|cyanocobalamine|niacinamide,ok,true
PMBJP-594,Dextrose Monohydrate IP Powder,powder,,23.00,false,false,PMBJP,75 gm,1,dextrose,ok,true
PMBJP-595,"Thiamine 100mg, Pyridoxine Hydrochloride 100mg and Cyanocobalamin 1000mcg per 3 ml Injection",injection,100mg; 1000mcg; 3 ml,8.00,true,false,PMBJP,3 ml,3,thiamine|pyridoxine|cyanocobalamin,ok,true
PMBJP-597,Pyridoxine Tablets IP 50 mg,tablet,50 mg,9.00,false,false,PMBJP,10's,1,pyridoxine,ok,true
PMBJP-598,Pregabalin 75mg and Methylcobalamin 750mcg Tablets,tablet,75mg; 750mcg,38.00,true,false,PMBJP,10's,2,pregabalin|mecobalamin,ok,true
PMBJP-599,Pregabalin Tablets 75 mg,tablet,75 mg,242.00,false,false,PMBJP,10's,1,pregabalin,ok,true
PMBJP-601,Disulfiram Tablets IP 500 mg,tablet,500 mg,7.00,false,false,PMBJP,4's,1,disulfiram,ok,true
PMBJP-603,"Cetirizine Dihydrochloride 5mg, Phenylephrine Hydrochloride 10mg and Paracetamol 325mg Tablets",tablet,5mg; 10mg; 325mg,187.00,true,false,PMBJP,10's,3,cetirizine|phenylephrine|acetaminophen,ok,true
PMBJP-608,Betamethasone Dipropionate 0.05% w/w and Salicylic Acid 3% w/w Ointment,ointment,0.05% w/w; 3% w/w,17.00,true,false,PMBJP,20 gm,2,betamethasone|salicylic acid,ok,true
PMBJP-609,Silver Nitrate 0.20% w/w and Chlorhexidine Gluconate 0.20% w/w Cream,cream,0.20% w/w,25.00,true,false,PMBJP,15 Gms Tube,2,silver|chlorhexidine,ok,true
PMBJP-610,"Paracetamol 125mg, Phenylephrine Hydrochloride 5mg and Cetirizine Dihydrochloride 2mg Suspension",oral suspension,125mg; 5mg; 2mg,15.00,true,false,PMBJP,60 ML,3,acetaminophen|phenylephrine|cetirizine,ok,true
PMBJP-611,Cyproheptadine Hydrochloride Syrup IP 2mg,syrup,2mg,30.00,false,false,PMBJP,200 ml,1,cyproheptadine,ok,true
PMBJP-612,Povidone-Iodine Powder 5% W/W,powder,5% W/W,19.00,false,false,PMBJP,10 gm Container,1,povidone-iodine,ok,true
PMBJP-613,"Diclofenac Potassium 50mg, Paracetamol 325mg and Serratiopeptidase 10mg Tablets",tablet,50mg; 325mg; 10mg,198.00,true,false,PMBJP,10's,3,diclofenac|acetaminophen|serrapeptase,ok,true
PMBJP-614,"Paradichlorobenzene 2%w/v, Benzocaine 2.7%w/v, Chlorbutol 5%w/v and Turpentine Oil 15%w/v Ear Drops",ear drops,2%w/v; 2.7%w/v; 5%w/v; 15%w/v,13.00,true,false,PMBJP,10 ml,4,paradichlorobenzene|benzocaine|chlorbutol|turpentine oil,ok,true
PMBJP-625,Bromhexine Hydrochloride 8mg and Phenylephrine Hydrochloride 5mg Tablets,tablet,8mg; 5mg,13.00,true,false,PMBJP,15's,2,bromhexine|phenylephrine,ok,true
PMBJP-626,Ketoconazole Shampoo 2% W/V,shampoo,2% W/V,62.00,false,false,PMBJP,100 ml Bottle,1,ketoconazole,ok,true
PMBJP-627,Etophylline 115mg and Theophylline 35mg Prolonged Release Tablets IP,extended release tablet,115mg; 35mg,8.00,true,false,PMBJP,10's,2,etophylline|theophylline,ok,true
PMBJP-628,Etophylline 231mg and Theophylline 69mg Prolonged Release Tablets IP,extended release tablet,231mg; 69mg,143.00,true,false,PMBJP,10's,2,etophylline|theophylline,ok,true
PMBJP-629,"Inhalent Softgel Capsules (Camphor 25mg, Chlorothymol 5mg, Eucalyptol 130mg, Menthol 55mg, Turpineol 110mg)",soft gelatin capsule,25mg; 5mg; 130mg; 55mg; 110mg,28.00,false,false,PMBJP,10's,1,inhalent,ok,true
PMBJP-630,Liquid Paraffin 3.75ml and Milk of Magnesia 11.25ml per 15ml Suspension,oral suspension,3.75ml; 11.25ml; 15ml,37.00,true,false,PMBJP,170 ml Bottle,2,paraffin|milk magnesia,ok,true
PMBJP-631,Etamsylate Tablets 500 mg,tablet,500 mg,13.00,false,false,PMBJP,10's,1,etamsylate,ok,true
PMBJP-632,Etamsylate Tablets 250 mg,tablet,250 mg,9.00,false,false,PMBJP,10's,1,etamsylate,ok,true
PMBJP-633,Adapalene 0.1%w/w and Clindamycin Phosphate 1%w/w Gel,gel,0.1%w/w; 1%w/w,32.00,true,false,PMBJP,15 gm tubes,2,adapalene|clindamycin,ok,true
PMBJP-634,"Clobetasol Propionate 0.05%w/w, Neomycin 0.50%w/w, Miconazole 2%w/w and Chlorocresol 0.10%w/w Cream",cream,0.05%w/w; 0.50%w/w; 2%w/w; 0.10%w/w,286.00,true,false,PMBJP,20 gms.,4,clobetasol|neomycin|miconazole|chlorocresol,ok,true
PMBJP-637,"Aceclofenac 100mg, Paracetamol 325mg and Chlorzoxazone 250mg Tablets",tablet,100mg; 325mg; 250mg,16.00,true,false,PMBJP,10's,3,aceclofenac|acetaminophen|chlorzoxazone,ok,true
PMBJP-639,"Terbutaline Sulphate 1.25mg, Bromhexine 4mg, Guaiphenesin 50mg and Menthol 2.5mg Syrup per 5ml",syrup,1.25mg; 4mg; 50mg; 2.5mg; 5ml,242.00,true,false,PMBJP,100 ML,4,terbutaline|bromhexine|guaiphenesin|menthol,ok,true
PMBJP-640,Nimesulide Gel 1% W/W,gel,1% W/W,16.00,false,false,PMBJP,20 gm Tube,1,nimesulide,ok,true
PMBJP-643,"Paracetamol 125mg, Chlorpheniramine 1mg and Sodium Citrate 60mg Syrup in Flavour base",syrup,125mg; 1mg; 60mg,18.00,true,false,PMBJP,60 ml Bottle,3,acetaminophen|chlorpheniramine|sodium,ok,true
PMBJP-644,Phenylephrine Hydrochloride 5mg and Chlorpheniramine Maleate 2mg Drops,drops,5mg; 2mg,20.00,true,false,PMBJP,15 ml Bottle,2,phenylephrine|chlorpheniramine,ok,true
PMBJP-645,"Nimesulid 100mg, Paracetamol 325mg and Chlorzoxazone 375mg Tablets",tablet,100mg; 325mg; 375mg,20.00,true,false,PMBJP,10's,3,nimesulid|acetaminophen|chlorzoxazone,ok,true
PMBJP-648,"Diclofenac Dithylamine 1.16%w/w, Linseed Oil 3%w/w, Methyl Salicylate 10%w/w and Menthol 5%w/w Spray",spray,1.16%w/w; 3%w/w; 10%w/w; 5%w/w,55.00,true,false,PMBJP,35 gm,4,diclofenac dithylamine|linseed oil|methyl|menthol,ok,true
PMBJP-649,Dicyclomine Hydrochloride 10mg and Simethicone 40mg Oral Drops,drops,10mg; 40mg,10.00,true,false,PMBJP,10 ml Bottle,2,dicycloverine|simethicone,ok,true
PMBJP-650,Mefenamic Acid 500mg and Paracetamol 325mg Tablets,tablet,500mg; 325mg,17.00,true,false,PMBJP,10's,2,mefenamic acid|acetaminophen,ok,true
PMBJP-655,Pepsin 7.5mg and Fungal Diastase Enyme 12.5mg Syrup per 5ml (Mix Fruit Flavour),syrup,7.5mg; 12.5mg; 5ml,48.00,true,false,PMBJP,200 ml,2,pepsin|fungal diastase enyme,ok,true
PMBJP-656,Diastase and Pepsin Enzyme Drops,drops,,18.00,true,false,PMBJP,15 ml,2,diastase|pepsin enzyme,residue,true
PMBJP-658,Chlorhexidine Gluconate 0.3%v/v and Cetrimide 0.6%w/v Antiseptic Liquid,,0.3%v/v; 0.6%w/v,12.00,true,false,PMBJP,100 ML,2,chlorhexidine|cetrimide antiseptic,ok,true
PMBJP-661,Gama Benzene Hexachloride 1%w/v and Cetrimide 0.1%w/v lotion,lotion,1%w/v; 0.1%w/v,55.00,true,false,PMBJP,100 ml,2,gama benzene hexachloride|cetrimide,ok,true
PMBJP-664,"Mouth Ulcer Gel (Choline Salicylate Sodium 9% W/V, Benzalkonium Chloride 0.01% W/W)",gel,9% W/V; 0.01% W/W,15.00,false,false,PMBJP,10 gm,0,,residue,true
PMBJP-665,Vitamin B Complex and Ascorbic Acid Capsules,capsule,,17.00,true,false,PMBJP,10's,2,vitamin b complex|ascorbic acid,residue,true
PMBJP-666,Pheniramine Maleate Injection IP 22.75 mg,injection,22.75 mg,4.00,false,false,PMBJP,2 ML,1,pheniramine,ok,true
PMBJP-668,Multivitamin Drops,drops,,18.00,false,false,PMBJP,15 ml,1,multivitamin,residue,true
PMBJP-669,Cefuroxime Axetil Oral Suspension 125mg per 5ml,oral suspension,125mg; 5ml,66.00,false,false,PMBJP,30 ML,1,cefuroxime,ok,true
PMBJP-670,"Glucosamine 750mg , Diacerein 50mg and Methylsulfonylmethane 250mg Tablets",tablet,750mg; 50mg; 250mg,495.00,true,false,PMBJP,10's,3,glucosamine|diacerein|methylsulfonylmethane,ok,true
PMBJP-671,Glucosamine 500mg and Diacerein 50mg Tablets,tablet,500mg; 50mg,55.00,true,false,PMBJP,10's,2,glucosamine|diacerein,ok,true
PMBJP-672,Mometasone Furoate Cream IP 0.1%w/w,cream,0.1%w/w,18.00,false,false,PMBJP,15 gm,1,mometasone,ok,true
PMBJP-673,Biotin Tablets 10mg,tablet,10mg,34.00,false,false,PMBJP,10's,1,biotin,ok,true
PMBJP-676,Triamcinolone Acetonide Mouth Ulcer Gel 0.1% w/w,gel,0.1% w/w,49.00,false,false,PMBJP,10 gm,1,triamcinolone,ok,true
PMBJP-677,Flupentixol Tablets 0.5 mg,tablet,0.5 mg,11.00,false,false,PMBJP,10's,1,flupentixol,ok,true
PMBJP-679,Nalidixic Acid Tablets IP 500 mg,tablet,500 mg,17.00,false,false,PMBJP,10's,1,nalidixic acid,ok,true
PMBJP-680,Finasteride Tablets IP 5mg,tablet,5mg,44.00,false,false,PMBJP,10's,1,finasteride,ok,true
PMBJP-681,Phenazopyridine Hydrochloride Tablet 100mg,tablet,100mg,0.00,false,false,PMBJP,10's,1,phenazopyridine,ok,false
PMBJP-682,Rabeprazole 20mg and Domperidone 10mg Capsules,capsule,20mg; 10mg,22.00,true,false,PMBJP,10's,2,rabeprazole|domperidone,ok,true
PMBJP-683,Rabeprazole Sodium (Gastro-resistant) 20mg and Itopride Hydrochloride Prolonged release 150mg Capsules IP,capsule,20mg; 150mg,40.00,true,false,PMBJP,10's,2,rabeprazole|itopride,ok,true
PMBJP-685,Pantoprazole Sodium 40 mg (Enteric Coated) and Itopride Hydrochloride 150 mg (Sustained Release) Capsules,capsule,40 mg; 150 mg,50.00,true,false,PMBJP,10's,2,pantoprazole|itopride,ok,true
PMBJP-686,Magaldrate 400mg and Simethicone 20mg Oral Suspension IP per 5ml,oral suspension,400mg; 20mg; 5ml,42.00,true,false,PMBJP,170 ml,2,magaldrate|simethicone,ok,true
PMBJP-687,Lactulose 10gm per 15ml,,10gm; 15ml,120.00,false,false,PMBJP,200 ml,1,lactulose,ok,true
PMBJP-689,Clotrimazole Vaginal Tablets IP 100mg,vaginal tablet,100mg,15.00,false,false,PMBJP,10's,1,clotrimazole,ok,true
PMBJP-690,Timolol Maleate Eye Drops IP 0.5 %,eye drops,0.5 %,21.00,false,false,PMBJP,5 ml Vial,1,timolol,ok,true
PMBJP-691,Ofloxacin Eye Drops IP 0.3% w/v,eye drops,0.3% w/v,11.00,false,false,PMBJP,10 ml,1,ofloxacin,ok,true
PMBJP-692,Olopatadine Hydrochloride Ophthalmic Solution IP 0.1% w/v,solution,0.1% w/v,45.00,false,false,PMBJP,10 ml Vial,1,olopatadine,ok,true
PMBJP-693,Tropicamide Eye Drops IP 1% W/V,eye drops,1% W/V,30.00,false,false,PMBJP,5 ml Vial,1,tropicamide,ok,true
PMBJP-696,"Polymyxin B Sulphate 5000IU, Chloramphenicol 4mg and Dexamethasone 1mg Eye/Ear Drops",ear drops,5000IU; 4mg; 1mg,42.00,true,false,PMBJP,5 ml,3,polymyxin b|chloramphenicol|dexamethasone,ok,true
PMBJP-697,Sulphacetamide Eye Drop IP 10 % w/v,eye drops,10 % w/v,12.00,false,false,PMBJP,10 ml,1,sulphacetamide,ok,true
PMBJP-699,Acyclovir Eye Ointment IP 3% W/W,ointment,3% W/W,25.00,false,false,PMBJP,5 gm,1,acyclovir,ok,true
PMBJP-701,Pilocarpine Eye Drops IP 2% W/V,eye drops,2% W/V,0.00,false,false,PMBJP,10 ml Vial,1,pilocarpine,ok,false
PMBJP-704,Cephalexin Dry Syrup 125mg per 5ml,dry syrup,125mg; 5ml,19.00,false,false,PMBJP,30 ml,1,cefalexin,ok,true
PMBJP-705,Levofloxacin Infusion IP 500 mg per 100 ml,injection,500 mg; 100 ml,36.00,false,false,PMBJP,100 ML,1,levofloxacin,ok,true
PMBJP-707,Piroxicam Dispersible Tablets 10 mg,dispersible tablet,10 mg,10.00,false,false,PMBJP,10's,1,piroxicam,ok,true
PMBJP-708,Piroxicam Dispersible Tablets 20 mg,dispersible tablet,20 mg,21.00,false,false,PMBJP,10's,1,piroxicam,ok,true
PMBJP-709,Piroxicam with bezyl alcohol Injection 20 mg,injection,20 mg,6.00,false,false,PMBJP,1 ml,1,piroxicam bezyl alcohol,ok,true
PMBJP-710,Piroxicam with bezyl alcohol Injection 40 mg,injection,40 mg,12.00,false,false,PMBJP,2 ml,1,piroxicam bezyl alcohol,ok,true
PMBJP-712,Paracetamol Oral Suspension IP 250mg per 5ml,oral suspension,250mg; 5ml,21.00,false,false,PMBJP,60 ml,1,acetaminophen,ok,true
PMBJP-713,Glibenclamide 5mg and Metformin Hydrochloride 500mg Tablets IP,tablet,5mg; 500mg,12.00,true,false,PMBJP,10's,2,glyburide|metformin,ok,true
PMBJP-715,Glycerin IP 98%W/W,,98%W/W,22.00,false,false,PMBJP,50 GM,1,glycerin,ok,true
PMBJP-717,Etodolac Tablets IP 300mg,tablet,300mg,374.00,false,false,PMBJP,10's,1,etodolac,ok,true
PMBJP-718,Escitalopram Oxelate 10mg and Clonazepam 0.5mg Tablets IP,tablet,10mg; 0.5mg,15.00,true,false,PMBJP,10's,2,escitalopram oxelate|clonazepam,ok,true
PMBJP-720,Ringer Lactate Infusion,injection,,24.00,false,false,PMBJP,500 ml in FFS Bottle,1,ringer,ok,true
PMBJP-722,Water for Injection amp polypack 5 ml,injection,5 ml,15.00,false,false,PMBJP,5 ml,1,water,ok,true
PMBJP-723,Water for Injection amp polypack 10ml,injection,10ml,2.00,false,false,PMBJP,10 ml,1,water,ok,true
PMBJP-725,Dextrose Intravenouse Infusion IP 5% w/v,injection,5% w/v,20.00,false,false,PMBJP,500 ml,1,dextrose intravenouse,ok,true
PMBJP-726,Dextrose Injection IP 10% w/v,injection,10% w/v,165.00,false,false,PMBJP,500 ml,1,dextrose,ok,true
PMBJP-728,Dextrose 5%w/v and Sodium Chloride 0.9%w/v Injection IP,injection,5%w/v; 0.9%w/v,20.00,true,false,PMBJP,500 ml,2,dextrose|sodium,ok,true
PMBJP-732,Sodium Chloride Injection IP 0.9%W/V,injection,0.9%W/V,15.00,false,false,PMBJP,100 ml IV Fluid Plastic Container,1,sodium,ok,true
PMBJP-733,Progesterone Sustained Release Tablets 200 mg,extended release tablet,200 mg,163.00,false,false,PMBJP,10's,1,progesterone,ok,true
PMBJP-734,Dehydroepiandrosterone (Micronized) 25 mg Capsule,capsule,25 mg,70.00,false,false,PMBJP,10's,1,dehydroepiandrosterone,ok,true
PMBJP-736,Megestrol Acetate Tablets IP 40mg,tablet,40mg,140.00,false,false,PMBJP,10's,1,megestrol,ok,true
PMBJP-739,Cefuroxime Axetil Tablets IP 125mg,tablet,125mg,35.00,false,false,PMBJP,6's,1,cefuroxime,ok,true
PMBJP-740,Clarithromycin Tablets IP 250 mg,tablet,250 mg,82.00,false,false,PMBJP,10's,1,clarithromycin,ok,true
PMBJP-741,Cefpodoxime Proxetil Dispersible Tablets 50 mg,dispersible tablet,50 mg,29.00,false,false,PMBJP,10's,1,cefpodoxime,ok,true
PMBJP-746,Valganciclovir Hydrochloride Tablets USP 450 mg,tablet,450 mg,1740.00,false,false,PMBJP,10's,1,valganciclovir,ok,true
PMBJP-747,Glimepiride Tablets IP 3mg,tablet,3mg,66.00,false,false,PMBJP,10's,1,glimepiride,ok,true
PMBJP-748,Glimepiride Tablets IP 4mg,tablet,4mg,8.00,false,false,PMBJP,10's,1,glimepiride,ok,true
PMBJP-752,Clotrimazole Powder 1%,powder,1%,605.00,false,false,PMBJP,100 gm Powder,1,clotrimazole,ok,true
PMBJP-753,Clotrimazole 1%w/v and Beclometasone Dipropionate 0.025%w/v Lotion,lotion,1%w/v; 0.025%w/v,28.00,true,false,PMBJP,15 ml,2,clotrimazole|beclometasone,ok,true
PMBJP-754,Clotrimazole 1%w/w and Beclomethasone Dipropionate 0.025%w/w Cream,cream,1%w/w; 0.025%w/w,132.00,true,false,PMBJP,15 gm,2,clotrimazole|beclomethasone,ok,true
PMBJP-757,Cefuroxime Injection IP 1500mg,injection,1500mg,70.00,false,false,PMBJP,Vial & Wfi,1,cefuroxime,ok,true
PMBJP-759,Rosuvastatin Tablets IP 10mg,tablet,10mg,187.00,false,false,PMBJP,15's,1,rosuvastatin,ok,true
PMBJP-762,Nortriptyline Tablets IP 25mg,tablet,25mg,16.00,false,false,PMBJP,10's,1,nortriptyline,ok,true
PMBJP-764,Etizolam Tablets IP 0.5mg,tablet,0.5mg,99.00,false,false,PMBJP,10's,1,etizolam,ok,true
PMBJP-766,L-Methylfolate calcium 7.5mg Tablet,tablet,7.5mg,59.00,false,false,PMBJP,10's,1,l-methylfolate,ok,true
PMBJP-767,Metformin Hydrochloride 1000mg (Prolonged Release) and Glimepiride 2mg Tablets IP,tablet,1000mg; 2mg,363.00,true,false,PMBJP,10's,2,metformin|glimepiride,ok,true
PMBJP-768,Acetazolamide Tablets IP 250mg,tablet,250mg,18.00,false,false,PMBJP,10's,1,acetazolamide,ok,true
PMBJP-769,Acetylsalicylic Acid (Aspirin) Gastro-resistant Tablets IP 325mg,gastro-resistant tablet,325mg,8.00,false,false,PMBJP,14's,1,acetylsalicylic acid,ok,true
PMBJP-772,Adenosine Injection IP 3mg per ml,injection,3mg,25.00,false,false,PMBJP,2 ml,1,adenosine,ok,true
PMBJP-779,"Alpha Lipolic Acid 100mg, Vitamin D3 1000IU, Folic Acid 1.5mg, Pyridoxine 3mg and Methylcobalamin1500mcg Tablets",tablet,100mg; 1000IU; 1.5mg; 3mg; 1500mcg,48.00,true,false,PMBJP,10's,5,alpha lipolic acid|vitamin d|folic acid|pyridoxine|mecobalamin,ok,true
PMBJP-781,Alprazolam 0.25mg and Fluoxetine 20mg Tablets,tablet,0.25mg; 20mg,14.00,true,false,PMBJP,10's,2,alprazolam|fluoxetine,ok,true
PMBJP-784,Amisulpride Tablets IP 50mg,tablet,50mg,31.00,false,false,PMBJP,10's,1,amisulpride,ok,true
PMBJP-785,Amitriptyline Hydrochloride Tablets IP 25mg,tablet,25mg,88.00,false,false,PMBJP,15's,1,amitriptyline,ok,true
PMBJP-786,Amitriptyline Hydrochloride Tablets IP 10mg,tablet,10mg,66.00,false,false,PMBJP,10's,1,amitriptyline,ok,true
PMBJP-788,Anastrozole Tablets IP 1mg,tablet,1mg,78.00,false,false,PMBJP,10's,1,anastrozole,ok,true
PMBJP-790,Aspirin Enteric Coated Tablets IP 75mg,tablet,75mg,3.00,false,false,PMBJP,14's,1,acetylsalicylic acid,ok,true
PMBJP-791,Atenolol 25mg and Amlodipine 5mg Tablets IP,tablet,25mg; 5mg,16.00,true,false,PMBJP,14's,2,atenolol|amlodipine,ok,true
PMBJP-793,Atenolol Tablets IP 25mg,tablet,25mg,6.00,false,false,PMBJP,14's,1,atenolol,ok,true
PMBJP-796,Aspirin Gastro-resistant 75mg and Atorvastatin 10mg Capsules IP,capsule,75mg; 10mg,16.00,true,false,PMBJP,10's,2,acetylsalicylic acid|atorvastatin,ok,true
PMBJP-797,Atracurium Besylate Injection I.P 25mg per 2.5ml,injection,25mg; 2.5ml,235.00,false,false,PMBJP,2.5 ML,1,atracurium,ok,true
PMBJP-800,"Bacitracin 250 IU, Neomycin 5mg, Sulphacetamide 60mg Dusting Powder",powder,250 IU; 5mg; 60mg,25.00,true,false,PMBJP,10 gm Powder,3,bacitracin|neomycin|sulphacetamide,ok,true
PMBJP-804,Betamethasone Injection IP 4 mg per ml,injection,4 mg,3.00,false,false,PMBJP,1 ml,1,betamethasone,ok,true
PMBJP-806,Bicalutamide Tablets IP 50mg,tablet,50mg,137.00,false,false,PMBJP,10's,1,bicalutamide,ok,true
PMBJP-807,Biphasic Isophane Insulin Injection IP 100 IU/ml (30:70 ) (30% Soluble Insulin and 70% Isophane Insu,injection,30%; 70%; 100 IU,165.00,true,false,PMBJP,3 ml Catridge,2,biphasic isophane insulin soluble insulin|isophane insu,residue,true
PMBJP-809,Bortezomib Injection IP 3.5 mg,injection,3.5 mg,990.00,false,false,PMBJP,Vial,1,bortezomib,ok,true
PMBJP-811,Bromfenac Sodium Eye Drop 0.09%w/v,eye drops,0.09%w/v,66.00,false,false,PMBJP,5 ml,1,bromfenac,ok,true
PMBJP-812,Bromocriptine Mesylate Tablets IP 2.5mg,tablet,2.5mg,88.00,false,false,PMBJP,10's,1,bromocriptine,ok,true
PMBJP-814,Cabergoline Tablets IP 0.5mg,tablet,0.5mg,170.00,false,false,PMBJP,4's,1,cabergoline,ok,true
PMBJP-815,Calcitriol Capsules IP 0.25mcg,capsule,0.25mcg,297.00,false,false,PMBJP,10's,1,calcitriol,ok,true
PMBJP-816,Calcium Acetate Tablets 667mg,tablet,667mg,28.00,false,false,PMBJP,10's,1,calcium,ok,true
PMBJP-817,"Calcium Carbonate 1250mg, Vitamin D3 250IU, Magnesium Oxide 40mg, Manganese Sulphate 1.8mg and Zinc 7.5mg Tablets",tablet,1250mg; 250IU; 40mg; 1.8mg; 7.5mg,143.00,true,false,PMBJP,10's,5,calcium|vitamin d|magnesium oxide|manganese|zinc,ok,true
PMBJP-818,Calcium Gluconate Injection IP 10 % w/v,injection,10 % w/v,5.00,false,false,PMBJP,10 ml,1,calcium,ok,true
PMBJP-821,Carvedilol Tablets IP 6.25mg,tablet,6.25mg,77.00,false,false,PMBJP,10's,1,carvedilol,ok,true
PMBJP-829,Chloramphenicol Eye Ointment IP 1%w/w,ointment,1%w/w,17.00,false,false,PMBJP,5 gm,1,chloramphenicol,ok,true
PMBJP-830,Chlordiazepoxide 10mg and Trifluoperazine 1mg Tablets,tablet,10mg; 1mg,15.00,true,false,PMBJP,10's,2,chlordiazepoxide|trifluoperazine,ok,true
PMBJP-832,Chlorthalidone Tablets IP 12.5mg,tablet,12.5mg,143.00,false,false,PMBJP,10's,1,chlorthalidone,ok,true
PMBJP-833,Cholecalciferol (Vitamin D3) Drops 800 IU per ml,drops,800 IU,27.00,false,false,PMBJP,15 ml,1,cholecalciferol,ok,true
PMBJP-834,Cholecalciferol (Vitamin D3) Drops 400 IU per ml,drops,400 IU,20.00,false,false,PMBJP,15 ml,1,cholecalciferol,ok,true
PMBJP-835,Glucosamine Sulphate 500mg and Chondroitin 400mg Tablets,tablet,500mg; 400mg,85.00,true,false,PMBJP,10's,2,glucosamine|chondroitin,ok,true
PMBJP-837,Cilnidipine Tablets IP 20mg,tablet,20mg,198.00,false,false,PMBJP,10's,1,cilnidipine,ok,true
PMBJP-838,Cilostazol Tablets IP 50mg,tablet,50mg,66.00,false,false,PMBJP,10's,1,cilostazol,ok,true
PMBJP-840,Citicoline Tablets IP 500mg,tablet,500mg,2211.00,false,false,PMBJP,10's,1,citicoline,ok,true
PMBJP-844,Clonazepam Tablets IP 1mg,tablet,1mg,88.00,false,false,PMBJP,10's,1,clonazepam,ok,true
PMBJP-850,Cyclosporin capsules IP 50mg,capsule,50mg,120.00,false,false,PMBJP,5's,1,cyclosporin,ok,true
PMBJP-851,Dacarbazine Injection IP 200mg,injection,200mg,188.00,false,false,PMBJP,VIAL,1,dacarbazine,ok,true
PMBJP-853,Daunorubicin Hydrochloride Injection IP 20mg,injection,20mg,204.00,false,false,PMBJP,vial,1,daunorubicin,ok,true
PMBJP-860,Dextromethorphan Hydrobromide Syrup IP 13.5mg per 5ml,syrup,13.5mg; 5ml,23.00,false,false,PMBJP,50 ml,1,dextromethorphan,ok,true
PMBJP-864,Dextrose Injection IP 25%w/v,injection,25%w/v,12.00,false,false,PMBJP,100 ml,1,dextrose,ok,true
PMBJP-865,Diacerein Capsules IP 50mg,capsule,50mg,45.00,false,false,PMBJP,10's,1,diacerein,ok,true
PMBJP-866,Diazepam Injection IP 5mg per ml,injection,5mg,8.00,false,false,PMBJP,2 ML,1,diazepam,ok,true
PMBJP-868,Dicyclomine Hydrochloride (Dicycloverine) Injection IP 10mg per ml,injection,10mg,4.00,false,false,PMBJP,2 ml,1,dicycloverine,ok,true
PMBJP-875,Donepezil Hydrochloride Tablets IP 10mg,tablet,10mg,25.00,false,false,PMBJP,10's,1,donepezil,ok,true
PMBJP-878,Drotaverine Hydrochloride 80mg and Mefenamic Acid 250mg Tablets,tablet,80mg; 250mg,20.00,true,false,PMBJP,10's,2,drotaverine|mefenamic acid,ok,true
PMBJP-879,Drotaverine Hydrochloride Tablets IP 40mg,tablet,40mg,8.00,false,false,PMBJP,10's,1,drotaverine,ok,true
PMBJP-881,Ebastine Tablets IP 10mg,tablet,10mg,20.00,false,false,PMBJP,10's,1,ebastine,ok,true
PMBJP-882,Efavirenz Tablets IP 600mg,tablet,600mg,510.00,false,false,PMBJP,30's,1,efavirenz,ok,true
PMBJP-884,Erythromycin Estolate Suspension 125mg per 5ml,oral suspension,125mg; 5ml,187.00,false,false,PMBJP,60 ml,1,erythromycin estolate,ok,true
PMBJP-885,Ethinylestradiol 0.05mg and Levonorgestrel 0.25mg Tablets IP,tablet,0.05mg; 0.25mg,30.00,true,false,PMBJP,21's,2,ethinyl estradiol|levonorgestrel,ok,true
PMBJP-888,Febuxostat Tablets 40mg,tablet,40mg,20.00,false,false,PMBJP,10's,1,febuxostat,ok,true
PMBJP-889,Febuxostat Tablets 80mg,tablet,80mg,34.00,false,false,PMBJP,10's,1,febuxostat,ok,true
PMBJP-897,Formoterol 6mcg and Fluticasone Propionate 250mcg Inhaler,inhaler,6mcg; 250mcg,290.00,true,false,PMBJP,120 MDI,2,formoterol|fluticasone,ok,true
PMBJP-899,Frusemide 20mg and Spironolactone 50mg Tablets,tablet,20mg; 50mg,28.00,true,false,PMBJP,10's,2,furosemide|spironolactone,ok,true
PMBJP-900,Gabapentin 100mg and Methylcobalamin 500mcg Tablets,tablet,100mg; 500mcg,363.00,true,false,PMBJP,10's,2,gabapentin|mecobalamin,ok,true
PMBJP-901,Gabapentin Capsules IP 300mg,capsule,300mg,275.00,false,false,PMBJP,10's,1,gabapentin,ok,true
PMBJP-904,Metformin Hydrochloride 500mg (Prolonged release) and Glimepiride 1mg Tablets IP,tablet,500mg; 1mg,176.00,true,false,PMBJP,10's,2,metformin|glimepiride,ok,true
PMBJP-906,Glyceryl Trinitrate Controlled Release Tablets 2.6mg (Nitroglycerin Controlled Release Tablets),extended release tablet,2.6mg,50.00,false,false,PMBJP,30's,1,nitroglycerin,ok,true
PMBJP-910,Human Chorionic Gonadotrophin IP 5000 IU (Powder for injection with solvent),powder for injection,5000 IU,215.00,false,false,PMBJP,Vial and solvent,1,human chorionic gonadotrophin,ok,true
PMBJP-911,Menotrophin for Injection IP 75IU (Human Menopausal Gonadotrophin),injection,75IU,350.00,false,false,PMBJP,Vial and solvent,1,menotrophin,ok,true
PMBJP-912,Hydrochlorothiazide Tablets IP 12.5mg,tablet,12.5mg,6.00,false,false,PMBJP,10's,1,hydrochlorothiazide,ok,true
PMBJP-913,Hydrocortisone Sodium Succinate Injection IP 100mg,injection,100mg,20.00,false,false,PMBJP,Vial,1,hydrocortisone,ok,true
PMBJP-915,Hydroxyzine Hydrochloride Tablets IP 10mg,tablet,10mg,77.00,false,false,PMBJP,10's,1,hydroxyzine,ok,true
PMBJP-916,Imatinib Mesylate Tablets IP 400mg,tablet,400mg,225.00,false,false,PMBJP,10's,1,imatinib,ok,true
PMBJP-917,Imipramine Hydrochloride Tablets IP 25mg,tablet,25mg,5.00,false,false,PMBJP,10's,1,imipramine,ok,true
PMBJP-920,Soluble Insulin Injection IP 100 IU per ml (R-DNA Origin),injection,100 IU,170.00,false,false,PMBJP,3 ml Catridge,1,soluble insulin,residue,true
PMBJP-922,Isopropyl Alcohol IP (70%) (Spirit),,70%,40.00,false,false,PMBJP,100 ML bottle,1,isopropyl alcohol,ok,true
PMBJP-923,Isosorbidemononitrate Tablets IP 20mg,tablet,20mg,8.00,false,false,PMBJP,10's,1,isosorbidemononitrate,ok,true
PMBJP-924,Isoxsuprine Hydrochloride Tablets IP 10mg,tablet,10mg,45.00,false,false,PMBJP,50's,1,isoxsuprine,ok,true
PMBJP-926,Ketoconazole Cream 2% w/w,cream,2% w/w,198.00,false,false,PMBJP,15 gm Tube,1,ketoconazole,ok,true
PMBJP-931,Lamotrigine Tablets 100mg,tablet,100mg,44.00,false,false,PMBJP,10's,1,lamotrigine,ok,true
PMBJP-933,Leflunomide Tablets IP 20mg,tablet,20mg,74.00,false,false,PMBJP,10's,1,leflunomide,ok,true
PMBJP-934,Lenalidomide Capsules 10mg,capsule,10mg,464.00,false,false,PMBJP,10's,1,lenalidomide,ok,true
PMBJP-935,Letrozole Tablets IP 2.5mg,tablet,2.5mg,34.00,false,false,PMBJP,10's,1,letrozole,ok,true
PMBJP-936,Leuprolide Acetate Injections 3.75mg,injection,3.75mg,1800.00,false,false,PMBJP,1's,1,leuprolide acetate injections,ok,true
PMBJP-938,Levocarnitine Injections 1gm,injection,1gm,70.00,false,false,PMBJP,5 ml,1,levocarnitine injections,ok,true
PMBJP-939,Levocarnitine Tablets 500mg,tablet,500mg,56.00,false,false,PMBJP,10's,1,levocarnitine,ok,true
PMBJP-944,Levosalbutamol Inhaler 50mcg,inhaler,50mcg,83.00,false,false,PMBJP,200 Mdi,1,levosalbutamol,ok,true
PMBJP-945,Levosulpiride Tablets 25mg,tablet,25mg,11.00,false,false,PMBJP,10's,1,levosulpiride,ok,true
PMBJP-946,Lignocaine (Lidocaine) Hydrochloride Gel IP 2% W/V,gel,2% W/V,11.00,false,false,PMBJP,20g,1,lidocaine,ok,true
PMBJP-947,Lithium Carbonate Prolonged Release Tablets IP 450mg,extended release tablet,450mg,20.00,false,false,PMBJP,10's,1,lithium,ok,true
PMBJP-948,Lorazepam Tablets IP 1mg,tablet,1mg,11.00,false,false,PMBJP,10's,1,lorazepam,ok,true
PMBJP-949,Lorazepam Tablets IP 2mg,tablet,2mg,12.00,false,false,PMBJP,10's,1,lorazepam,ok,true
PMBJP-951,Lycopene with Multivitamins and Multi Minerals Syrup,syrup,,54.00,true,false,PMBJP,200 ml,2,lycopene multivitamins|multi minerals,residue,true
PMBJP-954,Medroxyprogesterone Acetate Tablets IP 10mg,tablet,10mg,26.00,false,false,PMBJP,10's,1,medroxyprogesterone,ok,true
PMBJP-955,Mefenamic Acid 50mg and Paracetamol 125mg Suspension per 5ml,oral suspension,50mg; 125mg; 5ml,11.00,true,false,PMBJP,60 ml,2,mefenamic acid|acetaminophen,ok,true
PMBJP-956,Mefloquine Hydrochloride Tablets IP 250mg,tablet,250mg,114.00,false,false,PMBJP,4's,1,mefloquine,ok,true
PMBJP-957,Memantine Hydrochloride Tablets IP 10mg,tablet,10mg,25.00,false,false,PMBJP,10's,1,memantine,ok,true
PMBJP-960,Metformin Sustained Release Tablets IP 850mg,extended release tablet,850mg,198.00,false,false,PMBJP,10's,1,metformin,ok,true
PMBJP-965,Miconazole 2%w/w and Fluocinolone Acetonide 0.01%w/w Ointment,ointment,2%w/w; 0.01%w/w,25.00,true,false,PMBJP,15 gm Tube,2,miconazole|fluocinolone acetonide,ok,true
PMBJP-968,Mirtazapine Tablets IP 15mg,tablet,15mg,30.00,false,false,PMBJP,10's,1,mirtazapine,ok,true
PMBJP-972,Mycophenolate Mofetil Tablets IP 500mg,tablet,500mg,180.00,false,false,PMBJP,10's,1,mycophenolate,ok,true
PMBJP-974,Natural Micronised Progesterone Capsules 100mg,capsule,100mg,67.00,false,false,PMBJP,10's,1,natural micronised progesterone,ok,true
PMBJP-975,Nebivolol 5mg and Hydrochlorothiazide 12.5mg Tablets,tablet,5mg; 12.5mg,66.00,true,false,PMBJP,10's,2,nebivolol|hydrochlorothiazide,ok,true
PMBJP-976,Nebivolol Tablets IP 2.5mg,tablet,2.5mg,16.00,false,false,PMBJP,10's,1,nebivolol,ok,true
PMBJP-978,Nepafenac Eye Drop 0.1% W/V,eye drops,0.1% W/V,66.00,false,false,PMBJP,5 ml,1,nepafenac,ok,true
PMBJP-986,Nitrazepam Tablets I.P 10mg,tablet,10mg,9.00,false,false,PMBJP,10's,1,nitrazepam,ok,true
PMBJP-987,Nitrofurantoin Tablets I.P 100mg,tablet,100mg,176.00,false,false,PMBJP,10's,1,nitrofurantoin,ok,true
PMBJP-990,Olanzapine Tablets IP 10mg,tablet,10mg,88.00,false,false,PMBJP,10's,1,olanzapine,ok,true
PMBJP-991,Olanzapine Tablets IP 5mg,tablet,5mg,66.00,false,false,PMBJP,10's,1,olanzapine,ok,true
PMBJP-992,Olmesartan Medoxomil Tablets IP 20mg,tablet,20mg,17.00,false,false,PMBJP,10's,1,olmesartan,ok,true
PMBJP-993,Ondansetron Oral Solution IP 2 mg per 5ml,oral solution,2 mg; 5ml,15.00,false,false,PMBJP,30 ml,1,ondansetron,ok,true
PMBJP-994,Oxaliplatin Injections IP 50mg,injection,50mg,475.00,false,false,PMBJP,Vial,1,oxaliplatin injections,ok,true
PMBJP-996,Oxcarbazepine Tablets IP 300mg,tablet,300mg,40.00,false,false,PMBJP,10's,1,oxcarbazepine,ok,true
PMBJP-997,Paclitaxel Injection IP 100mg (6mg/ml),injection,100mg; 6mg,540.00,false,false,PMBJP,Vial,1,paclitaxel,ok,true
PMBJP-999,Paroxetine Prolonged Release Tablets IP 37.5mg,extended release tablet,37.5mg,64.00,false,false,PMBJP,10's,1,paroxetine,ok,true
PMBJP-1003,Permethrin Cream 5% w/w,cream,5% w/w,24.00,false,false,PMBJP,30 gm,1,permethrin,ok,true
PMBJP-1005,Phenobarbitone Tablets IP 30mg,tablet,30mg,17.00,false,false,PMBJP,30's,1,phenobarbital,ok,true
PMBJP-1008,Phytomenadione Injection (Vitamin K1) IP 1mg per 0.5ml,injection,1mg; 0.5ml,11.00,false,false,PMBJP,0.5 ml Ampoule,1,phytonadione,ok,true
PMBJP-1009,Pioglitazone Tablets IP 15 mg,tablet,15 mg,88.00,false,false,PMBJP,10's,1,pioglitazone,ok,true
PMBJP-1011,Piracetam Syrup 500mg per 5ml,syrup,500mg; 5ml,65.00,false,false,PMBJP,100 ml,1,piracetam,ok,true
PMBJP-1012,Piracetam Tablets 400mg,tablet,400mg,187.00,false,false,PMBJP,10's,1,piracetam,ok,true
PMBJP-1024,Promethazine Injection IP 25 mg per ml,injection,25 mg,3.00,false,false,PMBJP,2 ml,1,promethazine,ok,true
PMBJP-1026,Propranolol Tablets IP 10mg,tablet,10mg,55.00,false,false,PMBJP,10's,1,propranolol,ok,true
PMBJP-1029,Pyrazinamide Tablets IP 1000mg,tablet,1000mg,0.00,false,false,PMBJP,10's,1,pyrazinamide,ok,false
PMBJP-1031,Quetiapine Fumarate Tablets IP 200mg,tablet,200mg,65.00,false,false,PMBJP,10's,1,quetiapine,ok,true
PMBJP-1032,Quetiapine Tablets IP 100mg,tablet,100mg,363.00,false,false,PMBJP,10's,1,quetiapine,ok,true
PMBJP-1037,Erythropoietin Injection IP 4000 IU,injection,4000 IU,297.00,false,false,PMBJP,Vial,1,erythropoietin,ok,true
PMBJP-1038,Erythropoietin Injection IP 2000 IU,injection,2000 IU,230.00,false,false,PMBJP,Vial,1,erythropoietin,ok,true
PMBJP-1041,Risperidone 4mg and Trihexiphenidyl 2mg Tablets,tablet,4mg; 2mg,143.00,true,false,PMBJP,10's,2,risperidone|trihexiphenidyl,ok,true
PMBJP-1042,Risperidone Tablets IP 4mg,tablet,4mg,9.00,false,false,PMBJP,10's,1,risperidone,ok,true
PMBJP-1044,Rosuvastatin Tablets IP 5mg,tablet,5mg,132.00,false,false,PMBJP,10's,1,rosuvastatin,ok,true
PMBJP-1049,Sertraline Tablets IP 50mg,tablet,50mg,18.00,false,false,PMBJP,10's,1,sertraline,ok,true
PMBJP-1050,Sertraline Tablets IP 100mg,tablet,100mg,22.00,false,false,PMBJP,10's,1,sertraline,ok,true
PMBJP-1051,Sertraline Tablets IP 25mg,tablet,25mg,15.00,false,false,PMBJP,10's,1,sertraline,ok,true
PMBJP-1059,Sodium Valproate Enteric Coated Tablets IP 200mg,tablet,200mg,17.00,false,false,PMBJP,10's,1,valproic acid,ok,true
PMBJP-1060,Sodium Valproate Gastro-Resistant Tablets IP 300mg,gastro-resistant tablet,300mg,22.00,false,false,PMBJP,10's,1,valproic acid,ok,true
PMBJP-1062,Sofosbuvir Tablets IP 400mg,tablet,400mg,4400.00,false,false,PMBJP,28's in a bottle,1,sofosbuvir,ok,true
PMBJP-1068,Sucralfate 1g and Oxetacaine 10mg Suspension per 10ml,oral suspension,1g; 10mg; 10ml,68.00,true,false,PMBJP,100 ml,2,sucralfate|oxetacaine,ok,true
PMBJP-1069,Sulphacetamide Sodium Eye Drop IP 20% w/v,eye drops,20% w/v,12.00,false,false,PMBJP,10 ml,1,sulphacetamide,ok,true
PMBJP-1072,Tamsulosin Hydrochloride Prolonged Release Capsules IP 0.4mg,extended release capsule,0.4mg,22.00,false,false,PMBJP,10's,1,tamsulosin,ok,true
PMBJP-1073,Telmisartan 40mg and Metoprolol 25mg Tablets,tablet,40mg; 25mg,30.00,true,false,PMBJP,10's,2,telmisartan|metoprolol,ok,true
PMBJP-1074,Telmisartan 80mg and Hydrochlorothiazide 12.5mg Tablets IP,tablet,80mg; 12.5mg,23.00,true,false,PMBJP,10's,2,telmisartan|hydrochlorothiazide,ok,true
PMBJP-1075,Teneligliptin Tablets IP 20mg,tablet,20mg,20.00,false,false,PMBJP,10's,1,teneligliptin,ok,true
PMBJP-1076,Tenofovir Disoproxil Fumarate Tablets IP 300 mg,tablet,300 mg,196.00,false,false,PMBJP,10's,1,tenofovir disoproxil,ok,true
PMBJP-1081,Tizanidine Tablets I.P 2mg,tablet,2mg,10.00,false,false,PMBJP,10's,1,tizanidine,ok,true
PMBJP-1087,Trihexyphenidyl Hydrochloride Tablets IP 2mg (Benzhexol Hydrochloride Tablets IP 2mg),tablet,2mg,66.00,false,false,PMBJP,10's,1,trihexyphenidyl,ok,true
PMBJP-1088,Trimetazidine Hydrochloride Modified Release Tablets 35 mg,extended release tablet,35 mg,22.00,false,false,PMBJP,10's,1,trimetazidine,ok,true
PMBJP-1091,Vecuronium Bromide Injection I.P 4mg,injection,4mg,45.00,false,false,PMBJP,Vial,1,vecuronium,ok,true
PMBJP-1097,Vitamin A Capsule IP 25000 IU,capsule,25000 IU,16.00,false,false,PMBJP,30's,1,vitamin a,ok,true
PMBJP-1098,Metformin Hydrochloride 500mg (Sustained Release) and Voglibose 0.2mg Tablets,tablet,500mg; 0.2mg,154.00,true,false,PMBJP,10's,2,metformin|voglibose,ok,true
PMBJP-1099,Metformin Hydrochloride 500mg and Voglibose 0.3mg Tablets,tablet,500mg; 0.3mg,165.00,true,false,PMBJP,10's,2,metformin|voglibose,ok,true
PMBJP-1104,Zoledronic Acid Injection IP 4mg per Vial,injection,4mg,165.00,false,false,PMBJP,Vial,1,zoledronic acid,ok,true
PMBJP-1105,Zolpidem Tablets IP 10mg,tablet,10mg,18.00,false,false,PMBJP,10's,1,zolpidem,ok,true
PMBJP-1106,Metoprolol Succinate 50mg (Extended Release) and Telmisartan 40mg Tablets,tablet,50mg; 40mg,319.00,true,false,PMBJP,10's,2,metoprolol|telmisartan,ok,true
PMBJP-1108,Sildenafil Tablets IP 100 mg,tablet,100 mg,10.00,false,false,PMBJP,4's,1,sildenafil,ok,true
PMBJP-1110,Clobazam Tablet IP 5mg,tablet,5mg,15.00,false,false,PMBJP,10's,1,clobazam,ok,true
PMBJP-1111,Gabapentin 400mg and Nortriptyline 10mg Tablets,tablet,400mg; 10mg,55.00,true,false,PMBJP,10's,2,gabapentin|nortriptyline,ok,true
PMBJP-1112,Cinnarizine Tablets IP 25mg,tablet,25mg,77.00,false,false,PMBJP,10's,1,cinnarizine,ok,true
PMBJP-1114,Moxifloxacin Hydrochloride Eye Drops IP 0.5% w/v,eye drops,0.5% w/v,143.00,false,false,PMBJP,5 ml,1,moxifloxacin,ok,true
PMBJP-1123,Clomipramine Hydrochloride Sustained release Tablets 75mg,extended release tablet,75mg,55.00,false,false,PMBJP,10's,1,clomipramine,ok,true
PMBJP-1124,Fluvoxamine Maleate Tablets IP 100mg,tablet,100mg,74.00,false,false,PMBJP,10's,1,fluvoxamine,ok,true
PMBJP-1125,Aripiprazole Tablets IP 5mg,tablet,5mg,14.00,false,false,PMBJP,10's,1,aripiprazole,ok,true
PMBJP-1129,Teneligliptin 20mg and Metformin Hydrochloride 500mg (Sustained Release) Tablets IP,tablet,20mg; 500mg,30.00,true,false,PMBJP,10's,2,teneligliptin|metformin,ok,true
PMBJP-1130,Teneligliptin 20mg and Metformin Hydrochloride 1000mg (Sustained Release) Tablets IP,tablet,20mg; 1000mg,40.00,true,false,PMBJP,10's,2,teneligliptin|metformin,ok,true
PMBJP-1131,Natural Micronised Progesterone Capsules 200mg,capsule,200mg,125.00,false,false,PMBJP,10's,1,natural micronised progesterone,ok,true
PMBJP-1135,Diacerein 50mg and Glucosamine Sulphate 750mg Tablets,tablet,50mg; 750mg,50.00,true,false,PMBJP,10's,2,diacerein|glucosamine,ok,true
PMBJP-1149,Lisinopril Tablets IP 10mg,tablet,10mg,23.00,false,false,PMBJP,15's,1,lisinopril,ok,true
PMBJP-1152,Carbamazepine Prolonged-release Tablets IP 200mg,extended release tablet,200mg,15.00,false,false,PMBJP,10's,1,carbamazepine,ok,true
PMBJP-1154,Diethylcarbamazine Citrate Tablets IP 100mg,tablet,100mg,17.00,false,false,PMBJP,30's,1,diethylcarbamazine,ok,true
PMBJP-1156,Metoprolol Succinate 25mg (Extended Release) and Amlodipine Besilate 5mg Tablets IP,tablet,25mg; 5mg,128.00,true,false,PMBJP,7's,2,metoprolol|amlodipine,ok,true
PMBJP-1157,Doxylamine Succinate 20mg and Pyridoxine Hydrochloride 20mg Tablets,tablet,20mg,15.00,true,false,PMBJP,10's,2,doxylamine|pyridoxine,ok,true
PMBJP-1162,Betamethasone Cream IP 0.1 % w/w,cream,0.1 % w/w,99.00,false,false,PMBJP,20 gm,1,betamethasone,ok,true
PMBJP-1164,Nandrolone Decanoate Injection IP 50 mg per ml,injection,50 mg,40.00,false,false,PMBJP,2 ml,1,nandrolone decanoate,ok,true
PMBJP-1166,Mefenamic Acid Tablets 250 mg,tablet,250 mg,10.00,false,false,PMBJP,10's,1,mefenamic acid,ok,true
PMBJP-1167,Mefenamic Acid Tablets 500 mg,tablet,500 mg,17.00,false,false,PMBJP,10's,1,mefenamic acid,ok,true
PMBJP-1168,Ketorolac Injection IP 30mg per ml,injection,30mg,12.00,false,false,PMBJP,1 ml,1,ketorolac,ok,true
PMBJP-1170,Acetylcysteine Injection 200 mg per ml,injection,200 mg,25.00,false,false,PMBJP,2 ml Ampoules,1,acetylcysteine,ok,true
PMBJP-1178,5-Flurouracil Injection 500mg,injection,500mg,115.00,false,false,PMBJP,10 ml,1,flurouracil,ok,true
PMBJP-1181,Carboplatin Injection IP 150mg,injection,150mg,4125.00,false,false,PMBJP,15 ml Vial,1,carboplatin,ok,true
PMBJP-1182,Carboplatin Injection IP 450mg,injection,450mg,1707.00,false,false,PMBJP,45 ml Vial,1,carboplatin,ok,true
PMBJP-1183,Cyclophosphamide Injection IP 500 mg,injection,500 mg,35.00,false,false,PMBJP,VIAL,1,cyclophosphamide,ok,true
PMBJP-1186,Cyclosporin Capulses IP 25mg,,25mg,72.00,false,false,PMBJP,5's,1,cyclosporin capulses,ok,true
PMBJP-1187,Cyclosporine Capsules IP 100 mg,capsule,100 mg,230.00,false,false,PMBJP,5's,1,cyclosporine,ok,true
PMBJP-1191,Glycopyrrolate Injection IP 0.2mg,injection,0.2mg,7.00,false,false,PMBJP,1 ml,1,glycopyrrolate,ok,true
PMBJP-1199,Hydroxyurea Capsules IP 500mg,capsule,500mg,66.00,false,false,PMBJP,10's,1,hydroxyurea,ok,true
PMBJP-1201,Ifosfamide Injection IP 1gm,injection,1gm,170.00,false,false,PMBJP,VIAL,1,ifosfamide,ok,true
PMBJP-1203,Protamine Sulphate Injection IP 10mg per ml,injection,10mg,21.00,false,false,PMBJP,5 ml Vial/Ampoule,1,protamine,ok,true
PMBJP-1211,Docetaxel Injection IP 80 mg,injection,80 mg,1800.00,false,false,PMBJP,VIAL,1,docetaxel,ok,true
PMBJP-1212,Docetaxel Injection IP 120 mg,injection,120 mg,2700.00,false,false,PMBJP,VIAL,1,docetaxel,ok,true
PMBJP-1213,Erlotinib Tablets IP 150 mg,tablet,150 mg,700.00,false,false,PMBJP,10's Bottle,1,erlotinib,ok,true
PMBJP-1214,Gefitinib Tablets IP 250 mg,tablet,250 mg,440.00,false,false,PMBJP,10's,1,gefitinib,ok,true
PMBJP-1215,Pemetrexed Injection IP 100 mg,injection,100 mg,810.00,false,false,PMBJP,VIAL,1,pemetrexed,ok,true
PMBJP-1216,Pemetrexed Injection IP 500 mg,injection,500 mg,2310.00,false,false,PMBJP,VIAL,1,pemetrexed,ok,true
PMBJP-1217,Temozolomide Capsules IP 100mg,capsule,100mg,1463.00,false,false,PMBJP,5's in Bottle,1,temozolomide,ok,true
PMBJP-1218,Temozolomide Capsules IP 250 mg,capsule,250 mg,2685.00,false,false,PMBJP,5's,1,temozolomide,ok,true
PMBJP-1219,Amino Acid Solution for IV,solution,,247.00,false,false,PMBJP,200 ml Glass Bottle,1,amino acid iv,ok,true
PMBJP-1220,Oseltamivir Capsules IP 75mg,capsule,75mg,190.00,false,false,PMBJP,10's,1,oseltamivir,ok,true
PMBJP-1221,Thyroxine Sodium Tablets IP 50mcg,tablet,50mcg,55.00,false,false,PMBJP,100's in Bottle,1,levothyroxine,ok,true
PMBJP-1222,Artemether 80mg and Lumefantrine 480mg Tablets,tablet,80mg; 480mg,30.00,true,false,PMBJP,6's,2,artemether|lumefantrine,ok,true
PMBJP-1223,"Carbonyl Iron 50mg, Folic Acid 0.5mg and Zinc 61.8mg Capsules",capsule,50mg; 0.5mg; 61.8mg,22.00,true,false,PMBJP,15's,3,carbonyl iron|folic acid|zinc,ok,true
PMBJP-1225,Orlistat Capsules 120 mg,capsule,120 mg,143.00,false,false,PMBJP,10's,1,orlistat,ok,true
PMBJP-1226,Triamcinolone Acetonide Injection IP 40mg per ml,injection,40mg,50.00,false,false,PMBJP,1 ml Vial,1,triamcinolone,ok,true
PMBJP-1227,Triamcinolone Tablets IP 4mg,tablet,4mg,35.00,false,false,PMBJP,10's,1,triamcinolone,ok,true
PMBJP-1228,Gabapentin 300mg and Amitriptyline 10mg Tablets,tablet,300mg; 10mg,55.00,true,false,PMBJP,10's,2,gabapentin|amitriptyline,ok,true
PMBJP-1231,Vitamin E Acetate 200mg and Levocarnitine 150mg Tablets,tablet,200mg; 150mg,0.00,true,false,PMBJP,10's,2,vitamin e|levocarnitine,ok,false
PMBJP-1232,Noscapine Syrup 1.83mg per 5ml,syrup,1.83mg; 5ml,40.00,false,false,PMBJP,50 ml,1,noscapine,ok,true
PMBJP-1236,Albendazole Tablets IP 400mg,tablet,400mg,33.00,false,false,PMBJP,1's,1,albendazole,ok,true
PMBJP-1237,Methyldopa Tablets IP 500 mg,tablet,500 mg,50.00,false,false,PMBJP,10's,1,methyldopa,ok,true
PMBJP-1238,Prazosin Hydrochloride Sustained Release Tablets 2.5 mg,extended release tablet,2.5 mg,60.00,false,false,PMBJP,30's,1,prazosin,ok,true
PMBJP-1240,Gliclazide 80mg and Metformin Hydrochloride 500mg Tablets,tablet,80mg; 500mg,286.00,true,false,PMBJP,10's,2,gliclazide|metformin,ok,true
PMBJP-1241,Cefaclor Dispersible Tablets 250 mg,dispersible tablet,250 mg,180.00,false,false,PMBJP,10's,1,cefaclor,ok,true
PMBJP-1246,Fluconazole Tablets IP 150 mg,tablet,150 mg,55.00,false,false,PMBJP,1's,1,fluconazole,ok,true
PMBJP-1248,"Haematinic Syrup of Iron 32mg ,Folic Acid 0.5mg and Vitamin B12 7.5mcg",syrup,32mg; 0.5mg; 7.5mcg,42.00,true,false,PMBJP,200 ml Bottle,3,haematinic iron|folic acid|vitamin b,residue,true
PMBJP-1251,Vitamin B6 (Pyridoxine Hydrochloride) Tablets IP 100mg,tablet,100mg,22.00,false,false,PMBJP,10's,1,vitamin b,ok,true
PMBJP-1252,"Calcium Phosphate 82mg, Vitamin D3 200IU and Vitamin B12 2.5mcg Suspension",oral suspension,82mg; 200IU; 2.5mcg,36.00,true,false,PMBJP,200 ml,3,calcium|vitamin d|vitamin b,ok,true
PMBJP-1254,"Diphenhydramine 13-15mg, Ammonium Chloride 135-150mg , Sodium Citrate 57-85mg, Menthol 0.9-2.6mg Cough Syrup",syrup,15mg; 150mg; 85mg; 2.6mg,18.00,true,false,PMBJP,100 ml Bottle,4,diphenhydramine|ammonium|sodium|menthol - cough,residue,true
PMBJP-1255,Acebrophylline 200mg (Sustained Release) and Montelukast 10mg Tablets,tablet,200mg; 10mg,55.00,true,false,PMBJP,10's,2,acebrophylline|montelukast,ok,true
PMBJP-1257,Allylestrenol Tablets 5 mg,tablet,5 mg,33.00,false,false,PMBJP,10's,1,allylestrenol,ok,true
PMBJP-1261,Amiloride 2.5mg and Hydrochlorothiazide 25mg Tablet IP,tablet,2.5mg; 25mg,15.00,true,false,PMBJP,10's,2,amiloride|hydrochlorothiazide,ok,true
PMBJP-1263,Ampicillin Capsules IP 500 mg,capsule,500 mg,40.00,false,false,PMBJP,10's,1,ampicillin,ok,true
PMBJP-1281,Chlordiazepoxide Tablets IP 10 mg,tablet,10 mg,21.00,false,false,PMBJP,10's,1,chlordiazepoxide,ok,true
PMBJP-1283,Chlorthalidone Tablets IP 6.25 mg,tablet,6.25 mg,10.00,false,false,PMBJP,10's,1,chlorthalidone,ok,true
PMBJP-1284,Cilnidipine 10mg and Telmisartan 40mg Tablets,tablet,10mg; 40mg,242.00,true,false,PMBJP,10's,2,cilnidipine|telmisartan,ok,true
PMBJP-1285,Cinitapride Tablets 1 mg,tablet,1 mg,30.00,false,false,PMBJP,10's,1,cinitapride,ok,true
PMBJP-1297,Ranitidine 150mg and Domperidone 10mg Tablets,tablet,150mg; 10mg,15.00,true,false,PMBJP,15's,2,ranitidine|domperidone,ok,true
PMBJP-1298,Donepezil Tablets IP 5 mg,tablet,5 mg,20.00,false,false,PMBJP,10's,1,donepezil,ok,true
PMBJP-1301,Drotaverine 80mg and Aceclofenac 100mg Tablets,tablet,80mg; 100mg,33.00,true,false,PMBJP,10's,2,drotaverine|aceclofenac,ok,true
PMBJP-1302,Duloxetine Gastro-resistant Tablets IP 20 mg,gastro-resistant tablet,20 mg,27.00,false,false,PMBJP,10's,1,duloxetine,ok,true
PMBJP-1306,Escitalopram Oxalate 5mg and Clonazepam 0.5mg Tablets IP,tablet,5mg; 0.5mg,143.00,true,false,PMBJP,10's,2,escitalopram|clonazepam,ok,true
PMBJP-1307,Ethinylestradiol 0.03mg and Desogestrel 0.15mg Tablets,tablet,0.03mg; 0.15mg,90.00,true,false,PMBJP,21's,2,ethinyl estradiol|desogestrel,ok,true
PMBJP-1308,Ethinylestradiol 0.03mg and Levonorgestrel 0.15mg Tablets IP,tablet,0.03mg; 0.15mg,35.00,true,false,PMBJP,21's,2,ethinyl estradiol|levonorgestrel,ok,true
PMBJP-1310,Faropenem Tablets 200mg,tablet,200mg,300.00,false,false,PMBJP,6's,1,faropenem,ok,true
PMBJP-1311,Fenofibrate Tablets IP 145 mg,tablet,145 mg,22.00,false,false,PMBJP,10's,1,fenofibrate,ok,true
PMBJP-1312,Flavoxate Tablets IP 200 mg,tablet,200 mg,60.00,false,false,PMBJP,15's,1,flavoxate,ok,true
PMBJP-1315,Fluticasone Furoate Nasal Spray 27.5mcg,nasal spray,27.5mcg,138.00,false,false,PMBJP,120 MDI,1,fluticasone,ok,true
PMBJP-1319,Gabapentin Tablets IP 100 mg,tablet,100 mg,154.00,false,false,PMBJP,10's,1,gabapentin,ok,true
PMBJP-1328,Isoxsuprine Injection IP 5 mg,injection,5 mg,10.00,false,false,PMBJP,2 ml Vial,1,isoxsuprine,ok,true
PMBJP-1341,Mebendazole Tablets IP 100 mg,tablet,100 mg,9.00,false,false,PMBJP,6's,1,mebendazole,ok,true
PMBJP-1342,Mebeverine Hydrochloride Tablets IP 200mg,tablet,200mg,56.00,false,false,PMBJP,10's,1,mebeverine,ok,true
PMBJP-1344,Meropenem 1000mg and Sulbactam 500mg Injection,injection,1000mg; 500mg,286.00,true,false,PMBJP,Vial & Wfi,2,meropenem|sulbactam,ok,true
PMBJP-1345,Meropenem Injection IP 500 mg,injection,500 mg,165.00,false,false,PMBJP,Vial & Wfi,1,meropenem,ok,true
PMBJP-1348,Methylprednisolone Tablets IP 4mg,tablet,4mg,165.00,false,false,PMBJP,10's,1,methylprednisolone,ok,true
PMBJP-1353,Mirtazapine Tablets IP 7.5mg,tablet,7.5mg,13.00,false,false,PMBJP,10's,1,mirtazapine,ok,true
PMBJP-1354,Modafinil Tablets IP 200mg,tablet,200mg,84.00,false,false,PMBJP,10's,1,modafinil,ok,true
PMBJP-1359,Naproxen Tablets IP 250 mg,tablet,250 mg,23.00,false,false,PMBJP,15's,1,naproxen,ok,true
PMBJP-1367,"Olmesartan 20mg, Amlodipine 5mg and Hydrochlorothiazide 12.5mg Tablets",tablet,20mg; 5mg; 12.5mg,418.00,true,false,PMBJP,10's,3,olmesartan|amlodipine|hydrochlorothiazide,ok,true
PMBJP-1368,Olmesartan Medoxomil 20mg and Hydrochlorothiazide 12.5mg Tablets IP,tablet,20mg; 12.5mg,27.00,true,false,PMBJP,10's,2,olmesartan|hydrochlorothiazide,ok,true
PMBJP-1375,Phenobarbitone Tablets IP 60 mg,tablet,60 mg,28.00,false,false,PMBJP,30's,1,phenobarbital,ok,true
PMBJP-1382,Prasugrel Tablets IP 10 mg,tablet,10 mg,66.00,false,false,PMBJP,10's,1,prasugrel,ok,true
PMBJP-1383,Pregabalin 75mg and Nortriptyline 10mg Tablets,tablet,75mg; 10mg,341.00,true,false,PMBJP,10's,2,pregabalin|nortriptyline,ok,true
PMBJP-1384,Quetiapine Tablets IP 25 mg,tablet,25 mg,11.00,false,false,PMBJP,10's,1,quetiapine,ok,true
PMBJP-1392,Aspirin Gastro Resistant 75mg and Rosuvastatin 10mg Capsules IP,capsule,75mg; 10mg,37.00,true,false,PMBJP,10's,2,acetylsalicylic acid|rosuvastatin,ok,true
PMBJP-1393,Rosuvastatin 10mg and Clopidogrel 75mg Capsules,capsule,10mg; 75mg,42.00,true,false,PMBJP,10's,2,rosuvastatin|clopidogrel,ok,true
PMBJP-1396,Sertaconazole Nitrate Cream IP 2%w/w,cream,2%w/w,60.00,false,false,PMBJP,15 gm,1,sertaconazole,ok,true
PMBJP-1408,Tamsulosin 0.4mg and Finasteride 5mg Tablets,tablet,0.4mg; 5mg,385.00,true,false,PMBJP,15's,2,tamsulosin|finasteride,ok,true
PMBJP-1409,Teicoplanin Injection IP 400mg,injection,400mg,750.00,false,false,PMBJP,1 ml Vial,1,teicoplanin,ok,true
PMBJP-1410,"Telmisartan 40mg, Amlodipine 5mg and Hydrochlorothiazide 12.5mg Tablets",tablet,40mg; 5mg; 12.5mg,209.00,true,false,PMBJP,10's,3,telmisartan|amlodipine|hydrochlorothiazide,ok,true
PMBJP-1411,Telmisartan 40mg and Chlorthalidone 6.25mg Tablets,tablet,40mg; 6.25mg,20.00,true,false,PMBJP,10's,2,telmisartan|chlorthalidone,ok,true
PMBJP-1414,Terlipressin Injection 1000 mcg (1 mg/10ml),injection,1000 mcg; 1 mg; 10ml,225.00,false,false,PMBJP,10 ml Vial,1,terlipressin,ok,true
PMBJP-1417,Thiocolchicoside Capsules IP 4mg,capsule,4mg,45.00,false,false,PMBJP,10's,1,thiocolchicoside,ok,true
PMBJP-1418,Tigecycline Injection IP 50 mg,injection,50 mg,660.00,false,false,PMBJP,5 ml Vial,1,tigecycline,ok,true
PMBJP-1427,"Trypsin 48mg, Bromelain 90mg and Rutoside Trihydrate 100mg Tablets",tablet,48mg; 90mg; 100mg,70.00,true,false,PMBJP,10's,3,trypsin|bromelain|rutoside,ok,true
PMBJP-1431,Valethamate Injection 8 mg per ml (For IM/IV use),injection,8 mg,99.00,false,false,PMBJP,1 ml Ampoule,1,valethamate,ok,true
PMBJP-1432,Tobramycin Eye Drops 0.3%w/v,eye drops,0.3%w/v,25.00,false,false,PMBJP,5 ml Vial,1,tobramycin,ok,true
PMBJP-1435,Capecitabine Tablets IP 500mg,tablet,500mg,250.00,false,false,PMBJP,10's,1,capecitabine,ok,true
PMBJP-1437,Cefpodoxime Proxetil Oral Suspension IP 50mg,oral suspension,50mg,30.00,false,false,PMBJP,30 ml,1,cefpodoxime,ok,true
PMBJP-1438,"Metformin Hydrochloride 500mg (Sustained Release), Glimepiride 2mg and Voglibose 0.2mg Tablets",tablet,500mg; 2mg; 0.2mg,319.00,true,false,PMBJP,10's,3,metformin|glimepiride|voglibose,ok,true
PMBJP-1440,Janaushadhi Protein Powder 250g,powder,250g,200.00,false,true,PMBJP,1's Tin 250g,1,janaushadhi protein,non_drug,true
PMBJP-1441,Janaushadhi Nirmal (Nicotine Polacrilex Chewing Gum 2 mg)),,2 mg,42.00,false,false,PMBJP,1 x 9's (mono carton pack),1,janaushadhi nirmal,residue,true
PMBJP-1442,Janaushadhi Urja (Glucose Powder (Orange Flavour) 300 g),powder,300 g,70.00,false,true,PMBJP,300 g Box,1,janaushadhi urja glucose,non_drug,true
PMBJP-1443,Janaushadhi Urja (Glucose Powder (Orange Flavour) 100 g),powder,100 g,30.00,false,true,PMBJP,100 gm Tetra pack,1,janaushadhi urja glucose,non_drug,true
PMBJP-1445,Jan Pudina Soft Gel Capsules,soft gelatin capsule,,16.00,false,false,PMBJP,10's,1,jan pudina,ok,true
PMBJP-1446,Janushadhi Madhurak (Stevia Natural Sweetener),,,140.00,false,true,PMBJP,100 gm Plastic Jar,1,janushadhi madhurak,non_drug,true
PMBJP-1447,Janaushadhi Janani 250g,,250g,225.00,false,false,PMBJP,1's Tin 250g,1,janaushadhi janani,residue,true
PMBJP-1448,Lamotrigine Dispersible Tablets IP 100mg,dispersible tablet,100mg,40.00,false,false,PMBJP,10's,1,lamotrigine,ok,true
PMBJP-1449,Enzyme syrup mixed fruit flavour,syrup,,48.00,false,false,PMBJP,200 ml,1,enzyme mixed fruit,residue,true
PMBJP-1450,Pyrantel Pamoate Oral Suspension IP 250mg per 5ml,oral suspension,250mg; 5ml,12.00,false,false,PMBJP,10 ml,1,pyrantel,ok,true
PMBJP-1451,Theophylline Prolonged-release Tablets IP 400 mg,extended release tablet,400 mg,30.00,false,false,PMBJP,10's,1,theophylline,ok,true
PMBJP-1452,Pyridoxine Hydrochloride Sustained release tablets 100mg,extended release tablet,100mg,35.00,false,false,PMBJP,10's,1,pyridoxine,ok,true
PMBJP-1453,Levetiracetam Oral Solution IP 100mg,oral solution,100mg,85.00,false,false,PMBJP,100 ml,1,levetiracetam,ok,true
PMBJP-1454,"Terbutaline 1.25mg, Ambroxol 15mg, Guaiphenesin 50mg per 5ml Syrup with Menthol base",syrup,1.25mg; 15mg; 50mg; 5ml,32.00,true,false,PMBJP,100 ml,3,terbutaline|ambroxol|guaiphenesin menthol,ok,true
PMBJP-1455,L-Arginine Granules 3g,powder,3g,16.00,false,false,PMBJP,5 gm,1,l-arginine,ok,true
PMBJP-1456,Itraconazole Capsules 200 mg,capsule,200 mg,352.00,false,false,PMBJP,4's,1,itraconazole,ok,true
PMBJP-1457,Luliconazole Cream IP 1% w/w,cream,1% w/w,242.00,false,false,PMBJP,10 gms tube,1,luliconazole,ok,true
PMBJP-1458,Sodium Chloride Injection IP 0.9%w/v,injection,0.9%w/v,30.00,false,false,PMBJP,500 ml IV Fluid Plastic Container,1,sodium,ok,true
PMBJP-1459,"Janaushadhi Poshan (Malt based food, 500gm)",,500gm,180.00,false,true,PMBJP,1's Screw Cap Plastic Jar,1,janaushadhi poshan,non_drug,true
PMBJP-1460,Insulin Pen,,,0.00,false,false,PMBJP,1's,1,insulin pen,residue,false
PMBJP-1461,Vildagliptin Tablets IP 50mg,tablet,50mg,20.00,false,false,PMBJP,15's,1,vildagliptin,ok,true
PMBJP-1462,Vildagliptin 50mg and Metformin Hydrochloride 500mg Tablets IP,tablet,50mg; 500mg,30.00,true,false,PMBJP,15's,2,vildagliptin|metformin,ok,true
PMBJP-1463,Vildagliptin 50mg and Metformin Hydrochloride 1000mg Tablets IP,tablet,50mg; 1000mg,35.00,true,false,PMBJP,15's,2,vildagliptin|metformin,ok,true
PMBJP-1464,Janaushadhi Protein Bar (35 gm),,35 gm,45.00,false,true,PMBJP,1's Bar,1,janaushadhi protein bar,non_drug,true
PMBJP-1465,Janaushadhi Immunity Bar (10 gm),,10 gm,10.00,false,true,PMBJP,1's Bar,1,janaushadhi immunity bar,non_drug,true
PMBJP-1466,Janaushadhi Protein Powder (Vanilla) 250 gm,powder,250 gm,200.00,false,true,PMBJP,1's Tin 250g,1,janaushadhi protein,non_drug,true
PMBJP-1467,Janaushadhi Protein Powder (Kesar Pista) 250 gm,powder,250 gm,200.00,false,true,PMBJP,1's Tin 250g,1,janaushadhi protein,non_drug,true
PMBJP-1471,"Janaushadhi Poshan (Malt based food with Cocoa, 500gm)",,500gm,185.00,false,true,PMBJP,1's Screw Cap Plastic Jar,1,janaushadhi poshan,non_drug,true
PMBJP-1472,Janaushadhi Janani (Vanilla) 250 gm,,250 gm,225.00,false,false,PMBJP,1's Tin 250g,1,janaushadhi janani,residue,true
PMBJP-1473,Hand Sanitizer 100 ml (Each pack contains: Ethanol 70% v/v and Chlorhexidine Gluconate 0.5% w/v),,70% v/v; 0.5% w/v; 100 ml,40.00,true,true,PMBJP,100 ml,2,hand sanitizer contains ethanol|chlorhexidine,non_drug,true
PMBJP-1474,Hand Sanitizer 500 ml (Each pack contains: Ethanol 70% v/v and Chlorhexidine Gluconate 0.5% w/v),,70% v/v; 0.5% w/v; 500 ml,200.00,true,true,PMBJP,500 ml,2,hand sanitizer contains ethanol|chlorhexidine,non_drug,true
PMBJP-1475,Hand Sanitizer 250 ml (Each pack contains: Ethanol 70% v/v and Chlorhexidine Gluconate 0.5% w/v),,70% v/v; 0.5% w/v; 250 ml,100.00,true,true,PMBJP,250 ml,2,hand sanitizer contains ethanol|chlorhexidine,non_drug,true
PMBJP-1476,Hydroxychloroquine Tablet IP 400 mg,tablet,400 mg,82.00,false,false,PMBJP,10's,1,hydroxychloroquine,ok,true
PMBJP-1479,Canagliflozin Tablets 100 mg,tablet,100 mg,186.00,false,false,PMBJP,10's,1,canagliflozin,ok,true
PMBJP-1480,Metformin 500mg (Prolonged release) and Glimepiride 0.5mg Tablets IP,tablet,500mg; 0.5mg,176.00,true,false,PMBJP,10's,2,metformin|glimepiride,ok,true
PMBJP-1481,Metformin 1000mg (Prolonged release) and Glimepiride 1mg Tablets IP,tablet,1000mg; 1mg,286.00,true,false,PMBJP,10's,2,metformin|glimepiride,ok,true
PMBJP-1482,Metformin 1000mg (Prolonged release) and Glimepiride 3mg Tablets IP,tablet,1000mg; 3mg,418.00,true,false,PMBJP,15's,2,metformin|glimepiride,ok,true
PMBJP-1483,Metformin 1000mg (Prolonged release) and Glimepiride 4mg Tablets IP,tablet,1000mg; 4mg,46.00,true,false,PMBJP,15's,2,metformin|glimepiride,ok,true
PMBJP-1485,Mesalazine Prolonged release Tablets IP 1200 mg,extended release tablet,1200 mg,138.00,false,false,PMBJP,10's,1,mesalazine,ok,true
PMBJP-1487,Selenium Sulphide Shampoo 2.5% w/v,shampoo,2.5% w/v,186.00,false,false,PMBJP,120 ml,1,selenium sulphide,ok,true
PMBJP-1488,Acarbose Tablets IP 25 mg,tablet,25 mg,40.00,false,false,PMBJP,10's,1,acarbose,ok,true
PMBJP-1489,Acebrophylline 100mg and Acetylcysteine 600mg Tablets,tablet,100mg; 600mg,60.00,true,false,PMBJP,10's,2,acebrophylline|acetylcysteine,ok,true
PMBJP-1490,Acebrophylline Sustained Release Tablets 200 mg,extended release tablet,200 mg,30.00,false,false,PMBJP,10's,1,acebrophylline,ok,true
PMBJP-1492,Aceclofenac 200mg (Sustained release) and Rabeprazole Sodium 20mg (Enteric-coated) Capsules,capsule,200mg; 20mg,30.00,true,false,PMBJP,10's,2,aceclofenac|rabeprazole,ok,true
PMBJP-1493,"Aceclofenac 100mg, Paracetamol 325mg and Thiocolchicoside 4mg Tablets",tablet,100mg; 325mg; 4mg,55.00,true,false,PMBJP,10's,3,aceclofenac|acetaminophen|thiocolchicoside,ok,true
PMBJP-1495,"Aceclofenac 100mg, Paracetamol 325mg and Tizanidine 2mg Tablets",tablet,100mg; 325mg; 2mg,20.00,true,false,PMBJP,10's,3,aceclofenac|acetaminophen|tizanidine,ok,true
PMBJP-1496,Aciclovir Dispersible Tablets IP 400 mg,dispersible tablet,400 mg,30.00,false,false,PMBJP,5's,1,acyclovir,ok,true
PMBJP-1497,Acitretin Capsules IP 25 mg,capsule,25 mg,250.00,false,false,PMBJP,10's,1,acitretin,ok,true
PMBJP-1498,Acotiamide Tablets 100mg,tablet,100mg,73.00,false,false,PMBJP,10's,1,acotiamide,ok,true
PMBJP-1499,Adalimumab Injection 40mg per 0.8 ml (For subcutaneous use only),injection,40mg; 0.8 ml,13000.00,false,false,PMBJP,0.8 ml in 1 prefilled syringe,1,adalimumab,ok,true
PMBJP-1500,Aflibercept Intravitreal Injection 40 mg per ml,injection,40 mg,0.00,false,false,PMBJP,3 ml Ampoule in Mono Carton,1,aflibercept intravitreal,ok,false
PMBJP-1501,Amantadine Hydrochloride Capsules IP 100 mg,capsule,100 mg,50.00,false,false,PMBJP,10's,1,amantadine,ok,true
PMBJP-1502,Amiodarone Tablets IP 100 mg,tablet,100 mg,31.00,false,false,PMBJP,10's,1,amiodarone,ok,true
PMBJP-1503,Amlodipine Besilate 5mg and Bisoprolol Fumarate 5mg Tablets,tablet,5mg,198.00,true,false,PMBJP,10's,2,amlodipine|bisoprolol,ok,true
PMBJP-1504,Amorolfine Cream 0.25% w/w,cream,0.25% w/w,55.00,false,false,PMBJP,30 g,1,amorolfine,ok,true
PMBJP-1505,Amoxycillin 400mg and Potassium Clavulanate 57mg Oral Suspension IP,oral suspension,400mg; 57mg,50.00,true,false,PMBJP,30 ml,2,amoxicillin|clavulanate,ok,true
PMBJP-1506,Amoxycillin 80mg and Potassium Clavulanate 11.4mg Oral Suspension IP,oral suspension,80mg; 11.4mg,35.00,true,false,PMBJP,10 ml,2,amoxicillin|clavulanate,ok,true
PMBJP-1507,"Amoxycillin 250mg, Dicloxacillin 250mg and Lactic Acid Bacillus 2.5 billion Capsules",capsule,250mg,48.00,true,false,PMBJP,10's,3,amoxicillin|dicloxacillin|lactic acid bacillus,ok,true
PMBJP-1508,Ampicillin 250mg and Cloxacillin 250mg Capsules,capsule,250mg,30.00,true,false,PMBJP,10's,2,ampicillin|cloxacillin,ok,true
PMBJP-1509,Ampicillin 250mg and Di-Cloxacillin 250mg Capsules,capsule,250mg,45.00,true,false,PMBJP,10's,2,ampicillin|di-cloxacillin,ok,true
PMBJP-1510,Anti-D (Rho) Immunoglobulin (Monoclonal) 300 mcg,,300 mcg,0.00,false,false,PMBJP,1 ml Vial,1,anti-d immunoglobulin,ok,false
PMBJP-1511,Antioxidant Capsules,capsule,,65.00,false,false,PMBJP,30's,1,antioxidant,ok,true
PMBJP-1512,Apremilast Tablets IP 10mg,tablet,10mg,80.00,false,false,PMBJP,10's,1,apremilast,ok,true
PMBJP-1513,Apremilast Tablets IP 20mg,tablet,20mg,100.00,false,false,PMBJP,10's,1,apremilast,ok,true
PMBJP-1514,Apremilast Tablets IP 30mg,tablet,30mg,138.00,false,false,PMBJP,10's,1,apremilast,ok,true
PMBJP-1515,Atorvastatin 10mg and Aspirin 150mg Capsules,capsule,10mg; 150mg,26.00,true,false,PMBJP,15's,2,atorvastatin|acetylsalicylic acid,ok,true
PMBJP-1516,Atorvastatin 20mg and Clopidogrel 75mg Capsules,capsule,20mg; 75mg,385.00,true,false,PMBJP,10's,2,atorvastatin|clopidogrel,ok,true
PMBJP-1517,"Atorvastatin 20mg, Clopidogrel 75mg and Aspirin 75mg Capsules",capsule,20mg; 75mg,44.00,true,false,PMBJP,10's,3,atorvastatin|clopidogrel|acetylsalicylic acid,ok,true
PMBJP-1518,Azilsartan 40mg and Chlorthalidone 6.25mg Tablet,tablet,40mg; 6.25mg,65.00,true,false,PMBJP,10's,2,azilsartan|chlorthalidone,ok,true
PMBJP-1519,Azilsartan Medoxomil 40mg and Chlorthalidone 12.5mg Tablets,tablet,40mg; 12.5mg,73.00,true,false,PMBJP,10's,2,azilsartan|chlorthalidone,ok,true
PMBJP-1520,Azilsartan Medoxomil Tablets IP 40mg,tablet,40mg,64.00,false,false,PMBJP,10's,1,azilsartan,ok,true
PMBJP-1521,Azithromycin Oral Suspension IP 200 mg,oral suspension,200 mg,22.00,false,false,PMBJP,15 ml,1,azithromycin,ok,true
PMBJP-1522,Beclomethasone 0.025%w/w and Clotrimazole 1%w/w Cream,cream,0.025%w/w; 1%w/w,25.00,true,false,PMBJP,20 g,2,beclomethasone|clotrimazole,ok,true
PMBJP-1523,Beclomethasone 0.025%w/v and Clotrimazole 1%w/v Lotion,lotion,0.025%w/v; 1%w/v,30.00,true,false,PMBJP,30 ml,2,beclomethasone|clotrimazole,ok,true
PMBJP-1524,Bepotastine Besilate Tablets 10mg,tablet,10mg,65.00,false,false,PMBJP,10's,1,bepotastine,ok,true
PMBJP-1525,Betahistine Tablets IP 16 mg,tablet,16 mg,16.00,false,false,PMBJP,15's,1,betahistine,ok,true
PMBJP-1526,Betahistine Tablets IP 24 mg,tablet,24 mg,24.00,false,false,PMBJP,15's,1,betahistine,ok,true
PMBJP-1527,"Betamethasone Valerate 0.12%w/w, Gentamicin 0.1%w/w and Miconazole Nitrate 2%w/w Cream",cream,0.12%w/w; 0.1%w/w; 2%w/w,16.00,true,false,PMBJP,20 g,3,betamethasone|gentamicin|miconazole,ok,true
PMBJP-1528,Bilastine Tablets 20 mg,tablet,20 mg,35.00,false,false,PMBJP,10's,1,bilastine,ok,true
PMBJP-1529,Bimatoprost Ophthalmic Solution 0.01% w/v,solution,0.01% w/v,0.00,false,false,PMBJP,3 ml,1,bimatoprost,ok,false
PMBJP-1530,Bimatoprost Ophthalmic Solution 0.03% w/v,solution,0.03% w/v,170.00,false,false,PMBJP,3 ml,1,bimatoprost,ok,true
PMBJP-1531,Bisoprolol Fumarate Tablets 2.5 mg,tablet,2.5 mg,11.00,false,false,PMBJP,10's,1,bisoprolol,ok,true
PMBJP-1532,Botulinum Toxin Type A 100 IU,,100 IU,0.00,false,false,PMBJP,1 Vial,1,botulinum toxin a,ok,false
PMBJP-1533,Brimonidine Tartrate 0.2%w/v and Timolol Maleate 0.5%w/v Ophthalmic Solution,solution,0.2%w/v; 0.5%w/v,50.00,true,false,PMBJP,5 ml,2,brimonidine|timolol,ok,true
PMBJP-1534,Brimonidine Tartrate Eye drops IP 0.1% w/v,eye drops,0.1% w/v,20.00,false,false,PMBJP,5 ml,1,brimonidine,ok,true
PMBJP-1536,Calcitriol 0.25mcg and Calcium 200mg Capsules,capsule,0.25mcg; 200mg,35.00,true,false,PMBJP,15's,2,calcitriol|calcium,ok,true
PMBJP-1537,Calcium and Vitamin D3 Capsules,capsule,,33.00,true,false,PMBJP,10's,2,calcium|vitamin d,ok,true
PMBJP-1538,"Calcium Citrate Malate 250mg, Calcitriol 0.25mcg and Vitamin K2-7 50mcg Tablets",tablet,250mg; 0.25mcg; 50mcg,40.00,true,false,PMBJP,10's,3,calcium|calcitriol|vitamin k,ok,true
PMBJP-1539,Calcium Gluconate 50mg and Calcium Lactobionate 87.5mg Injection,injection,50mg; 87.5mg,0.00,true,false,PMBJP,10 ml,2,calcium|calcium lactobionate,ok,false
PMBJP-1540,Calcium (from Coral Grains) 500mg and Vitamin D-3 500IU Tablets,tablet,500mg; 500IU,30.00,true,false,PMBJP,10's,2,calcium|vitamin d,ok,true
PMBJP-1541,"Calcium 1250mg, Calcitriol 0.25mcg and Vitamin K2-7 45mcg Capsules",capsule,1250mg; 0.25mcg; 45mcg,50.00,true,false,PMBJP,10's,3,calcium|calcitriol|vitamin k,ok,true
PMBJP-1542,"Calcium, Magnesium, zinc and Vitamin D-3 Oral Suspension",oral suspension,,38.00,true,false,PMBJP,200 ml,2,calcium magnesium zinc|vitamin d,ok,true
PMBJP-1543,Camylofin Dihydrochloride 25mg and Paracetamol 300mg Tablets,tablet,25mg; 300mg,20.00,true,false,PMBJP,10's,2,camylofin|acetaminophen,ok,true
PMBJP-1544,"Coenzyme Q10 100mg, Lycopene 4000mcg, Selenium 70mcg and Omega-3 Fatty Acids (EPA 90mg and DHA 60mg) Capsules",capsule,100mg; 4000mcg; 70mcg; 90mg; 60mg,150.00,true,false,PMBJP,10's,5,coenzyme q|lycopene|selenium|omega- fatty acids epa|dha,residue,true
PMBJP-1545,Carboxymethlycellulose Eye drops IP 1% w/v,eye drops,1% w/v,30.00,false,false,PMBJP,10 ml,1,carboxymethlycellulose,ok,true
PMBJP-1548,Cefixime Oral Suspension IP 100 mg per 5ml,oral suspension,100 mg; 5ml,32.00,false,false,PMBJP,30 ml,1,cefixime,ok,true
PMBJP-1549,Cefixime Oral Suspension IP 25 mg per ml,oral suspension,25 mg,22.00,false,false,PMBJP,10 ml,1,cefixime,ok,true
PMBJP-1551,Cefoperazone 1g and Sulbactam 500mg Injection,injection,1g; 500mg,65.00,true,false,PMBJP,1 Vial,2,cefoperazone|sulbactam,ok,true
PMBJP-1552,Cefoperazone 2g and Sulbactam 1g Injection,injection,2g; 1g,115.00,true,false,PMBJP,1 Vial,2,cefoperazone|sulbactam,ok,true
PMBJP-1553,Cefpodoxime Oral Suspension IP 100mg,oral suspension,100mg,40.00,false,false,PMBJP,30 ml,1,cefpodoxime,ok,true
PMBJP-1554,Ceftriaxone 250mg and Tazobactam 31.25mg Injection,injection,250mg; 31.25mg,24.00,true,false,PMBJP,1 Vial & wfi,2,ceftriaxone|tazobactam,ok,true
PMBJP-1555,Ceftriaxone Injection IP 2 g,injection,2 g,60.00,false,false,PMBJP,1 Vial & wfi,1,ceftriaxone,ok,true
PMBJP-1556,Cephalexin Extended Release Tablets 750mg,extended release tablet,750mg,115.00,false,false,PMBJP,10's,1,cefalexin,ok,true
PMBJP-1557,Cerebroprotein Hydrolysate Injection 30mg,injection,30mg,200.00,false,false,PMBJP,1 vial,1,cerebroprotein hydrolysate,ok,true
PMBJP-1558,Cerebroprotein Hydrolysate Injection 60mg,injection,60mg,250.00,false,false,PMBJP,1 vial,1,cerebroprotein hydrolysate,ok,true
PMBJP-1559,Chloramphenicol Capsules IP 250 mg,capsule,250 mg,40.00,false,false,PMBJP,10's,1,chloramphenicol,ok,true
PMBJP-1560,Chloramphenicol Capsules IP 500 mg,capsule,500 mg,65.00,false,false,PMBJP,10's,1,chloramphenicol,ok,true
PMBJP-1562,Chlordiazepoxide 5mg and Amitriptyline Hydrochloride 12.5mg Tablets,tablet,5mg; 12.5mg,9.00,true,false,PMBJP,10's,2,chlordiazepoxide|amitriptyline,ok,true
PMBJP-1564,Cholecalciferol Chewable Tablets 60000 IU,dispersible tablet,60000 IU,165.00,false,false,PMBJP,4'S,1,cholecalciferol,ok,true
PMBJP-1565,Cilnidipine Tablets IP 10 mg,tablet,10 mg,165.00,false,false,PMBJP,10's,1,cilnidipine,ok,true
PMBJP-1566,Cilnidipine Tablets IP 5 mg,tablet,5 mg,11.00,false,false,PMBJP,10's,1,cilnidipine,ok,true
PMBJP-1567,Pantoprazole Gastro-resistant 40mg and Cinitapride Sustained release 3mg Capsules,capsule,40mg; 3mg,55.00,true,false,PMBJP,10's,2,pantoprazole|cinitapride,ok,true
PMBJP-1568,Cinnarizine Tablets IP 75mg,tablet,75mg,15.00,false,false,PMBJP,10's,1,cinnarizine,ok,true
PMBJP-1569,Ciprofloxacin 0.3% w/v and Dexamethasone 0.1% w/v Eye/Ear Drops,ear drops,0.3% w/v; 0.1% w/v,11.00,true,false,PMBJP,10 ml,2,ciprofloxacin|dexamethasone,ok,true
PMBJP-1570,Citicoline 500mg and Piracetam 800mg Tablets,tablet,500mg; 800mg,220.00,true,false,PMBJP,10's,2,citicoline|piracetam,ok,true
PMBJP-1571,"Clidinium Bromide 2.5mg, Chlordiazepoxide 5mg and Dicyclomine Hydrochloride 10mg Tablets",tablet,2.5mg; 5mg; 10mg,14.00,true,false,PMBJP,10's,3,clidinium|chlordiazepoxide|dicycloverine,ok,true
PMBJP-1572,Clindamycin 1%w/w and Nicotinamide 4%w/w Gel,gel,1%w/w; 4%w/w,20.00,true,false,PMBJP,15 g,2,clindamycin|niacinamide,ok,true
PMBJP-1574,Clobazam Tablets IP 10 mg,tablet,10 mg,32.00,false,false,PMBJP,15's,1,clobazam,ok,true
PMBJP-1575,Clobetasol Propionate 0.05%w/w and Gentamicin 0.1%w/w Cream,cream,0.05%w/w; 0.1%w/w,13.00,true,false,PMBJP,25 g,2,clobetasol|gentamicin,ok,true
PMBJP-1576,Clobetasol Propionate 0.05%w/w and Miconazole Nitrate 2%w/w Cream,cream,0.05%w/w; 2%w/w,28.00,true,false,PMBJP,15 g,2,clobetasol|miconazole,ok,true
PMBJP-1577,Clobetasol Propionate 0.05%w/w and Neomycin Sulphate 0.5%w/w Cream,cream,0.05%w/w; 0.5%w/w,15.00,true,false,PMBJP,10 g,2,clobetasol|neomycin,ok,true
PMBJP-1578,Clobetasol Propionate 0.05%w/w and Salicylic Acid 3%w/w Ointment,ointment,0.05%w/w; 3%w/w,30.00,true,false,PMBJP,20g,2,clobetasol|salicylic acid,ok,true
PMBJP-1579,Clobetasol Propionate 0.05%w/w and Salicylic Acid 6%w/w Ointment,ointment,0.05%w/w; 6%w/w,35.00,true,false,PMBJP,20g,2,clobetasol|salicylic acid,ok,true
PMBJP-1580,"Clobetasol Propionate 0.05%w/w, Gentamicin 0.1%w/w and Miconazole Nitrate 2%w/w Cream",cream,0.05%w/w; 0.1%w/w; 2%w/w,22.00,true,false,PMBJP,15 g,3,clobetasol|gentamicin|miconazole,ok,true
PMBJP-1581,Clopidogrel 75mg and Aspirin 150mg Capsules,capsule,75mg; 150mg,62.00,true,false,PMBJP,15's,2,clopidogrel|acetylsalicylic acid,ok,true
PMBJP-1582,Clotrimazole 1% w/v and Selenium Sulfide 2.5% w/v Suspension,oral suspension,1% w/v; 2.5% w/v,120.00,true,false,PMBJP,75 ml,2,clotrimazole|selenium sulfide,ok,true
PMBJP-1583,Clotrimazole Mouth Paint 1% w/v,,1% w/v,20.00,false,false,PMBJP,25 ml,1,clotrimazole,ok,true
PMBJP-1584,Coenzyme Q10 (Ubidecarenone) and L-Carnitine Tablets,tablet,,100.00,true,false,PMBJP,10's,2,coenzyme q|l-carnitine,ok,true
PMBJP-1585,Colistimethate Sodium for Injection IP 1 Million IU,injection,,180.00,false,false,PMBJP,Vial (10 ml),1,colistimethate,ok,true
PMBJP-1586,Colistimethate Sodium for Injection IP 4.5 Million IU,injection,,450.00,false,false,PMBJP,Vial (10 ml),1,colistimethate,ok,true
PMBJP-1587,Colistin Sulphate Oral Suspension IP 12.5 mg per 5ml,oral suspension,12.5 mg; 5ml,29.00,false,false,PMBJP,30 ml,1,colistin,ok,true
PMBJP-1588,"Collagen Peptide(Type I) 40mg, Sodium Hyaluronate 30mg, Chondroitin Sulfate 200mg and Vitamin C 35mg Tablets",tablet,40mg; 30mg; 200mg; 35mg,0.00,true,false,PMBJP,10's,4,collagen peptide|sodium hyaluronate|chondroitin|ascorbic acid,ok,false
PMBJP-1589,"Combipack of Clarithromycin 500mg Tablets, Pantoprazole 40mg Tablets and Amoxycillin 750mg Tablets",tablet,500mg; 40mg; 750mg,0.00,true,false,PMBJP,6's,3,combipack clarithromycin|pantoprazole|amoxicillin,ok,false
PMBJP-1590,Dabigatran Etexilate Mesilate Capsules 110 mg,capsule,110 mg,1375.00,false,false,PMBJP,10's,1,dabigatran,ok,true
PMBJP-1591,Dabigatran Etexilate Mesilate Capsules 150 mg,capsule,150 mg,176.00,false,false,PMBJP,10's,1,dabigatran,ok,true
PMBJP-1592,Dapagliflozin Tablets 10 mg,tablet,10 mg,32.00,false,false,PMBJP,10's,1,dapagliflozin,ok,true
PMBJP-1593,Desloratadine 5mg and Montelukast 10mg Tablets,tablet,5mg; 10mg,25.00,true,false,PMBJP,10's,2,desloratadine|montelukast,ok,true
PMBJP-1594,"Diclofenac Diethylamine 1.16% w/w, Thiocholchicoside 0.125% w/w, Linseed Oil 3% w/w, Methylsalicylate 10% w/w and Menthol 5% w/w Gel",gel,1.16% w/w; 0.125% w/w; 3% w/w; 10% w/w; 5% w/w,50.00,true,false,PMBJP,30 gm,5,diclofenac diethylamine|thiocholchicoside|linseed oil|methylsalicylate|menthol,ok,true
PMBJP-1596,Diclofenac Potassium 50mg and Metaxalone 400mg Tablets,tablet,50mg; 400mg,50.00,true,false,PMBJP,10's,2,diclofenac|metaxalone,ok,true
PMBJP-1597,Diclofenac Prolonged release Tablets IP 75 mg,extended release tablet,75 mg,10.00,false,false,PMBJP,10's,1,diclofenac,ok,true
PMBJP-1598,"Pancreatin 170 mg (containing 15000 units of Amylase activity, 4000 units of Lipase activity, 15000 units of Protease activity) and Sodium Tauroglycocholate 65mg Digestive Enzyme Tablets",tablet,170 mg; 15000 units; 4000 units; 65mg,75.00,true,false,PMBJP,10's,2,pancreatin|sodium tauroglycocholate digestive enzyme,residue,true
PMBJP-1599,Diltiazem Hydrochloride Extended Release Capsules 120 mg,extended release capsule,120 mg,35.00,false,false,PMBJP,10's,1,diltiazem,ok,true
PMBJP-1600,Diosmin Tablets 500 mg (Micronised),tablet,500 mg,79.00,false,false,PMBJP,10's,1,diosmin,ok,true
PMBJP-1601,Diphenoxylate Hydrochloride 2.5mg and Atropine sulphate 0.025mg Tablet,tablet,2.5mg; 0.025mg,6.00,true,false,PMBJP,10's,2,diphenoxylate|atropine,ok,true
PMBJP-1602,Divalproex Tablets IP 500 mg,tablet,500 mg,35.00,false,false,PMBJP,10's,1,valproic acid,ok,true
PMBJP-1603,Dorzolamide 2% w/v and Timolol 0.5% w/v Eye Drops IP,eye drops,2% w/v; 0.5% w/v,160.00,true,false,PMBJP,5 ml,2,dorzolamide|timolol,ok,true
PMBJP-1604,Dorzolamide Eye Drops IP 2% w/v,eye drops,2% w/v,110.00,false,false,PMBJP,5 ml,1,dorzolamide,ok,true
PMBJP-1605,Dosulepin (or Dothiepin) Tablets 25 mg,tablet,25 mg,176.00,false,false,PMBJP,10's,1,dosulepin,ok,true
PMBJP-1606,Dosulepine (or Dothiepin) Tablets IP 75mg,tablet,75mg,72.00,false,false,PMBJP,10's,1,dosulepine,ok,true
PMBJP-1607,Drotaverine Hydrochloride Tablets IP 80 mg,tablet,80 mg,20.00,false,false,PMBJP,15's,1,drotaverine,ok,true
PMBJP-1608,"Efavirenz 600mg, Emtricitabine 200mg and Tenofovir Disoproxil Fumarate 300mg Tablets IP",tablet,600mg; 200mg; 300mg,1100.00,true,false,PMBJP,30's,3,efavirenz|emtricitabine|tenofovir disoproxil,ok,true
PMBJP-1611,Emtricitabine 200mg and Tenofovir Disoproxil Fumarate 300mg Tablets IP,tablet,200mg; 300mg,1050.00,true,false,PMBJP,30's,2,emtricitabine|tenofovir disoproxil,ok,true
PMBJP-1612,Entecavir Tablets IP 0.5 mg,tablet,0.5 mg,100.00,false,false,PMBJP,10's,1,entecavir,ok,true
PMBJP-1613,Eplerenone Tablets IP 25 mg,tablet,25 mg,130.00,false,false,PMBJP,10's,1,eplerenone,ok,true
PMBJP-1615,Erythromycin Estolate Tablets 500 mg,tablet,500 mg,57.00,false,false,PMBJP,10's,1,erythromycin estolate,ok,true
PMBJP-1617,Etoricoxib 60mg and Paracetamol 325mg Tablets,tablet,60mg; 325mg,27.00,true,false,PMBJP,10's,2,etoricoxib|acetaminophen,ok,true
PMBJP-1618,Etoricoxib 60mg and Thiocolchicoside 4mg Tablets,tablet,60mg; 4mg,60.00,true,false,PMBJP,10's,2,etoricoxib|thiocolchicoside,ok,true
PMBJP-1619,"Eucalyptol 0.092%w/v, Menthol 0.042%w/v, Methyl salicylate 0.060%w/v and Thymol 0.064%w/v Mouth wash",,0.092%w/v; 0.042%w/v; 0.060%w/v; 0.064%w/v,0.00,true,false,PMBJP,200 ml,4,eucalyptol|menthol|methyl|thymol,ok,false
PMBJP-1620,Evening Primrose Oil 1000 mg,,1000 mg,85.00,false,false,PMBJP,15's,1,evening primrose oil,ok,true
PMBJP-1621,Evening Primrose Oil 500 mg,,500 mg,55.00,false,false,PMBJP,15's,1,evening primrose oil,ok,true
PMBJP-1622,"Ferrous Ascorbate 100mg, Folic Acid 1.5mg and Zinc Sulphate 22.5mg Tablets",tablet,100mg; 1.5mg; 22.5mg,33.00,true,false,PMBJP,10's,3,ferrous|folic acid|zinc,ok,true
PMBJP-1623,Fexofenadine Hydrochloride Suspension (30mg/5ml),oral suspension,30mg; 5ml,30.00,false,false,PMBJP,100 ml,1,fexofenadine,ok,true
PMBJP-1624,Flupentixol 0.5mg and Melitracen 10mg Tablets,tablet,0.5mg; 10mg,20.00,true,false,PMBJP,10's,2,flupentixol|melitracen,ok,true
PMBJP-1625,Fluticasone Propionate Cream IP 0.05%,cream,0.05%,20.00,false,false,PMBJP,10 g,1,fluticasone,ok,true
PMBJP-1626,Formoterol Fumarate 6mcg and Budesonide 200mcg Inhaler,inhaler,6mcg; 200mcg,165.00,true,false,PMBJP,120 MD,2,formoterol|budesonide,ok,true
PMBJP-1627,Formoterol Fumarate 6mcg and Budesonide 400mcg Inhaler,inhaler,6mcg; 400mcg,175.00,true,false,PMBJP,120 MD,2,formoterol|budesonide,ok,true
PMBJP-1628,Formoterol Fumarate 12mcg and Budesonide 400mcg Powder for Inhalation IP,powder,12mcg; 400mcg,100.00,true,false,PMBJP,30's,2,formoterol|budesonide,ok,true
PMBJP-1630,Formoterol Fumarate 6mcg and Budesonide 400mcg Powder for Inhalation IP,powder,6mcg; 400mcg,85.00,true,false,PMBJP,30's,2,formoterol|budesonide,ok,true
PMBJP-1631,Formoterol Fumarate 20mcg and Budesonide 0.5mg Respirator Suspension,oral suspension,20mcg; 0.5mg,15.00,true,false,PMBJP,2 ml,2,formoterol|budesonide respirator,ok,true
PMBJP-1632,Formoterol Fumarate 20mcg and Budesonide 1mg Respirator Suspension,oral suspension,20mcg; 1mg,20.00,true,false,PMBJP,2 ml,2,formoterol|budesonide respirator,ok,true
PMBJP-1633,Formoterol Fumarate 6mcg and Fluticasone Propionate 250mcg Powder for Inhalation,powder,6mcg; 250mcg,110.00,true,false,PMBJP,30's,2,formoterol|fluticasone,ok,true
PMBJP-1635,Framycetin Skin Cream 1 %,cream,1 %,0.00,false,false,PMBJP,30 g,1,framycetin,ok,false
PMBJP-1636,Fungal Diastase with Carminatives Syrup,syrup,,45.00,false,false,PMBJP,200 ml,1,fungal diastase carminatives,ok,true
PMBJP-1637,"Fungal Diastase 180mg, Papain 60mg and Activated Charcoal 75mg Tablets",tablet,180mg; 60mg; 75mg,0.00,true,false,PMBJP,10's,3,fungal diastase|papain|activated charcoal,ok,false
PMBJP-1638,Fusidic Acid 2% w/w and Betamethasone Valerate 0.1% w/w Cream,cream,2% w/w; 0.1% w/w,36.00,true,false,PMBJP,15 g,2,fusidic acid|betamethasone,ok,true
PMBJP-1639,Gabapentin 100 mg and Nortryptyline 10 mg Tablet,tablet,100 mg; 10 mg,25.00,true,false,PMBJP,15's,2,gabapentin|nortryptyline,ok,true
PMBJP-1640,Gabapentin 300mg and Methylcobalamin 500mcg Tablet,tablet,300mg; 500mcg,40.00,true,false,PMBJP,10's,2,gabapentin|mecobalamin,ok,true
PMBJP-1643,Glargine 100 IU Pre-filled Disposable Pen,,100 IU,415.00,false,false,PMBJP,3ml Pre-filled Pen,1,glargine pen,ok,true
PMBJP-1644,"Glibenclamide 5 mg, Metformin 500 mg and Pioglitazone 15 mg Tablet",tablet,5 mg; 500 mg; 15 mg,275.00,true,false,PMBJP,10's,3,glyburide|metformin|pioglitazone,ok,true
PMBJP-1645,Gliclazide 60mg (Modified Release) and Metformin 500mg (Extended Release) Tablets,tablet,60mg; 500mg,30.00,true,false,PMBJP,10's,2,gliclazide|metformin,ok,true
PMBJP-1646,"Metformin 500mg (Sustained Release), Glimepiride 2mg and Pioglitazone 15mg Tablets",tablet,500mg; 2mg; 15mg,242.00,true,false,PMBJP,10's,3,metformin|glimepiride|pioglitazone,ok,true
PMBJP-1647,Metformin 850mg (Prolonged release) and Glimepiride 3mg IP Tablets,tablet,850mg; 3mg,25.00,true,false,PMBJP,10's,2,metformin|glimepiride,ok,true
PMBJP-1650,Glucosamine 750mg and Chondroitin 100mg Tablets,tablet,750mg; 100mg,185.00,true,false,PMBJP,10's,2,glucosamine|chondroitin,ok,true
PMBJP-1651,"Glucosamine Sulfate, Chondroitin Sulfat, MSM, Vitamin & Minerals Tablets",tablet,,65.00,true,false,PMBJP,10's,2,glucosamine sulfate chondroitin sulfat msm vitamin|minerals,residue,true
PMBJP-1657,"Guaifenesin 50mg, Terbutaline 1.25 mg and Bromhexine 2 mg Expectorant",,50mg; 1.25 mg; 2 mg,25.00,true,false,PMBJP,100 ml,3,guaifenesin|terbutaline|bromhexine expectorant,ok,true
PMBJP-1659,Human Normal Immunoglobulin for Intravenous use IP 5%,,5%,10000.00,false,false,PMBJP,100 ml,1,human normal immunoglobulin,ok,true
PMBJP-1660,Human Normal Immunoglobulin IP 16.5% (For IM use),,16.5%,0.00,false,false,PMBJP,2 ml vial,1,human normal immunoglobulin,ok,false
PMBJP-1661,Hydroxypropylmethylcellulose Eye Drop 0.3% w/v,eye drops,0.3% w/v,30.00,false,false,PMBJP,10 ml,1,hydroxypropylmethylcellulose,ok,true
PMBJP-1662,Hydroxyzine Tablets IP 25mg,tablet,25mg,12.00,false,false,PMBJP,15's,1,hydroxyzine,ok,true
PMBJP-1663,Hyoscine Butylbromide 10mg and Mefenamic Acid 250mg Tablets,tablet,10mg; 250mg,50.00,true,false,PMBJP,10's,2,scopolamine butylbromide|mefenamic acid,ok,true
PMBJP-1664,Ibuprofen 100mg and Paracetamol/Acetaminophen 162.5mg Oral Suspension,oral suspension,100mg; 162.5mg,23.00,true,false,PMBJP,100 ml,2,ibuprofen|paracetamol acetaminophen,ok,true
PMBJP-1665,Indacaterol 110mcg and Glycopyrronium 50mcg powder for Inhalation,powder,110mcg; 50mcg,732.00,true,false,PMBJP,30 capsules and 1 inhaler,2,indacaterol|glycopyrronium,ok,true
PMBJP-1666,Insulin Glulisine injection (Monocomponent Insulin Glulisine) 100IU per ml,injection,100IU,0.00,false,false,PMBJP,3 ml,1,insulin glulisine,residue,false
PMBJP-1667,Insulin Lispro injection IP 100IU per ml,injection,100IU,0.00,false,false,PMBJP,3 ml,1,insulin lispro,residue,false
PMBJP-1668,"Carbonyl Iron 100mg, Folic Acid 1.5mg and Vitamin B12 15mcg with Zinc Capsules",capsule,100mg; 1.5mg; 15mcg,15.00,true,false,PMBJP,10's,3,carbonyl iron|folic acid|vitamin b zinc,ok,true
PMBJP-1669,Isosorbide 20mg and Hydralazine 37.5mg Tablets,tablet,20mg; 37.5mg,0.00,true,false,PMBJP,10's,2,isosorbide|hydralazine,ok,false
PMBJP-1670,Isotretinoin Capsules IP 20mg,capsule,20mg,50.00,false,false,PMBJP,10's,1,isotretinoin,ok,true
PMBJP-1671,Ivabradine Tablets 5mg,tablet,5mg,90.00,false,false,PMBJP,15's,1,ivabradine,ok,true
PMBJP-1672,Ketoconazole Soap 2%,soap,2%,495.00,false,false,PMBJP,75 gm Pack,1,ketoconazole,ok,true
PMBJP-1673,"L-Methylfolate Calcium 2.8mg, Pyridoxal-5-Phosphate 25mg and Mecobalamin 2mg Tablets",tablet,2.8mg; 25mg; 2mg,60.00,true,false,PMBJP,10's,3,l-methylfolate|pyridoxal- -phosphate|mecobalamin,ok,true
PMBJP-1674,"L-Methylfolate 1mg, Pyridoxal-5 Phosphate 0.5mg & Methylcobalamin 1500mcg Tablets",tablet,1mg; 0.5mg; 1500mcg,40.00,true,false,PMBJP,10's,3,l-methylfolate|pyridoxal|mecobalamin,ok,true
PMBJP-1675,L- Ornithine L-Aspartate Infusion 5gm per 10ml,injection,5gm; 10ml,100.00,false,false,PMBJP,10 ml,1,l-ornithine l-aspartate,ok,true
PMBJP-1676,Lactitol 10 gm and Ispaghula 3.5 gm Granules,powder,10 gm; 3.5 gm,200.00,true,false,PMBJP,180 gm,2,lactitol|psyllium,ok,true
PMBJP-1678,"L-carnitine 340mg, Ubidecarenone 50mg, Zinc 5mg, Lycopene 2.5mg and Astaxanthin 8mg Tablets",tablet,340mg; 50mg; 5mg; 2.5mg; 8mg,0.00,true,false,PMBJP,10's,5,l-carnitine|ubidecarenone|zinc|lycopene|astaxanthin,ok,false
PMBJP-1679,Lecithin Capsules 1000mg,capsule,1000mg,60.00,false,false,PMBJP,10's,1,lecithin,ok,true
PMBJP-1680,Levetiracetam Tablets IP 1000 mg,tablet,1000 mg,120.00,false,false,PMBJP,10's,1,levetiracetam,ok,true
PMBJP-1681,Levetiracetam Tablets IP 250 mg,tablet,250 mg,30.00,false,false,PMBJP,10's,1,levetiracetam,ok,true
PMBJP-1682,Levetiracetam Tablets IP 750 mg,tablet,750 mg,90.00,false,false,PMBJP,10's,1,levetiracetam,ok,true
PMBJP-1683,Levocetirizine Dihydrochloride Tablets IP 10mg,tablet,10mg,14.00,false,false,PMBJP,15's,1,levocetirizine,ok,true
PMBJP-1684,Levodopa 100mg and Carbidopa 25mg Tablets IP,tablet,100mg; 25mg,0.00,true,false,PMBJP,10's,2,levodopa|carbidopa,ok,false
PMBJP-1685,Levodropropizine 30mg and Chlorpheniramine Maleate 2mg Syrup,syrup,30mg; 2mg,41.00,true,false,PMBJP,120 ml,2,levodropropizine|chlorpheniramine,ok,true
PMBJP-1686,Levosalbutamol 100mcg and Beclomethasone 100mcg Rotacaps,inhaler,100mcg,62.00,true,false,PMBJP,60 s in container,2,levosalbutamol|beclomethasone,ok,true
PMBJP-1687,Levosalbutamol 100mcg and Beclomethasone 50mcg Rotacaps,inhaler,100mcg; 50mcg,0.00,true,false,PMBJP,200 MDI,2,levosalbutamol|beclomethasone,ok,false
PMBJP-1688,Levosalbutamol 100mcg and Beclomethasone 200mcg Rotacaps,inhaler,100mcg; 200mcg,572.00,true,false,PMBJP,30's,2,levosalbutamol|beclomethasone,ok,true
PMBJP-1689,Levosalbutamol 1.25mg and Budesonide 0.5mg respules,inhaler,1.25mg; 0.5mg,27.00,true,false,PMBJP,2ml respules,2,levosalbutamol|budesonide,ok,true
PMBJP-1690,Levosalbutamol 100mcg and Ipratropium 40mcg Rotacap,inhaler,100mcg; 40mcg,75.00,true,false,PMBJP,60 s in container,2,levosalbutamol|ipratropium rotacap,ok,true
PMBJP-1692,Levosalbutamol Respules 0.63mg per 2.5ml,inhaler,0.63mg; 2.5ml,57.00,false,false,PMBJP,2.5 ml,1,levosalbutamol,ok,true
PMBJP-1694,Linagliptin 2.5mg and Metformin 1000mg Tablets,tablet,2.5mg; 1000mg,39.00,true,false,PMBJP,10's,2,linagliptin|metformin,ok,true
PMBJP-1695,Linagliptin 2.5mg and Metformin 500mg Tablets,tablet,2.5mg; 500mg,35.00,true,false,PMBJP,10's,2,linagliptin|metformin,ok,true
PMBJP-1696,Linagliptin Tablets 5mg,tablet,5mg,38.00,false,false,PMBJP,10's,1,linagliptin,ok,true
PMBJP-1697,Linomycin Injection 300mg per 2ml,injection,300mg; 2ml,0.00,false,false,PMBJP,2 ml,1,linomycin,ok,false
PMBJP-1699,Liraglutide solution for Injection 6mg per ml (pre-filled pen),injection,6mg,0.00,false,false,PMBJP,3 ml,1,liraglutide,ok,false
PMBJP-1700,"Measles Vaccine (Live) 1000ccid50, Mumps Virus Vaccine 5000ccid50 and Rubella Vaccine (live) 1000ccid50 IP",,,379.00,true,false,PMBJP,0.5 ml Vial,2,measles vaccine mumps virus vaccine|rubella vaccine,residue,true
PMBJP-1701,"Megaldrate 540mg, Simethicone 50mg and Oxetacaine 10mg Oral Suspension",oral suspension,540mg; 50mg; 10mg,42.00,true,false,PMBJP,170 ml,3,megaldrate|simethicone|oxetacaine,ok,true
PMBJP-1703,"Metadoxine 500mg, Silymarin 140mg, L- Ornithin L- Aspartate 150mg Tablets",tablet,500mg; 140mg; 150mg,0.00,true,false,PMBJP,10's,3,metadoxine|silymarin|l-ornithin l-aspartate,ok,false
PMBJP-1704,"Methylcobalamin 1500mcg with Alpha Lipoic Acid 100mg and B- Complex (Thiamine Mononitrate 10mg, Pyridoxine 3mg, Folic acid 1.5mg) Capsules",capsule,1500mcg; 100mg; 10mg; 3mg; 1.5mg,66.00,true,false,PMBJP,10's,3,mecobalamin|alpha lipoic acid|b-complex,ok,true
PMBJP-1706,Metoprolol 50mg (Extended Release) and Ramipril 5mg Tablet,tablet,50mg; 5mg,90.00,true,false,PMBJP,10's,2,metoprolol|ramipril,ok,true
PMBJP-1707,Metoprolol Succinate extended release capsules IP 50mg,extended release capsule,50mg,0.00,false,false,PMBJP,10's,1,metoprolol,ok,false
PMBJP-1708,Metoprolol Succinate Prolonged release tablets IP 25mg,extended release tablet,25mg,165.00,false,false,PMBJP,15's,1,metoprolol,ok,true
PMBJP-1709,Minoxidil Solution 5%,solution,5%,160.00,false,false,PMBJP,60 ml,1,minoxidil,ok,true
PMBJP-1710,Minoxidil 5% and Finasteride 0.1% Topical Solution,solution,5%; 0.1%,230.00,true,false,PMBJP,60 ml,2,minoxidil|finasteride,ok,true
PMBJP-1711,Montelukast 4mg and Levocetirizine 2.5mg Syrup,syrup,4mg; 2.5mg,20.00,true,false,PMBJP,60 ml,2,montelukast|levocetirizine,ok,true
PMBJP-1712,"Janaushadhi Mosquito Repellent Cream (N, N-Diethyl Benzamide 12% w/w Mosquito Repellent Cream)",cream,12% w/w,30.00,false,true,PMBJP,50 gm,1,janaushadhi mosquito repellent,non_drug,true
PMBJP-1714,Naproxen 250 mg and Domperidone 10 mg Tablet,tablet,250 mg; 10 mg,30.00,true,false,PMBJP,10's,2,naproxen|domperidone,ok,true
PMBJP-1715,Naproxen 500 mg and Domperidone 10 mg Tablet,tablet,500 mg; 10 mg,52.00,true,false,PMBJP,10's,2,naproxen|domperidone,ok,true
PMBJP-1716,Nebivolol 5 mg and S- Amlodipine 2.5 mg Tablet,tablet,5 mg; 2.5 mg,25.00,true,false,PMBJP,10's,2,nebivolol|s-amlodipine,ok,true
PMBJP-1717,"Neomycin 3400IU, Polymyxin B Sulfates 5000IU and Bacitracin Zinc 400IU Ophthalmic Ointment",ointment,3400IU; 5000IU; 400IU,187.00,true,false,PMBJP,5 g,3,neomycin|polymyxin b sulfates|bacitracin zinc,ok,true
PMBJP-1718,Nicorandil Tablet IP 10mg,tablet,10mg,50.00,false,false,PMBJP,10's,1,nicorandil,ok,true
PMBJP-1719,Nicorandil Tablet IP 5mg,tablet,5mg,40.00,false,false,PMBJP,10's,1,nicorandil,ok,true
PMBJP-1720,Nicoumalone/Acenocoumarol Tablets IP 1 mg,tablet,1 mg,40.00,false,false,PMBJP,10's,1,nicoumalone acenocoumarol,ok,true
PMBJP-1721,Nicoumalone/Acenocoumarol Tablets IP 3 mg,tablet,3 mg,65.00,false,false,PMBJP,10's,1,nicoumalone acenocoumarol,ok,true
PMBJP-1722,Nicoumalone/Acenocoumarol Tablets IP 4 mg,tablet,4 mg,50.00,false,false,PMBJP,30's,1,nicoumalone acenocoumarol,ok,true
PMBJP-1723,Nifedipine Sustained Release Tablets IP 10mg,extended release tablet,10mg,12.00,false,false,PMBJP,15's,1,nifedipine,ok,true
PMBJP-1725,"Nimesulide 100 mg, Paracetamol 325 mg and Serratiopeptidase 15 mg Tablet",tablet,100 mg; 325 mg; 15 mg,25.00,true,false,PMBJP,10's,3,nimesulide|acetaminophen|serrapeptase,ok,true
PMBJP-1726,Betahistine Hydrochloride 16 mg & Ginkgo Biloba Extract 30 mg,,16 mg; 30 mg,0.00,true,false,PMBJP,10's,2,betahistine|ginkgo biloba extract,ok,false
PMBJP-1727,Ofloxacin 50mg and Ornidazole 125mg Suspension,oral suspension,50mg; 125mg,22.00,true,false,PMBJP,30 ml,2,ofloxacin|ornidazole,ok,true
PMBJP-1729,Ofloxaxin 200mg and Flavoxate 200 mg Tablet,tablet,200mg,65.00,true,false,PMBJP,10's,2,ofloxaxin|flavoxate,ok,true
PMBJP-1730,"Olmesartan 40mg, Amlodipine 5mg and Hydrochlorothiazide 12.5mg Tablets",tablet,40mg; 5mg; 12.5mg,45.00,true,false,PMBJP,10's,3,olmesartan|amlodipine|hydrochlorothiazide,ok,true
PMBJP-1731,Olmesartan Medoxomil 20mg and Chlorthalidone 12.5mg Tablets,tablet,20mg; 12.5mg,30.00,true,false,PMBJP,10's,2,olmesartan|chlorthalidone,ok,true
PMBJP-1732,Olmesartan Medoxomil 40mg and Chlorthalidone 12.5mg Tablets,tablet,40mg; 12.5mg,45.00,true,false,PMBJP,10's,2,olmesartan|chlorthalidone,ok,true
PMBJP-1733,Omeprazole Gastro-resistant 20mg and Domperidone Sustained Release 30mg Capsules,capsule,20mg; 30mg,275.00,true,false,PMBJP,15's,2,omeprazole|domperidone,ok,true
PMBJP-1735,Orciprenaline Tablet 10 mg,tablet,10 mg,0.00,false,false,PMBJP,10's,1,orciprenaline,ok,false
PMBJP-1737,Oxaceprol Capsules 200mg,capsule,200mg,100.00,false,false,PMBJP,10's,1,oxaceprol,ok,true
PMBJP-1738,L-Ornithine L-Aspartate 150mg and Pancreatin 100mg Tablets,tablet,150mg; 100mg,20.00,true,false,PMBJP,10's,2,l-ornithine l-aspartate|pancreatin,ok,true
PMBJP-1739,Pancreatin Capsules 10000,capsule,,90.00,false,false,PMBJP,10's,1,pancreatin,ok,true
PMBJP-1740,Pancreatin Capsules 25000,capsule,,210.00,false,false,PMBJP,10's,1,pancreatin,ok,true
PMBJP-1741,Pantoprazole 20mg (Gastro-resistant) and Domperidone 10mg (Prolonged Release) Capsules IP,capsule,20mg; 10mg,20.00,true,false,PMBJP,10's,2,pantoprazole|domperidone,ok,true
PMBJP-1742,Paracetamol Infusion IP 1 gm per 100 ml,injection,1 gm; 100 ml,50.00,false,false,PMBJP,100 ml,1,acetaminophen,ok,true
PMBJP-1743,Paracetamol Drops 100 mg per ml,drops,100 mg,13.00,false,false,PMBJP,15 ml,1,acetaminophen,ok,true
PMBJP-1744,"Paracetamol 125 mg, Phenylephrine 2.5 mg and Chlorpheniramine 1 mg Drops",drops,125 mg; 2.5 mg; 1 mg,20.00,true,false,PMBJP,15 ml,3,acetaminophen|phenylephrine|chlorpheniramine,ok,true
PMBJP-1745,"Paracetamol 125 mg, Phenylephrine 5 mg and Chlorpheniramine 1 mg Suspension",oral suspension,125 mg; 5 mg; 1 mg,22.00,true,false,PMBJP,60 ML,3,acetaminophen|phenylephrine|chlorpheniramine,ok,true
PMBJP-1747,Paracetamol 162.5 mg and Tramadol 18.75 mg Tablet,tablet,162.5 mg; 18.75 mg,10.00,true,false,PMBJP,10's,2,acetaminophen|tramadol,ok,true
PMBJP-1749,"Paracetamol 250 mg, Phenylephrine 5 mg and Chlorpheniramine 2 mg Suspension",oral suspension,250 mg; 5 mg; 2 mg,25.00,true,false,PMBJP,60 ML,3,acetaminophen|phenylephrine|chlorpheniramine,ok,true
PMBJP-1751,Paracetamol 500mg and Caffeine 25mg Tablet IP,tablet,500mg; 25mg,12.00,true,false,PMBJP,10's,2,acetaminophen|caffeine,ok,true
PMBJP-1752,Paracetamol 500mg and Chlorzoxazone 250mg Tablet,tablet,500mg; 250mg,16.00,true,false,PMBJP,10's,2,acetaminophen|chlorzoxazone,ok,true
PMBJP-1753,"Paracetamol 500 mg, Phenylephrine 10 mg and Chlorpheniramine 2 mg Tablet",tablet,500 mg; 10 mg; 2 mg,14.00,true,false,PMBJP,10's,3,acetaminophen|phenylephrine|chlorpheniramine,ok,true
PMBJP-1755,Paracetamol Suspension IP 120 mg,oral suspension,120 mg,13.00,false,false,PMBJP,60 ml,1,acetaminophen,ok,true
PMBJP-1758,"Phenylephrine 5 mg,Chlorpheniramine 2 mg and Dextromethorphan 10 mg Syrup",syrup,5 mg; 2 mg; 10 mg,25.00,true,false,PMBJP,100 ml,3,phenylephrine|chlorpheniramine|dextromethorphan,ok,true
PMBJP-1759,"Phenylephrine 5 mg, Chlorpheniramine 2 mg and Dextromethorphan 15 mg Syrup",syrup,5 mg; 2 mg; 15 mg,30.00,true,false,PMBJP,100 ml,3,phenylephrine|chlorpheniramine|dextromethorphan,ok,true
PMBJP-1760,Piracetam Tablet 800 mg,tablet,800 mg,34.00,false,false,PMBJP,10's,1,piracetam,ok,true
PMBJP-1761,Pirfenidone Tablets IP 200mg,tablet,200mg,0.00,false,false,PMBJP,10's,1,pirfenidone,ok,false
PMBJP-1762,Calcium Polystyrene Sulphonate Powder 15g per sachet,powder,15g,44.00,false,false,PMBJP,15 gm,1,calcium polystyrene sulphonate,ok,true
PMBJP-1763,Prazosin Extended Release Tablets 5mg,extended release tablet,5mg,28.00,false,false,PMBJP,10's,1,prazosin,ok,true
PMBJP-1764,Pregabalin 75 mg and Methylcobalamin 1500 mcg and Nortriptyline 10 mg Tablets,tablet,75 mg; 1500 mcg; 10 mg,45.00,true,false,PMBJP,10's,3,pregabalin|mecobalamin|nortriptyline,ok,true
PMBJP-1765,Pregabalin 75mg and Methylcobalamin 750mcg Capsule IP,capsule,75mg; 750mcg,385.00,true,false,PMBJP,10's,2,pregabalin|mecobalamin,ok,true
PMBJP-1767,Probiotic Microbes Capsules 5mg,capsule,5mg,28.00,false,true,PMBJP,10's,1,probiotic microbes,non_drug,true
PMBJP-1769,Prucalopride Tablet 2 mg,tablet,2 mg,120.00,false,false,PMBJP,10's,1,prucalopride,ok,true
PMBJP-1770,Prucalopride Tablets 1mg,tablet,1mg,90.00,false,false,PMBJP,10's,1,prucalopride,ok,true
PMBJP-1772,Prulifloxacin Tablet 600 mg,tablet,600 mg,0.00,false,false,PMBJP,5's,1,prulifloxacin,ok,false
PMBJP-1773,Quiniodochlor Tablet IP 250 mg,tablet,250 mg,0.00,false,false,PMBJP,20's,1,quiniodochlor,ok,false
PMBJP-1774,Racecadotril Capsule IP 100 mg,capsule,100 mg,110.00,false,false,PMBJP,15's,1,racecadotril,ok,true
PMBJP-1775,Metoprolol Succinate 25mg (Extended release) and Ramipril 2.5mg Tablets,tablet,25mg; 2.5mg,25.00,true,false,PMBJP,10's,2,metoprolol|ramipril,ok,true
PMBJP-1776,Ramosetron Tablet 5 mcg,tablet,5 mcg,0.00,false,false,PMBJP,10's,1,ramosetron,ok,false
PMBJP-1777,Ranitidine Syrup IP 75 mg per 5ml,syrup,75 mg; 5ml,25.00,false,false,PMBJP,100 ml,1,ranitidine,ok,true
PMBJP-1778,Ranolazine Extended Release Tablets 500mg,extended release tablet,500mg,55.00,false,false,PMBJP,10's,1,ranolazine,ok,true
PMBJP-1779,Reteplase-Recombinant Tissue Plasminogen Activator 18mg,,18mg,0.00,false,false,PMBJP,1 vial with w.f.i.,1,reteplase-recombinant tissue plasminogen activator,ok,false
PMBJP-1780,Rivaroxaban Tablets 10mg,tablet,10mg,210.00,false,false,PMBJP,30's,1,rivaroxaban,ok,true
PMBJP-1781,Rivaroxaban Tablets 20mg,tablet,20mg,150.00,false,false,PMBJP,14's,1,rivaroxaban,ok,true
PMBJP-1782,"Rosehip Extract 275mg, Devil's Claw Extract (20%) 100mg and Boswellia serrata Extract (65%) 307.5mg Capsules",capsule,20%; 65%; 275mg; 100mg; 307.5mg,90.00,true,false,PMBJP,10's,3,rosehip extract|devil s claw extract|boswellia serrata extract,ok,true
PMBJP-1783,Rosuvastatin 20mg and Fenofibrate 160mg Tablets IP,tablet,20mg; 160mg,40.00,true,false,PMBJP,10's,2,rosuvastatin|fenofibrate,ok,true
PMBJP-1784,Rosuvastatin Tablets IP 40mg,tablet,40mg,44.00,false,false,PMBJP,10's,1,rosuvastatin,ok,true
PMBJP-1785,"Rosuvastatin 10mg, Aspirin 75mg and Clopidogrel 75mg Capsules",capsule,10mg; 75mg,495.00,true,false,PMBJP,10's,3,rosuvastatin|acetylsalicylic acid|clopidogrel,ok,true
PMBJP-1786,"Rosuvastatin 20mg, Aspirin 75mg and Clopidogrel 75mg Capsules",capsule,20mg; 75mg,55.00,true,false,PMBJP,10's,3,rosuvastatin|acetylsalicylic acid|clopidogrel,ok,true
PMBJP-1787,S (-) Amlodipine Tablets IP 5mg,tablet,5mg,10.00,false,false,PMBJP,15's,1,s amlodipine,ok,true
PMBJP-1789,S(-) Amlodipine 2.5mg and Atenolol 50mg Tablets,tablet,2.5mg; 50mg,15.00,true,false,PMBJP,10's,2,s amlodipine|atenolol,ok,true
PMBJP-1790,Saccharomyces Boulardii Capsule 250mg,capsule,250mg,66.00,false,false,PMBJP,5's,1,saccharomyces boulardii,ok,true
PMBJP-1791,Saccharomyces Boulardii Powder 250mg,powder,250mg,15.00,false,false,PMBJP,1’s Sachet,1,saccharomyces boulardii,ok,true
PMBJP-1792,Sacubitril 24mg and Valsartan 26mg Tablets,tablet,24mg; 26mg,72.00,true,false,PMBJP,10's,2,sacubitril|valsartan,ok,true
PMBJP-1793,Sacubitril 49mg and Valsartan 51mg Tablets,tablet,49mg; 51mg,140.00,true,false,PMBJP,10's,2,sacubitril|valsartan,ok,true
PMBJP-1794,Salbutamol Rotacaps 200mcg,inhaler,200mcg,24.00,false,false,PMBJP,60 s in Container,1,albuterol,ok,true
PMBJP-1795,"Salicylic acid 1.15%w/w, Dithranol 1.15%w/w and Coal Tar 5.3%w/w Ointment",ointment,1.15%w/w; 5.3%w/w,45.00,true,false,PMBJP,30 gm,3,salicylic acid|dithranol|coal tar,ok,true
PMBJP-1796,Salmeterol 50mcg and Fluticasone Propionate 100mcg Powder for Inhalation IP,powder,50mcg; 100mcg,75.00,true,false,PMBJP,30's,2,salmeterol|fluticasone,ok,true
PMBJP-1797,Saroglitazar Tablets 4mg,tablet,4mg,0.00,false,false,PMBJP,10's,1,saroglitazar,ok,false
PMBJP-1798,Satranidazole 300mg and Ofloxacin 200mg Tablets,tablet,300mg; 200mg,70.00,true,false,PMBJP,10's,2,satranidazole|ofloxacin,ok,true
PMBJP-1799,Saxagliptin Tablets 5mg,tablet,5mg,93.00,false,false,PMBJP,10's,1,saxagliptin,ok,true
PMBJP-1801,Sitagliptin Phosphate 50mg & Metformin Hydrochloride 1000mg Tablets,tablet,50mg; 1000mg,60.00,true,false,PMBJP,10's,2,sitagliptin|metformin,ok,true
PMBJP-1802,Sitagliptin Phosphate 50mg & Metformin Hydrochloride 500mg Tablets,tablet,50mg; 500mg,55.00,true,false,PMBJP,10's,2,sitagliptin|metformin,ok,true
PMBJP-1803,Sitagliptin Phosphate Tablets IP 100mg,tablet,100mg,80.00,false,false,PMBJP,10's,1,sitagliptin,ok,true
PMBJP-1804,Sitagliptin Phosphate Tablets IP 50mg,tablet,50mg,43.00,false,false,PMBJP,10's,1,sitagliptin,ok,true
PMBJP-1805,Sodium Valproate Oral solution IP 200mg per 5ml,oral solution,200mg; 5ml,55.00,false,false,PMBJP,200 ml Plastic Bottle,1,valproic acid,ok,true
PMBJP-1806,Sodium Valproate 200mg and Valproic acid 87mg Controlled Release Tablets,extended release tablet,200mg; 87mg,25.00,true,false,PMBJP,10's,1,valproic acid,residue,true
PMBJP-1807,Sodium Valproate 333mg and Valproic acid 145mg Controlled Release Tablets,extended release tablet,333mg; 145mg,42.00,true,false,PMBJP,10's,1,valproic acid,residue,true
PMBJP-1808,Spiramycin Tablets 3.0MIU,tablet,,0.00,false,false,PMBJP,10's,1,spiramycin miu,ok,false
PMBJP-1810,Tacrolimus Ointment 0.1% w/w,ointment,0.1% w/w,100.00,false,false,PMBJP,10 gm tube,1,tacrolimus,ok,true
PMBJP-1811,Telmisartan 80mg and Amlodipine 5mg Tablets IP,tablet,80mg; 5mg,30.00,true,false,PMBJP,10's,2,telmisartan|amlodipine,ok,true
PMBJP-1812,Telmisartan 80mg and Cilnidipine 10mg Tablets,tablet,80mg; 10mg,35.00,true,false,PMBJP,10's,2,telmisartan|cilnidipine,ok,true
PMBJP-1813,Telmisartan Tablets IP 80mg,tablet,80mg,242.00,false,false,PMBJP,10's,1,telmisartan,ok,true
PMBJP-1814,"Telmisartan 40mg, Chlorthalidone 12.5mg and Amlodipine 5mg Tablets",tablet,40mg; 12.5mg; 5mg,24.00,true,false,PMBJP,10's,3,telmisartan|chlorthalidone|amlodipine,ok,true
PMBJP-1815,"Telmisartan 40mg, Chlorthalidone 6.25mg and Amlodipine 5mg Tablets",tablet,40mg; 6.25mg; 5mg,20.00,true,false,PMBJP,10's,3,telmisartan|chlorthalidone|amlodipine,ok,true
PMBJP-1816,"Telmisartan 40mg, Cilnidipine 10mg and Chlorthalidone 6.25mg Tablets",tablet,40mg; 10mg; 6.25mg,30.00,true,false,PMBJP,10's,3,telmisartan|cilnidipine|chlorthalidone,ok,true
PMBJP-1817,Terbinafine Hydrochloride Cream IP 1% w/w,cream,1% w/w,25.00,false,false,PMBJP,10 gm,1,terbinafine,ok,true
PMBJP-1818,Tetrabenazine Tablets 25mg,tablet,25mg,190.00,false,false,PMBJP,10's,1,tetrabenazine,ok,true
PMBJP-1819,Ticagrelor Tablets IP 90 mg,tablet,90 mg,130.00,false,false,PMBJP,10's,1,ticagrelor,ok,true
PMBJP-1821,Tiotropium Bromide Inhalation 9mcg per actuation,inhaler,9mcg,220.00,false,false,PMBJP,200 mdi,1,tiotropium,ok,true
PMBJP-1822,Tiotropium Powder for Inhalation IP 18mcg Rotacaps,powder,18mcg,70.00,false,false,PMBJP,15's in Monocarton,1,tiotropium,ok,true
PMBJP-1823,Tirofiban Hydrochloride I.V. Injection 5mg per 100ml,injection,5mg; 100ml,0.00,false,false,PMBJP,100 ml Vial,1,tirofiban hydrochloride i,ok,false
PMBJP-1824,Tolvaptan Tablets 15mg,tablet,15mg,210.00,false,false,PMBJP,10's,1,tolvaptan,ok,true
PMBJP-1825,Torsemide 10mg and Spironolactone 50mg Tablets,tablet,10mg; 50mg,32.00,true,false,PMBJP,15's,2,torsemide|spironolactone,ok,true
PMBJP-1827,Torsemide Tablets IP 40mg,tablet,40mg,50.00,false,false,PMBJP,15's,1,torsemide,ok,true
PMBJP-1828,Torsemide Tablets IP 5mg,tablet,5mg,10.00,false,false,PMBJP,15's,1,torsemide,ok,true
PMBJP-1829,Travoprost Ophthalmic Solution IP 0.004%w/v,solution,0.004%w/v,170.00,false,false,PMBJP,2.5 ml,1,travoprost,ok,true
PMBJP-1830,Trimetazidine Hydrochloride Controlled Release Capsules 60mg,extended release capsule,60mg,44.00,false,false,PMBJP,10's,1,trimetazidine,ok,true
PMBJP-1831,"Trypsin 48mg, Bromelain 90mg, Rutoside Trihydrate 100mg and Diclofenac Sodium 50mg Tablets",tablet,48mg; 90mg; 100mg; 50mg,50.00,true,false,PMBJP,10's,4,trypsin|bromelain|rutoside|diclofenac,ok,true
PMBJP-1832,Undenatured Collagen Type II Capsules 40 mg,capsule,40 mg,0.00,false,false,PMBJP,10's,1,undenatured collagen ii,ok,false
PMBJP-1833,Ursodeoxycholic Acid Tablets IP 150mg,tablet,150mg,100.00,false,false,PMBJP,15's,1,ursodeoxycholic acid,ok,true
PMBJP-1834,Valacyclovir Tablets 1000mg,tablet,1000mg,110.00,false,false,PMBJP,3's,1,valacyclovir,ok,true
PMBJP-1837,Vildagliptin 50mg and Metformin Hydrochloride 850mg Tablets IP,tablet,50mg; 850mg,32.00,true,false,PMBJP,15's,2,vildagliptin|metformin,ok,true
PMBJP-1841,Vitamin D3 Oral Solution 60000 IU,oral solution,60000 IU,25.00,false,false,PMBJP,5 ml,1,vitamin d,ok,true
PMBJP-1842,Vitamine B Complex injection (IM/IV) Use,injection,,0.00,false,false,PMBJP,2 ml,1,vitamine b complex,residue,false
PMBJP-1843,"Voglibose 0.2mg, Glimepiride 1mg and Metformin Hydrochloride 500mg (Sustained Release) Tablets",tablet,0.2mg; 1mg; 500mg,30.00,true,false,PMBJP,10's,3,voglibose|glimepiride|metformin,ok,true
PMBJP-1844,"Voglibose 0.2mg, Glimepiride 2mg and Metformin Hydrochloride 1000mg (Sustained Release) Tablets",tablet,0.2mg; 2mg; 1000mg,25.00,true,false,PMBJP,10's,3,voglibose|glimepiride|metformin,ok,true
PMBJP-1845,"Voglibose 0.3mg, Glimepiride 2mg and Metformin Hydrochloride 1000mg (Sustained Release) Tablets",tablet,0.3mg; 2mg; 1000mg,36.00,true,false,PMBJP,10's,3,voglibose|glimepiride|metformin,ok,true
PMBJP-1846,Zoledronic Acid Injection IP 4 mg per vial,injection,4 mg,200.00,false,false,PMBJP,4mg/vial,1,zoledronic acid,ok,true
PMBJP-1848,Etophyllin 84.7mg and Theophylline 25.3mg Injection per ml,injection,84.7mg; 25.3mg,4.00,true,false,PMBJP,2 ml,2,etophyllin|theophylline,ok,true
PMBJP-1849,Vitamin-C Chewable Tablets 500mg,dispersible tablet,500mg,15.00,false,false,PMBJP,10's,1,vitamin-c,ok,true
PMBJP-1850,Thyroxine Sodium Tablets IP 12.5mcg,tablet,12.5mcg,65.00,false,false,PMBJP,100's Bottle,1,levothyroxine,ok,true
PMBJP-1851,Thyroxine Sodium Tablets IP 25mcg,tablet,25mcg,45.00,false,false,PMBJP,100's Bottle,1,levothyroxine,ok,true
PMBJP-1852,Thyroxine Sodium Tablets IP 75mcg,tablet,75mcg,60.00,false,false,PMBJP,100's Bottle,1,levothyroxine,ok,true
PMBJP-1853,Thyroxine Sodium Tablets IP 125mcg,tablet,125mcg,76.00,false,false,PMBJP,100's Bottle,1,levothyroxine,ok,true
PMBJP-1854,Alfuzosin Prolonged-release Tablets IP 10mg,extended release tablet,10mg,45.00,false,false,PMBJP,10's,1,alfuzosin,ok,true
PMBJP-1855,Alfuzosin 10mg and Dutasteride 0.5mg Tablets,tablet,10mg; 0.5mg,60.00,true,false,PMBJP,10's,2,alfuzosin|dutasteride,ok,true
PMBJP-1856,Disodium Hydrogen Citrate Syrup 1.53gm per 5ml,syrup,1.53gm; 5ml,30.00,false,false,PMBJP,100ml Bottle,1,disodium hydrogen,ok,true
PMBJP-1857,Citric Acid 334mg and Potassium Citrate 1100mg Syrup per 5ml,syrup,334mg; 1100mg; 5ml,50.00,true,false,PMBJP,200ml Bottle,2,citric acid|potassium,ok,true
PMBJP-1858,Darifenacin Prolonged Release Tablets IP 7.5mg,extended release tablet,7.5mg,95.00,false,false,PMBJP,10's,1,darifenacin,ok,true
PMBJP-1859,Disodium Hydrogen Citrate Syrup 1.37gm per 5ml,syrup,1.37gm; 5ml,45.00,false,false,PMBJP,100ml Bottle,1,disodium hydrogen,ok,true
PMBJP-1860,Dutasteride Capsule IP 0.5 mg,capsule,0.5 mg,50.00,false,false,PMBJP,10's,1,dutasteride,ok,true
PMBJP-1861,Finasteride Tablets IP 1mg,tablet,1mg,15.00,false,false,PMBJP,10's,1,finasteride,ok,true
PMBJP-1862,Mirabegron Extended-release Tablets 25 mg,extended release tablet,25 mg,100.00,false,false,PMBJP,10's,1,mirabegron,ok,true
PMBJP-1863,Mirabegron Extended-release Tablets 50 mg,extended release tablet,50 mg,145.00,false,false,PMBJP,10's,1,mirabegron,ok,true
PMBJP-1864,Potassium Citrate 1100mg and Magnesium Citrate 375mg Oral Solution,oral solution,1100mg; 375mg,55.00,true,false,PMBJP,200ml Bottle,2,potassium|magnesium,ok,true
PMBJP-1865,Silodosin Capsules 4 mg,capsule,4 mg,50.00,false,false,PMBJP,10's,1,silodosin,ok,true
PMBJP-1866,Silodosin Capsules 8 mg,capsule,8 mg,75.00,false,false,PMBJP,10's,1,silodosin,ok,true
PMBJP-1867,Silodosin 4mg and Dutasteride 0.5mg Capsules,capsule,4mg; 0.5mg,100.00,true,false,PMBJP,10's,2,silodosin|dutasteride,ok,true
PMBJP-1868,Silodosin 8mg and Dutasteride 0.5mg Capsules,capsule,8mg; 0.5mg,140.00,true,false,PMBJP,10's,2,silodosin|dutasteride,ok,true
PMBJP-1869,Solifenacin Succinate Tablets IP 5 mg,tablet,5 mg,65.00,false,false,PMBJP,10's,1,solifenacin,ok,true
PMBJP-1870,Solifenacin Succinate Tablets IP 10 mg,tablet,10 mg,80.00,false,false,PMBJP,10's,1,solifenacin,ok,true
PMBJP-1871,Tamsulosin Hydrochloride 0.4mg and Tolterodine Tartrate 2mg Extended Release Capsules,extended release capsule,0.4mg; 2mg,60.00,true,false,PMBJP,10's,2,tamsulosin|tolterodine,ok,true
PMBJP-1872,Tamsulosin Hydrochloride 0.4mg and Tolterodine Tartrate 4mg Extended Release Capsules,extended release capsule,0.4mg; 4mg,80.00,true,false,PMBJP,10's,2,tamsulosin|tolterodine,ok,true
PMBJP-1873,Tolterodine Tartrate Extended Release Capsules 2mg,extended release capsule,2mg,50.00,false,false,PMBJP,10's,1,tolterodine,ok,true
PMBJP-1874,Tolterodine Tartrate Extended Release Capsules 4 mg,extended release capsule,4 mg,70.00,false,false,PMBJP,10's,1,tolterodine,ok,true
PMBJP-1875,Azithromycin Eye Drops 1% w/v,eye drops,1% w/v,30.00,false,false,PMBJP,3ml Drops,1,azithromycin,ok,true
PMBJP-1876,Betaxolol Eye Drops IP 0.5% w/v,eye drops,0.5% w/v,20.00,false,false,PMBJP,5ml Drops,1,betaxolol,ok,true
PMBJP-1877,Brinzolamide Ophthalmic Suspension IP 1% w/v,oral suspension,1% w/v,40.00,false,false,PMBJP,5ml Drops,1,brinzolamide,ok,true
PMBJP-1878,Bromfenac 0.09% w/v and Moxifloxacin 0.5% w/v Eye Drops,eye drops,0.09% w/v; 0.5% w/v,45.00,true,false,PMBJP,5ml Drops,2,bromfenac|moxifloxacin,ok,true
PMBJP-1879,Chloramphenicol 0.5% w/v and Dexamethasone 0.1% w/v Eye/Ear Drops,ear drops,0.5% w/v; 0.1% w/v,15.00,true,false,PMBJP,5ml Drops,2,chloramphenicol|dexamethasone,ok,true
PMBJP-1880,Epalrestat Sustained Release Tablets 150 mg,extended release tablet,150 mg,85.00,false,false,PMBJP,10's,1,epalrestat,ok,true
PMBJP-1881,Gatifloxacin 0.3% w/v and Dexamethasone 0.1% w/v Eye Drops,eye drops,0.3% w/v; 0.1% w/v,20.00,true,false,PMBJP,5ml Drops,2,gatifloxacin|dexamethasone,ok,true
PMBJP-1882,Gatifloxacin 0.3 % w/v and Prednisolone 1% w/v Eye Drops,eye drops,0.3 % w/v; 1% w/v,25.00,true,false,PMBJP,10ml Drops,2,gatifloxacin|prednisolone,ok,true
PMBJP-1883,Gentamicin 0.3% w/v and Dexamethasone 0.1% w/v Eye Drops,eye drops,0.3% w/v; 0.1% w/v,0.00,true,false,PMBJP,10ml Drops,2,gentamicin|dexamethasone,ok,false
PMBJP-1884,Homatropine Hydrobromide Eye Drops IP 2% w/v,eye drops,2% w/v,26.00,false,false,PMBJP,5ml Drops,1,homatropine,ok,true
PMBJP-1886,Levofloxacin Eye Drops 0.5 % w/v,eye drops,0.5 % w/v,25.00,false,false,PMBJP,5ml Drops,1,levofloxacin,ok,true
PMBJP-1887,Moxifloxacin 0.5% w/v and Dexamethasone 0.1% w/v Eye Drops,eye drops,0.5% w/v; 0.1% w/v,20.00,true,false,PMBJP,5ml Drops,2,moxifloxacin|dexamethasone,ok,true
PMBJP-1888,Natamycin Ophthalmic Suspension IP 5% w/v,oral suspension,5% w/v,56.00,false,false,PMBJP,5ml Drops,1,natamycin,ok,true
PMBJP-1889,Artesunate Injection IP 120mg,injection,120mg,50.00,false,false,PMBJP,Vial with Diluent,1,artesunate,ok,true
PMBJP-1890,Arteether Injection 75mg per ml,injection,75mg,10.00,false,false,PMBJP,1ml Ampoule,1,arteether,ok,true
PMBJP-1891,Artesunate 100 mg and Mefloquine Hydrochloride 200 mg Tablets,tablet,100 mg; 200 mg,0.00,true,false,PMBJP,6's,2,artesunate|mefloquine,ok,false
PMBJP-1892,"Artesunate 200mg Tablets, Sulfadoxine 500mg and Pyrimethamine 25mg Tablets IP Combi kit",tablet,200mg; 500mg; 25mg,45.00,true,false,PMBJP,KIT,3,artesunate|sulfadoxine|pyrimethamine combi,ok,true
PMBJP-1893,Primaquine Phosphate Tablets IP 7.5 mg,tablet,7.5 mg,13.00,false,false,PMBJP,10's,1,primaquine,ok,true
PMBJP-1894,Primaquine Phosphate Tablets IP 2.5 mg,tablet,2.5 mg,10.00,false,false,PMBJP,10's,1,primaquine,ok,true
PMBJP-1895,Pyrimethamine 12.5mg and Sulphadoxine 250mg Suspension,oral suspension,12.5mg; 250mg,0.00,true,false,PMBJP,10ml,2,pyrimethamine|sulfadoxine,ok,false
PMBJP-1896,Pyrimethamine 25mg and Sulphadoxine 500mg Tablets IP,tablet,25mg; 500mg,0.00,true,false,PMBJP,2's,2,pyrimethamine|sulfadoxine,ok,false
PMBJP-1897,Quinine Sulphate Tablets IP 600 mg,tablet,600 mg,50.00,false,false,PMBJP,10's,1,quinine,ok,true
PMBJP-1898,Agomelatine Tablets 25 mg,tablet,25 mg,66.00,false,false,PMBJP,10's,1,agomelatine,ok,true
PMBJP-1899,Alprazolam 0.25mg and Propranolol Hydrochloride 20mg Tablets,tablet,0.25mg; 20mg,16.00,true,false,PMBJP,10's,2,alprazolam|propranolol,ok,true
PMBJP-1900,Alprazolam 0.25mg and Propranolol Hydrochloride 10mg Tablets,tablet,0.25mg; 10mg,15.00,true,false,PMBJP,10's,2,alprazolam|propranolol,ok,true
PMBJP-1901,Alprazolam 0.5mg and Sertraline Hydrochloride 25mg Tablets,tablet,0.5mg; 25mg,25.00,true,false,PMBJP,10's,2,alprazolam|sertraline,ok,true
PMBJP-1902,Alprazolam 0.5mg and Sertraline Hydrochloride 50mg Tablets,tablet,0.5mg; 50mg,35.00,true,false,PMBJP,10's,2,alprazolam|sertraline,ok,true
PMBJP-1903,Amisulpride Tablets IP 100 mg,tablet,100 mg,40.00,false,false,PMBJP,10's,1,amisulpride,ok,true
PMBJP-1904,Amisulpride Tablets IP 200 mg,tablet,200 mg,70.00,false,false,PMBJP,10's,1,amisulpride,ok,true
PMBJP-1905,Amitriptyline Hydrochloride Tablets IP 75 mg,tablet,75 mg,20.00,false,false,PMBJP,10's,1,amitriptyline,ok,true
PMBJP-1906,Amitriptyline Hydrochloride Tablets IP 50 mg,tablet,50 mg,15.00,false,false,PMBJP,10's,1,amitriptyline,ok,true
PMBJP-1907,Amitriptyline Hydrochloride Tablets IP 5 mg,tablet,5 mg,0.00,false,false,PMBJP,10's,1,amitriptyline,ok,false
PMBJP-1908,Amitriptyline Hydrochloride 25mg Chlordiazepoxide 10mg Tablets,tablet,25mg; 10mg,10.00,false,false,PMBJP,10's,1,amitriptyline hydrochloride chlordiazepoxide,ok,true
PMBJP-1909,Amoxapine Tablets IP 50mg,tablet,50mg,515.00,false,false,PMBJP,10's,1,amoxapine,ok,true
PMBJP-1910,Amoxapine Tablets IP 100mg,tablet,100mg,74.00,false,false,PMBJP,10's,1,amoxapine,ok,true
PMBJP-1911,Aripiprazole Tablets IP 2.5 mg,tablet,2.5 mg,10.00,false,false,PMBJP,10's,1,aripiprazole,ok,true
PMBJP-1912,Aripiprazole Tablets IP 10 mg,tablet,10 mg,25.00,false,false,PMBJP,10's,1,aripiprazole,ok,true
PMBJP-1913,Aripiprazole Tablets IP 15 mg,tablet,15 mg,35.00,false,false,PMBJP,10's,1,aripiprazole,ok,true
PMBJP-1914,Aripiprazole Tablets IP 20 mg,tablet,20 mg,45.00,false,false,PMBJP,10's,1,aripiprazole,ok,true
PMBJP-1915,Aripiprazole Tablets IP 7.5 mg,tablet,7.5 mg,23.00,false,false,PMBJP,10's,1,aripiprazole,ok,true
PMBJP-1916,Aripiprazole Tablets IP 30 mg,tablet,30 mg,30.00,false,false,PMBJP,10's,1,aripiprazole,ok,true
PMBJP-1917,Asenapine Sublingual Tablets 5mg,tablet,5mg,0.00,false,false,PMBJP,10's,1,asenapine,ok,false
PMBJP-1918,Asenapine Sublingual Tablets 10mg,tablet,10mg,0.00,false,false,PMBJP,10's,1,asenapine,ok,false
PMBJP-1919,Bromocriptine Mesylate Tablets IP 1.25 mg,tablet,1.25 mg,35.00,false,false,PMBJP,10's,1,bromocriptine,ok,true
PMBJP-1920,Bupropion Prolonged-release Tablets IP 150 mg,extended release tablet,150 mg,45.00,false,false,PMBJP,10's,1,bupropion,ok,true
PMBJP-1921,Chlordiazepoxide Tablets IP 25 mg,tablet,25 mg,25.00,false,false,PMBJP,10's,1,chlordiazepoxide,ok,true
PMBJP-1922,Chlorpromazine Tablets IP 100 mg,tablet,100 mg,66.00,false,false,PMBJP,10's,1,chlorpromazine,ok,true
PMBJP-1923,Chlorpromazine Tablets IP 50 mg,tablet,50 mg,55.00,false,false,PMBJP,10's,1,chlorpromazine,ok,true
PMBJP-1924,Chlorpromazine Tablets IP 25 mg,tablet,25 mg,36.00,false,false,PMBJP,10's,1,chlorpromazine,ok,true
PMBJP-1927,Cinnarizine 20mg and Dimenhydrinate 40mg Tablets,tablet,20mg; 40mg,20.00,true,false,PMBJP,10's,2,cinnarizine|dimenhydrinate,ok,true
PMBJP-1928,Citalopram Tablets IP 20mg,tablet,20mg,20.00,false,false,PMBJP,10's,1,citalopram,ok,true
PMBJP-1929,Citalopram Tablets IP 40mg,tablet,40mg,0.00,false,false,PMBJP,10's,1,citalopram,ok,false
PMBJP-1930,Citicoline Injection IP 250mg per ml,injection,250mg,40.00,false,false,PMBJP,2ml Ampoule,1,citicoline,ok,true
PMBJP-1931,Clonazepam Mouth Dissolving Tablets 0.25 mg,dispersible tablet,0.25 mg,10.00,false,false,PMBJP,10's,1,clonazepam,ok,true
PMBJP-1932,Clomipramine Hydrochloride Tablets 10mg,tablet,10mg,12.00,false,false,PMBJP,10's,1,clomipramine,ok,true
PMBJP-1933,Clomipramine Hydrochloride Tablets 25mg,tablet,25mg,20.00,false,false,PMBJP,10's,1,clomipramine,ok,true
PMBJP-1934,Clomipramine Hydrochloride Tablets 50mg,tablet,50mg,35.00,false,false,PMBJP,10's,1,clomipramine,ok,true
PMBJP-1935,Clozapine Tablets IP 25 mg,tablet,25 mg,15.00,false,false,PMBJP,10's,1,clozapine,ok,true
PMBJP-1936,Clozapine Tablets IP 50 mg,tablet,50 mg,25.00,false,false,PMBJP,10's,1,clozapine,ok,true
PMBJP-1937,Clozapine Tablets IP 100 mg,tablet,100 mg,40.00,false,false,PMBJP,10's,1,clozapine,ok,true
PMBJP-1938,Diazepam Tablets IP 2 mg,tablet,2 mg,7.00,false,false,PMBJP,10's,1,diazepam,ok,true
PMBJP-1939,Diazepam Tablets IP 10 mg,tablet,10 mg,20.00,false,false,PMBJP,10's,1,diazepam,ok,true
PMBJP-1940,Doxepin Capsules IP 10mg,capsule,10mg,15.00,false,false,PMBJP,10's,1,doxepin,ok,true
PMBJP-1941,Doxepin Capsules IP 25mg,capsule,25mg,40.00,false,false,PMBJP,10's,1,doxepin,ok,true
PMBJP-1942,Doxepin Capsules IP 75mg,capsule,75mg,60.00,false,false,PMBJP,10's,1,doxepin,ok,true
PMBJP-1943,Duloxetine Gastro Resistant Tablets IP 30mg,gastro-resistant tablet,30mg,30.00,false,false,PMBJP,10's,1,duloxetine,ok,true
PMBJP-1944,Escitalopram Tablets IP 5 mg,tablet,5 mg,8.00,false,false,PMBJP,10's,1,escitalopram,ok,true
PMBJP-1945,Etizolam Tablets IP 0.25mg,tablet,0.25mg,7.00,false,false,PMBJP,10's,1,etizolam,ok,true
PMBJP-1946,Lamotrigine Dispersible Tablets IP 25mg,dispersible tablet,25mg,15.00,false,false,PMBJP,10's,1,lamotrigine,ok,true
PMBJP-1947,Lamotrigine Dispersible Tablets IP 50mg,dispersible tablet,50mg,20.00,false,false,PMBJP,10's,1,lamotrigine,ok,true
PMBJP-1948,Levosulpiride Tablets 50 mg,tablet,50 mg,22.00,false,false,PMBJP,10's,1,levosulpiride,ok,true
PMBJP-1949,Levosulpiride Tablets 75 mg,tablet,75 mg,33.00,false,false,PMBJP,10's,1,levosulpiride,ok,true
PMBJP-1950,Mirtazapine Tablets IP 30 mg,tablet,30 mg,45.00,false,false,PMBJP,10's,1,mirtazapine,ok,true
PMBJP-1951,Rifaximin Tablets 200 mg,tablet,200 mg,70.00,false,false,PMBJP,10's,1,rifaximin,ok,true
PMBJP-1952,Rifaximin Tablets 550 mg,tablet,550 mg,170.00,false,false,PMBJP,10's,1,rifaximin,ok,true
PMBJP-1953,Olanzapine 5mg and Fluoxetine 20mg Tablets IP,tablet,5mg; 20mg,20.00,true,false,PMBJP,10's,2,olanzapine|fluoxetine,ok,true
PMBJP-1954,Phenytoin Injection IP 100mg per 2 ml,injection,100mg; 2 ml,8.00,false,false,PMBJP,2ml Ampoule,1,phenytoin,ok,true
PMBJP-1955,Paroxetine Extended Release 12.5mg and Clonazepam 0.25mg Tablets,tablet,12.5mg; 0.25mg,40.00,true,false,PMBJP,10's,2,paroxetine|clonazepam,ok,true
PMBJP-1956,Risperidone Orally Disintegrating Tablet 0.5mg,dispersible tablet,0.5mg,0.00,false,false,PMBJP,10's,1,risperidone,ok,false
PMBJP-1957,Risperidone Tablets IP 1mg,tablet,1mg,8.00,false,false,PMBJP,10's,1,risperidone,ok,true
PMBJP-1958,Risperidone Tablets IP 2 mg,tablet,2 mg,10.00,false,false,PMBJP,10's,1,risperidone,ok,true
PMBJP-1959,Eicosapentaenoic Acid 180mg and Docosahexaenoic Acid 120mg Soft Gelatin Capsule,soft gelatin capsule,180mg; 120mg,120.00,true,false,PMBJP,30's Bottle,2,eicosapentaenoic acid|docosahexaenoic acid,ok,true
PMBJP-1960,Aloe Vera 10% W/W and Vitamin E 1% W/W Moisturising Cream,cream,10% W/W; 1% W/W,50.00,true,true,PMBJP,60 gm Tube,2,aloe vera|vitamin e moisturising,non_drug,true
PMBJP-1961,Methylcobalamin Tablet 1500mcg,tablet,1500mcg,25.00,false,false,PMBJP,10's,1,mecobalamin,ok,true
PMBJP-1962,Methylcobalamin Tablet 500mcg,tablet,500mcg,15.00,false,false,PMBJP,10's,1,mecobalamin,ok,true
PMBJP-1963,N-Acetylcysteine 150Mg And Taurine 500Mg Tablets,tablet,150Mg; 500Mg,30.00,true,false,PMBJP,10's,2,acetylcysteine|taurine,ok,true
PMBJP-1964,Biphasic Insulin Lispro Injection IP 100IU per ml (25:75),injection,100IU,0.00,false,false,PMBJP,3ml Pre-Filled Cartridge,1,biphasic insulin lispro,residue,false
PMBJP-1965,Insulin Aspart Injection IP 100IU per ml,injection,100IU,0.00,false,false,PMBJP,10ml Vial,1,insulin aspart,residue,false
PMBJP-1966,Repaglinide Tablet IP 0.5mg,tablet,0.5mg,15.00,false,false,PMBJP,10's,1,repaglinide,ok,true
PMBJP-1967,Repaglinide Tablet IP 1mg,tablet,1mg,25.00,false,false,PMBJP,10's,1,repaglinide,ok,true
PMBJP-1968,Repaglinide Tablet IP 2mg,tablet,2mg,35.00,false,false,PMBJP,10's,1,repaglinide,ok,true
PMBJP-1969,Repaglinide 1mg and Metformin Hydrochloride (Sustained-release) 500mg Tablets IP,tablet,1mg; 500mg,30.00,true,false,PMBJP,10's,2,repaglinide|metformin,ok,true
PMBJP-1970,Repaglinide 2mg and Metformin Hydrochloride (Sustained-release) 500mg Tablets IP,tablet,2mg; 500mg,35.00,true,false,PMBJP,10's,2,repaglinide|metformin,ok,true
PMBJP-1971,"Amoxycillin 200Mg , Clavulanic Acid 28.5Mg And Lactic Acid Bacillus 60 Million Spore Dry syrup",dry syrup,200Mg; 28.5Mg,32.00,true,false,PMBJP,30 ml Bottle,3,amoxicillin|clavulanate|lactic acid bacillus,ok,true
PMBJP-1972,"Amoxycillin 500mg, Clavulanic Acid 125mg and Lactic Acid Bacillus 60 Million Spores Tablets",tablet,500mg; 125mg,100.00,true,false,PMBJP,10's,3,amoxicillin|clavulanate|lactic acid bacillus,ok,true
PMBJP-1973,"Amoxycillin 200Mg , Clavulanic Acid 28.5Mg And Lactic Acid Bacillus 30 Million Spore Dry syrup",dry syrup,200Mg; 28.5Mg,0.00,true,false,PMBJP,30 ml Bottle,3,amoxicillin|clavulanate|lactic acid bacillus,ok,false
PMBJP-1974,"Amoxycillin 250mg, Cloxacillin 250mg And Lactic Acid Bacillus 100 Million Spore Capsules",capsule,250mg,0.00,true,false,PMBJP,6's,3,amoxicillin|cloxacillin|lactic acid bacillus,ok,false
PMBJP-1975,"Amoxycillin 125Mg , Cloxacillin 125Mg And Lactic Acid Bacillus 60 Million Spore Tablets",tablet,125Mg,0.00,true,false,PMBJP,10's,3,amoxicillin|cloxacillin|lactic acid bacillus,ok,false
PMBJP-1976,"Amoxycillin 250Mg, Dicloxacillin 250Mg And Lactic Acid Bacillus 60 Million Spore Capsule",capsule,250Mg,35.00,true,false,PMBJP,10's,3,amoxicillin|dicloxacillin|lactic acid bacillus,ok,true
PMBJP-1978,Cefdinir Capsule IP 300mg,capsule,300mg,150.00,false,false,PMBJP,10's,1,cefdinir,ok,true
PMBJP-1979,Cefdinir Oral Suspension IP 125mg per 5ml,oral suspension,125mg; 5ml,62.00,false,false,PMBJP,30ml with Water for Reconstitution,1,cefdinir,ok,true
PMBJP-1980,Tolperisone Tablet 150mg,tablet,150mg,15.00,false,false,PMBJP,10's,1,tolperisone,ok,true
PMBJP-1981,Cefixime 50Mg And Clavulanic Acid 31.25 Mg Dry syrup,dry syrup,50Mg; 31.25 Mg,40.00,true,false,PMBJP,30ml with Water for Reconstitution,2,cefixime|clavulanate,ok,true
PMBJP-1982,Cefixime 100Mg And Clavulanic Acid 62.5 Mg Tablets,tablet,100Mg; 62.5 Mg,70.00,true,false,PMBJP,10's,2,cefixime|clavulanate,ok,true
PMBJP-1984,Cefprozil Oral Suspension 125mg per 5ml,oral suspension,125mg; 5ml,55.00,false,false,PMBJP,30ml,1,cefprozil,ok,true
PMBJP-1985,Cefprozil Oral Suspension 250mg per 5ml,oral suspension,250mg; 5ml,100.00,false,false,PMBJP,30ml,1,cefprozil,ok,true
PMBJP-1986,Cefprozil Tablet 500 mg,tablet,500 mg,180.00,false,false,PMBJP,6's,1,cefprozil,ok,true
PMBJP-1987,Cefprozil Tablet 250 mg,tablet,250 mg,150.00,false,false,PMBJP,10's,1,cefprozil,ok,true
PMBJP-1989,Ceftazidime 250mg And Tazobactum 31.25mg Injection,injection,250mg; 31.25mg,35.00,true,false,PMBJP,Vial & Wfi,2,ceftazidime|tazobactum,ok,true
PMBJP-1990,Ceftazidime 1000 mg And Tazobactum 125 mg Injection,injection,1000 mg; 125 mg,90.00,true,false,PMBJP,Vial with WFI,2,ceftazidime|tazobactum,ok,true
PMBJP-1991,Moxifloxacin 400mg and Cefixime 400mg Tablet,tablet,400mg,170.00,true,false,PMBJP,10's,2,moxifloxacin|cefixime,ok,true
PMBJP-1992,"Bacitracin 400 IU, Neomycin 3400 IU and Polymyxin B 5000 IU Opthalmic Ointment",ointment,400 IU; 3400 IU; 5000 IU,52.00,true,false,PMBJP,10 gm Tube,3,bacitracin|neomycin|polymyxin b,ok,true
PMBJP-1993,Glycolic Acid 1% w/w and Aloe Vera 5% w/w Face Wash,,1% w/w; 5% w/w,60.00,true,true,PMBJP,100gm Tube,2,glycolic acid|aloe vera,non_drug,true
PMBJP-1994,"Glycolic Acid 1% w/w, Aloe Vera 5% w/w and Salicylic Acid 2% w/w Facewash",,1% w/w; 5% w/w; 2% w/w,0.00,true,true,PMBJP,60ml Flip top Lemitube,3,glycolic acid|aloe vera|salicylic acid,non_drug,false
PMBJP-1995,Selenium Sulphide Shampoo 1% w/w,shampoo,1% w/w,95.00,false,false,PMBJP,60ml Flip top Jar,1,selenium sulphide,ok,true
PMBJP-1996,"Aceclofenac 100Mg, Paracetamol 325Mg And Trypsin-Chymotrypsin 150000Au Tablets",tablet,100Mg; 325Mg,40.00,true,false,PMBJP,10's,3,aceclofenac|acetaminophen|trypsin-chymotrypsin,ok,true
PMBJP-1998,Carboprost Injection 250mcg IP,injection,250mcg,0.00,false,false,PMBJP,1ml Ampoule,1,carboprost,ok,false
PMBJP-1999,Carboprost Injection 125mcg,injection,125mcg,49.00,false,false,PMBJP,0.5ml Ampoule,1,carboprost,ok,true
PMBJP-2000,Dinoprostone Gel 0.5 mg (Pre-filled syringe),gel,0.5 mg,121.00,false,true,PMBJP,3gm Pre-filled Syringe,1,dinoprostone,non_drug,true
PMBJP-2001,Ethinyl Estradiol 15mcg And Gestodene 60mcg Tablet,tablet,15mcg; 60mcg,0.00,true,false,PMBJP,28's Monopack,2,ethinyl estradiol|gestodene,ok,false
PMBJP-2002,Ethinylestradiol 0.035 Mg And Cyproterone 2 Mg Tablet,tablet,0.035 Mg; 2 Mg,90.00,true,false,PMBJP,21's Monopack,2,ethinyl estradiol|cyproterone,ok,true
PMBJP-2003,Calcium 500mg and Vitamin D3 500IU Tablets IP,tablet,500mg; 500IU,8.00,true,false,PMBJP,10's,2,calcium|vitamin d,ok,true
PMBJP-2004,Ranolazine Extended Release Tablets 1000mg,extended release tablet,1000mg,75.00,false,false,PMBJP,10's,1,ranolazine,ok,true
PMBJP-2005,Potassium Nitrate Toothpaste 5% w/w,,5% w/w,45.00,false,true,PMBJP,100gm,1,potassium nitrate toothpaste,non_drug,true
PMBJP-2006,Sodium Bicarbonate Tablet 500 mg,tablet,500 mg,10.00,false,false,PMBJP,10's,1,sodium,ok,true
PMBJP-2007,Sodium Bicarbonate Tablet 1000 mg,tablet,1000 mg,15.00,false,false,PMBJP,10's,1,sodium,ok,true
PMBJP-2008,"Simethicone 40Mg , Dill Oil 0.005Ml And Fennel Oil 0.0007Ml Drops",drops,40Mg; 0.005Ml; 0.0007Ml,20.00,true,false,PMBJP,30ml Oral Drops,3,simethicone|dill oil|fennel oil,ok,true
PMBJP-2009,Silymarin Tablet 140 mg,tablet,140 mg,30.00,false,false,PMBJP,10's,1,silymarin,ok,true
PMBJP-2010,Racecadotril Sachet IP 10mg,powder,10mg,5.00,false,false,PMBJP,1gm Sachet,1,racecadotril,ok,true
PMBJP-2011,Racecadotril Sachet IP 15mg,powder,15mg,55.00,false,false,PMBJP,1gm Sachet,1,racecadotril,ok,true
PMBJP-2012,Racecadotril Sachet IP 30mg,powder,30mg,6.00,false,false,PMBJP,3gm Sachet,1,racecadotril,ok,true
PMBJP-2014,Daclatasvir Tablets 60 mg,tablet,60 mg,930.00,false,false,PMBJP,28's Bottle,1,daclatasvir,ok,true
PMBJP-2015,Nebivolol 5mg and Telmisartan 40mg Tablets,tablet,5mg; 40mg,50.00,true,false,PMBJP,10's,2,nebivolol|telmisartan,ok,true
PMBJP-2016,Minoxidil Tablets IP 10mg,tablet,10mg,20.00,false,false,PMBJP,10's,1,minoxidil,ok,true
PMBJP-2017,Ulipristal Acetate Tablets 5mg,tablet,5mg,475.00,false,false,PMBJP,10's,1,ulipristal,ok,true
PMBJP-2018,Mesalazine Prolonged release Tablets IP 500mg,extended release tablet,500mg,75.00,false,false,PMBJP,10's,1,mesalazine,ok,true
PMBJP-2019,Metformin Hydrochloride 1000mg (Prolonged release) and Glimepiride 3mg Tablets IP,tablet,1000mg; 3mg,29.00,true,false,PMBJP,10's,2,metformin|glimepiride,ok,true
PMBJP-2020,Desmopressin Tablets 0.1 mg,tablet,0.1 mg,0.00,false,false,PMBJP,15's in bottle,1,desmopressin,ok,false
PMBJP-2021,Teriparatide Injection 750 mcg per 3 ml,injection,750 mcg; 3 ml,3269.00,false,false,PMBJP,3ml Cartridge,1,teriparatide,ok,true
PMBJP-2022,Ropinirole Tablets IP 1 mg,tablet,1 mg,20.00,false,false,PMBJP,10's,1,ropinirole,ok,true
PMBJP-2023,Ropinirole Tablets IP 2 mg,tablet,2 mg,30.00,false,false,PMBJP,10's,1,ropinirole,ok,true
PMBJP-2024,Ropinirole Tablets IP 4 mg,tablet,4 mg,0.00,false,false,PMBJP,10's,1,ropinirole,ok,false
PMBJP-2025,Bimatoprost 0.03% w/v and Timolol 0.5% w/v Ophthalmic Solution,solution,0.03% w/v; 0.5% w/v,170.00,true,false,PMBJP,5ml Drops,2,bimatoprost|timolol,ok,true
PMBJP-2026,Etoposide Capsules IP 50 mg,capsule,50 mg,216.00,false,false,PMBJP,8's,1,etoposide,ok,true
PMBJP-2027,Mesalazine Delayed release Tablets 800 mg,extended release tablet,800 mg,975.00,false,false,PMBJP,10's,1,mesalazine,ok,true
PMBJP-2028,Tacrolimus Capsule IP 2 mg,capsule,2 mg,190.00,false,false,PMBJP,10's,1,tacrolimus,ok,true
PMBJP-2029,Tacrolimus Capsule IP 1 mg,capsule,1 mg,110.00,false,false,PMBJP,10's,1,tacrolimus,ok,true
PMBJP-2030,Tacrolimus Capsule IP 0.25 mg,capsule,0.25 mg,45.00,false,false,PMBJP,10's,1,tacrolimus,ok,true
PMBJP-2031,Sofosbuvir 400mg and Velpatasvir 100mg Tablets,tablet,400mg; 100mg,0.00,true,false,PMBJP,28's Bottle,2,sofosbuvir|velpatasvir,ok,false
PMBJP-2032,Atazanavir 300mg and Ritonavir 100mg Tablets IP,tablet,300mg; 100mg,820.00,true,false,PMBJP,30's Bottle,2,atazanavir|ritonavir,ok,true
PMBJP-2033,Sodium Hyaluronate Eye Drops 0.1% w/v,eye drops,0.1% w/v,50.00,false,false,PMBJP,10ml Drops,1,sodium hyaluronate,ok,true
PMBJP-2034,Voriconazole Tablets IP 200mg,tablet,200mg,350.00,false,false,PMBJP,4's,1,voriconazole,ok,true
PMBJP-2035,Potassium Citrate 1100 mg and Magnesium Citrate 375 mg and Pyridoxine Hydrochloride 20mg Syrup per 5ml,syrup,1100 mg; 375 mg; 20mg; 5ml,65.00,true,false,PMBJP,200ml,3,potassium|magnesium|pyridoxine,ok,true
PMBJP-2037,Esomeprazole Gastro-Resistance Tablets IP 20mg,tablet,20mg,10.00,false,false,PMBJP,10's,1,esomeprazole gastro-resistance,ok,true
PMBJP-2038,Pantoprazole Gastro-Resistance Tablets IP 20mg,tablet,20mg,7.00,false,false,PMBJP,10's,1,pantoprazole gastro-resistance,ok,true
PMBJP-2039,"Papain 60mg , Fungal Diastase 20mg (Alpha Amylase 1:2000) and Simethicone 25mg Effervescent Tablet",dispersible tablet,60mg; 20mg; 25mg,0.00,true,false,PMBJP,4's,3,papain|fungal diastase|simethicone effervescent,ok,false
PMBJP-2040,L-Ornithine L-Aspartate 150mg and Pancreatin 100mg Tablets,tablet,150mg; 100mg,30.00,true,false,PMBJP,10's,2,l-ornithine l-aspartate|pancreatin,ok,true
PMBJP-2041,Tadalafil 10Mg And Dapoxetine 30 Mg Tablets,tablet,10Mg; 30 Mg,70.00,true,false,PMBJP,4's,2,tadalafil|dapoxetine,ok,true
PMBJP-2043,Domperidone 10mg and Paracetamol 325mg Tablets,tablet,10mg; 325mg,0.00,true,false,PMBJP,10's,2,domperidone|acetaminophen,ok,false
PMBJP-2044,Levonorgestrel Tablet IP 1.5 mg,tablet,1.5 mg,20.00,false,false,PMBJP,1's in Monopack,1,levonorgestrel,ok,true
PMBJP-2045,"Ferrous Asparto Glycinate 100 mg, L-Methylfolate Calcium 300mcg, Methylcobalamin 500mcg Tablet",tablet,100 mg; 300mcg; 500mcg,40.00,true,false,PMBJP,10's,3,ferrous asparto|l-methylfolate|mecobalamin,ok,true
PMBJP-2046,"Riboflavin 10Mg,Folic Acid 1.5Mg, Niacinamide 100Mg & Lactic Acid Bacillus 60 Million Spores Tablets",tablet,10Mg; 1.5Mg; 100Mg,24.00,true,false,PMBJP,10's,4,riboflavin|folic acid|niacinamide|lactic acid bacillus,ok,true
PMBJP-2047,Cholecalciferol Soft Gelatin Capsule 60000 IU,soft gelatin capsule,60000 IU,20.00,false,false,PMBJP,4's,1,cholecalciferol,ok,true
PMBJP-2048,Methotrexate Tablets IP 2.5mg,tablet,2.5mg,15.00,false,false,PMBJP,10's,1,methotrexate,ok,true
PMBJP-2049,Divalproex Prolonged release Tablets IP 500mg,extended release tablet,500mg,65.00,false,false,PMBJP,10's,1,valproic acid,ok,true
PMBJP-2050,Amlodipine Tablet IP 10mg,tablet,10mg,10.00,false,false,PMBJP,10's,1,amlodipine,ok,true
PMBJP-2051,"L-Carnitine-L-Tartrate 1000Mg, Co-Enzyme Q10 60Mg, Zinc Oxide (As Elemental Zinc) 12.5Mg, Lycopene 2500Mcg Tablets",tablet,1000Mg; 60Mg; 12.5Mg; 2500Mcg,207.00,true,false,PMBJP,10's,4,l-carnitine-l-tartrate|co-enzyme q|zinc oxide|lycopene,residue,true
PMBJP-2052,Atorvastatin 10mg And Cholecalciferol 1000 IU Tablet,tablet,10mg; 1000 IU,20.00,true,false,PMBJP,10's,2,atorvastatin|cholecalciferol,ok,true
PMBJP-2053,Telmisartan 40mg and Atorvastatin 10mg Tablet,tablet,40mg; 10mg,15.00,true,false,PMBJP,10's,2,telmisartan|atorvastatin,ok,true
PMBJP-2054,"Mecobalamin 1500 mcg, Alpha Lipoic Acid 100mg, Inositol 100mg, Folic Acid 1.5mg, Chromium Picolinate 200mcg, Selenium Dioxide 55mcg and Benfotiamine 150 mg Soft gel Capsule",soft gelatin capsule,1500 mcg; 100mg; 1.5mg; 200mcg; 55mcg; 150 mg,60.00,true,false,PMBJP,10's,7,mecobalamin|alpha lipoic acid|inositol|folic acid|chromium|selenium dioxide|benfotiamine,ok,true
PMBJP-2055,Halobetasol Propionate Ointment 0.05% w/w,ointment,0.05% w/w,30.00,false,false,PMBJP,15gm Lemi Tube,1,halobetasol,ok,true
PMBJP-2056,"Chlorhexidine Gluconate 1% w/w, Metronidazole 1% w/w and Lidocaine 2% w/w dental Gel",gel,1% w/w; 2% w/w,20.00,true,false,PMBJP,15 gm Lami Tube,3,chlorhexidine|metronidazole|lidocaine,ok,true
PMBJP-2058,"Ofloxacin 0.3% w/v, Dexamethasone 0.1% w/v, Benzalkonium Chloride (As Preservative) 0.005% w/v Eye Drops",eye drops,0.3% w/v; 0.1% w/v; 0.005% w/v,10.00,true,false,PMBJP,5ml Drops,3,ofloxacin|dexamethasone|benzalkonium,ok,true
PMBJP-2059,Povidone Iodine Gargle 2% w/v,,2% w/v,40.00,false,false,PMBJP,100ml Bottle,1,povidone iodine,ok,true
PMBJP-2060,Paracetamol Tablets IP 1000 Mg,tablet,1000 Mg,16.00,false,false,PMBJP,10's,1,acetaminophen,ok,true
PMBJP-2061,Ketorolac Tromethamine Dispersible Tablet 10 mg,dispersible tablet,10 mg,10.00,false,false,PMBJP,10's,1,ketorolac tromethamine dispersible,ok,true
PMBJP-2065,Lopinavir and Ritonavir Tablets IP (200mg + 50mg),tablet,200mg; 50mg,950.00,true,false,PMBJP,60's in Bottle,2,lopinavir|ritonavir,ok,true
PMBJP-2066,Lignocaine Hydrochloride Injection IP (20ml),injection,20ml,1747.00,false,false,PMBJP,30 ml Vial,1,lidocaine,ok,true
PMBJP-2068,Ayuraksha Immuno Boosting Kit,kit,,225.00,false,true,PMBJP,Kit,1,ayuraksha immuno boosting,non_drug,true
PMBJP-2069,Bal Raksha Kit,kit,,340.00,false,false,PMBJP,Kit,1,bal raksha,ok,true
PMBJP-2070,Ayush 64- 40 Tab/Cap in HDPE Container,,,103.00,false,true,PMBJP,Bottle,1,ayush - tab cap hdpe container,non_drug,true
PMBJP-2072,"Atorvastatin 10mg, Aspirin 75mg and Clopidogrel 75mg Capsules",capsule,10mg; 75mg,38.00,true,false,PMBJP,10's,3,atorvastatin|acetylsalicylic acid|clopidogrel,ok,true
PMBJP-2073,Atorvastatin 20mg and Aspirin 150mg Capsules IP,capsule,20mg; 150mg,20.00,true,false,PMBJP,10's,2,atorvastatin|acetylsalicylic acid,ok,true
PMBJP-2074,Atorvastatin 20mg and Aspirin 75mg Capsules IP,capsule,20mg; 75mg,185.00,true,false,PMBJP,10's,2,atorvastatin|acetylsalicylic acid,ok,true
PMBJP-2076,Atorvastatin Tablets IP 5mg,tablet,5mg,10.00,false,false,PMBJP,10's,1,atorvastatin,ok,true
PMBJP-2077,Benzoyl Peroxide Gel IP 2.5% w/w,gel,2.5% w/w,22.00,false,false,PMBJP,20gm Tube,1,benzoyl peroxide,ok,true
PMBJP-2078,Bifonazole IP 1% w/w Cream,cream,1% w/w,40.00,false,false,PMBJP,30gm Lami Tube,1,bifonazole,ok,true
PMBJP-2079,Bisacodyl Suppositories IP 10mg,suppository,10mg,25.00,false,false,PMBJP,5's,1,bisacodyl,ok,true
PMBJP-2080,Bisoprolol 5mg and Hydrochlorothiazide 12.5mg Tablets,tablet,5mg; 12.5mg,20.00,true,false,PMBJP,10's,2,bisoprolol|hydrochlorothiazide,ok,true
PMBJP-2081,Calcipotriol 0.005% and Clobetasol Propionate 0.05 % Ointment,ointment,0.005%; 0.05 %,182.00,true,false,PMBJP,15gm Lami-tube,2,calcipotriol|clobetasol,ok,true
PMBJP-2082,Calcium Dobesilate Monohydrate Capsules 500mg,capsule,500mg,40.00,false,false,PMBJP,10's,1,calcium dobesilate,ok,true
PMBJP-2083,"Calcium Citrate Malate 250mg , Vitamin D3 100IU and Folic Acid 50mcg Tablets",tablet,250mg; 100IU; 50mcg,20.00,true,false,PMBJP,10's,3,calcium|vitamin d|folic acid,ok,true
PMBJP-2084,Carbamazepine Prolonged release Tablets IP 400mg,extended release tablet,400mg,261.00,false,false,PMBJP,10's,1,carbamazepine,ok,true
PMBJP-2085,Carbidopa 10mg and Levodopa 100mg Tablets IP,tablet,10mg; 100mg,0.00,true,false,PMBJP,10's,2,carbidopa|levodopa,ok,false
PMBJP-2086,"Carica papaya leaf Extract 1100mg, Goat Milk 250mg and Tinospora Cordifolia 250mg Extract Tablets",tablet,1100mg; 250mg,0.00,true,false,PMBJP,10's,3,carica papaya leaf extract|goat milk|tinospora cordifolia extract,ok,false
PMBJP-2087,Papaya Leaf Extract 1100mg Tablets,tablet,1100mg,0.00,false,false,PMBJP,15's,1,papaya leaf extract,ok,false
PMBJP-2088,Carvedilol Phosphate Extended Release Tablets 10mg,extended release tablet,10mg,17.00,false,false,PMBJP,10's,1,carvedilol,ok,true
PMBJP-2089,Carvedilol Phosphate Extended Release Tablets 20mg,extended release tablet,20mg,25.00,false,false,PMBJP,10's,1,carvedilol,ok,true
PMBJP-2090,Carvedilol Tablets IP 12.5 mg,tablet,12.5 mg,15.00,false,false,PMBJP,10's,1,carvedilol,ok,true
PMBJP-2091,Cilnidipine 10mg and Chlorthalidone 12.5mg Tablets,tablet,10mg; 12.5mg,20.00,true,false,PMBJP,10's,2,cilnidipine|chlorthalidone,ok,true
PMBJP-2092,Metoprolol Succinate (extended release) 25mg and Cilnidipine 10mg Tablets,tablet,25mg; 10mg,20.00,true,false,PMBJP,10's,2,metoprolol|cilnidipine,ok,true
PMBJP-2093,Metoprolol Succinate (extended release) 50mg and Cilnidipine 10mg Tablets,tablet,50mg; 10mg,23.00,true,false,PMBJP,10's,2,metoprolol|cilnidipine,ok,true
PMBJP-2094,Cinnarizine 20mg and Domperidone 15mg Tablet,tablet,20mg; 15mg,10.00,true,false,PMBJP,10's,2,cinnarizine|domperidone,ok,true
PMBJP-2095,Clotrimazole 1% w/v and Lignocaine Hydrochloride 2% w/v Ear Drops,ear drops,1% w/v; 2% w/v,15.00,true,false,PMBJP,10ml Drops,2,clotrimazole|lidocaine,ok,true
PMBJP-2096,"Cod liver oil 300MG, Evening primrose oil 300MG, Omega-3 fatty acid 90MG and Vitamin E 10MG Soft Gelatin Capsules",soft gelatin capsule,300MG; 90MG; 10MG,45.00,true,false,PMBJP,10's,4,cod liver oil|evening primrose oil|omega- fatty acid|vitamin e,ok,true
PMBJP-2097,"Combipack of Clarithromycin 500mg Tablets IP, Esomeprazole 40mg Tablets IP (Gastro resistant) and Amoxycillin 750mg Tablets IP",tablet,500mg; 40mg; 750mg,85.00,true,false,PMBJP,Combipack of 6 Tablets in Mono Carton,3,combipack clarithromycin|esomeprazole|amoxicillin,ok,true
PMBJP-2098,Dabigatran Etexilate Mesilate Capsules 75 mg,capsule,75 mg,131.00,false,false,PMBJP,10's,1,dabigatran,ok,true
PMBJP-2099,Dapagliflozin 10mg and Metformin Hydrochloride (Extended Release) 1000mg Tablets,tablet,10mg; 1000mg,55.00,true,false,PMBJP,10's,2,dapagliflozin|metformin,ok,true
PMBJP-2100,Dapagliflozin 10mg and Metformin Hydrochloride (Extended Release) 500mg Tablets,tablet,10mg; 500mg,51.00,true,false,PMBJP,10's,2,dapagliflozin|metformin,ok,true
PMBJP-2101,Dapagliflozin Tablets 5mg,tablet,5mg,25.00,false,false,PMBJP,10's,1,dapagliflozin,ok,true
PMBJP-2102,Desloratadine Tablets 5mg,tablet,5mg,15.00,false,false,PMBJP,10's,1,desloratadine,ok,true
PMBJP-2103,Diclofenac Sodium Suppositories 100mg,suppository,100mg,0.00,false,false,PMBJP,5's,1,diclofenac,ok,false
PMBJP-2104,Divalproex Sodium Extended Release Tablets IP 250 mg,extended release tablet,250 mg,25.00,false,false,PMBJP,10's,1,valproic acid,ok,true
PMBJP-2105,Dosulepin (Dothiepin) Tablets IP 50mg,tablet,50mg,30.00,false,false,PMBJP,10's,1,dosulepin,ok,true
PMBJP-2106,Doxofylline (Sustained-release) 400mg and Montelukast 10mg Tablets,tablet,400mg; 10mg,65.00,true,false,PMBJP,10's,2,doxofylline|montelukast,ok,true
PMBJP-2107,Etizolam 0.5mg and Propranolol Hydrochloride 20mg Tablets,tablet,0.5mg; 20mg,20.00,true,false,PMBJP,10's,2,etizolam|propranolol,ok,true
PMBJP-2108,Frusemide 20mg and Spironolactone 25mg Tablets,tablet,20mg; 25mg,0.00,true,false,PMBJP,10's,2,furosemide|spironolactone,ok,false
PMBJP-2109,Glucosamine Tablets USP 500mg,tablet,500mg,80.00,false,false,PMBJP,30's in Bottle,1,glucosamine,ok,true
PMBJP-2110,Isosorbide Mononitrate Sustained release Tablets 50mg,extended release tablet,50mg,0.00,false,false,PMBJP,10's,1,isosorbide mononitrate,ok,false
PMBJP-2111,Isotretinoin Capsules IP 10mg,capsule,10mg,30.00,false,false,PMBJP,10's,1,isotretinoin,ok,true
PMBJP-2112,Ketorolac Tromethamine Ophthalmic Solution 0.4% w/v,solution,0.4% w/v,0.00,false,false,PMBJP,5ml Drops,1,ketorolac tromethamine,ok,false
PMBJP-2113,Lacosamide Tablets 100mg,tablet,100mg,56.00,false,false,PMBJP,10's,1,lacosamide,ok,true
PMBJP-2114,Methotrexate Tablets IP 10mg,tablet,10mg,30.00,false,false,PMBJP,10's,1,methotrexate,ok,true
PMBJP-2115,Methotrexate Tablets IP 5mg,tablet,5mg,20.00,false,false,PMBJP,10's,1,methotrexate,ok,true
PMBJP-2116,Methylprednisolone Tablets IP 16mg,tablet,16mg,40.00,false,false,PMBJP,10's,1,methylprednisolone,ok,true
PMBJP-2117,"Metoprolol Succinate (Extended-relase) 50mg, Telmisartan 40mg and Chlorthalidone 12.5mg Tablets",tablet,50mg; 40mg; 12.5mg,25.00,true,false,PMBJP,10's,3,metoprolol|telmisartan|chlorthalidone,ok,true
PMBJP-2118,Metoprolol Succinate Extended Release Tablets IP 12.5mg,extended release tablet,12.5mg,10.00,false,false,PMBJP,10's,1,metoprolol,ok,true
PMBJP-2119,Miconazole Nitrate Cream IP 2% w/w,cream,2% w/w,12.00,false,false,PMBJP,15gm Tube,1,miconazole,ok,true
PMBJP-2120,Mometasone Aqueous Nasal Spray IP 0.05%w/v (nasal suspension in a pressurise container),oral suspension,0.05%w/v,102.00,false,false,PMBJP,120 MDI,1,mometasone aqueous,ok,true
PMBJP-2121,"Acebrophylline (sustained-release) 200mg, Montelukast 10mg and Fexofenadine 120mg Tablets",tablet,200mg; 10mg; 120mg,60.00,true,false,PMBJP,10's,3,acebrophylline|montelukast|fexofenadine,ok,true
PMBJP-2122,Mycophenolate Sodium Gastro-resistant Tablets 360mg,gastro-resistant tablet,360mg,145.00,false,false,PMBJP,10's,1,mycophenolate,ok,true
PMBJP-2123,Metformin Hydrochloride (sustained-relase) 500mg and Myo-Inositol 600mg Tablets,tablet,500mg; 600mg,88.00,true,false,PMBJP,10's,2,metformin|myo-inositol,ok,true
PMBJP-2124,Nitroglycerin Controlled Release Tablets 6.4 mg,extended release tablet,6.4 mg,55.00,false,false,PMBJP,30's in Bottle,1,nitroglycerin,ok,true
PMBJP-2125,Nortriptyline Tablets IP 10mg,tablet,10mg,10.00,false,false,PMBJP,10's,1,nortriptyline,ok,true
PMBJP-2126,Ondansetron Orally disintegrating Tablets IP 8mg,dispersible tablet,8mg,11.00,false,false,PMBJP,10's,1,ondansetron,ok,true
PMBJP-2127,Oxcarbazepine Tablets IP 150mg,tablet,150mg,385.00,false,false,PMBJP,10's,1,oxcarbazepine,ok,true
PMBJP-2128,Paracetamol 650mg and Caffeine 50mg Tablets IP,tablet,650mg; 50mg,19.00,true,false,PMBJP,10's,2,acetaminophen|caffeine,ok,true
PMBJP-2129,Pirfenidone Tablets IP 400mg,tablet,400mg,170.00,false,false,PMBJP,10's,1,pirfenidone,ok,true
PMBJP-2130,"Potassium Magnesium Citrate 978mg, D-Mannose 300mg with Cranberry extract 200mg Sachet",powder,978mg; 300mg; 200mg,0.00,true,false,PMBJP,5gm Sachet,3,potassium|d-mannose|cranberry extract,ok,false
PMBJP-2131,Prednisolone Sodium Phosphate Eye Drops IP 1%w/v,eye drops,1%w/v,15.00,false,false,PMBJP,10ml Drops,1,prednisolone,ok,true
PMBJP-2132,Pregabalin (Sustained release) 75mg and Methylcobalamin 1500mcg Tablets,tablet,75mg; 1500mcg,50.00,true,false,PMBJP,10's,2,pregabalin|mecobalamin,ok,true
PMBJP-2133,Pregabalin Tablets IP 150mg,tablet,150mg,30.00,false,false,PMBJP,10's,1,pregabalin,ok,true
PMBJP-2134,Ribavirin Capsules USP 200mg,capsule,200mg,50.00,false,false,PMBJP,4's,1,ribavirin,ok,true
PMBJP-2135,Spironolactone 50mg and Torasemide 20mg Tablets,tablet,50mg; 20mg,42.00,true,false,PMBJP,10's,2,spironolactone|torasemide,ok,true
PMBJP-2136,Sumatriptan 85mg and Naproxen 500mg Tablets,tablet,85mg; 500mg,50.00,true,false,PMBJP,2's,2,sumatriptan|naproxen,ok,true
PMBJP-2137,"Telmisartan 40mg, Cilnidipine 10mg and Chlorthalidone 12.5mg Tablets",tablet,40mg; 10mg; 12.5mg,30.00,true,false,PMBJP,10's,3,telmisartan|cilnidipine|chlorthalidone,ok,true
PMBJP-2138,Torsemide Tablets IP 100mg,tablet,100mg,50.00,false,false,PMBJP,10's,1,torsemide,ok,true
PMBJP-2139,Valsartan Tablets IP 40 mg,tablet,40 mg,20.00,false,false,PMBJP,10's,1,valsartan,ok,true
PMBJP-2140,Verapamil Tablets IP 40mg,tablet,40mg,45.00,false,false,PMBJP,10's,1,verapamil,ok,true
PMBJP-2141,Warfarin Tablets IP 1mg,tablet,1mg,15.00,false,false,PMBJP,10's,1,warfarin,ok,true
PMBJP-2142,Warfarin Tablets IP 2mg,tablet,2mg,15.00,false,false,PMBJP,10's,1,warfarin,ok,true
PMBJP-2143,Zinc Sulphate Dispersible Tablets IP 20mg,dispersible tablet,20mg,10.00,false,false,PMBJP,10's,1,zinc,ok,true
PMBJP-2144,Pyridostigmine Bromide Tablets IP 60mg,tablet,60mg,72.00,false,false,PMBJP,10's,1,pyridostigmine,ok,true
PMBJP-2145,Budesonide Powder for Inhalation IP 400mcg (Rotacaps),powder,400mcg,10938.00,false,false,PMBJP,30's,1,budesonide,ok,true
PMBJP-2146,Combikit of Eplerenone Tablets 25mg and Torsemide Tablets IP 10mg,tablet,25mg; 10mg,0.00,true,false,PMBJP,Combikit of 20 Tablets in Mono Carton,2,combikit eplerenone|torsemide,ok,false
PMBJP-2147,Estradiol Tablets 2mg,tablet,2mg,110.00,false,false,PMBJP,28's,1,estradiol,ok,true
PMBJP-2148,Atorvastatin Tablets IP 80mg,tablet,80mg,35.00,false,false,PMBJP,10's,1,atorvastatin,ok,true
PMBJP-2149,"Pre & Pro-Biotic Capsules (Bacillus Mesentericus - 2M, Clostridium Butyricum - 4M, Lactobacillus Sporogenes - 100M, Streptococcus Faecalis - 60M)",capsule,,55.00,true,true,PMBJP,10's,2,pre|pro-biotic,non_drug,true
PMBJP-2150,Beclomethasone Dipropionate Inhalation IP 200mcg,inhaler,200mcg,150.00,false,false,PMBJP,200 MDI,1,beclomethasone,ok,true
PMBJP-2151,Beclomethasone Dipropionate Inhalation IP 100mcg,inhaler,100mcg,133.00,false,false,PMBJP,200 MDI,1,beclomethasone,ok,true
PMBJP-2152,Beclomethasone Dipropionate 100mcg Rotacaps IP,inhaler,100mcg,0.00,false,false,PMBJP,30's in Plastic container,1,beclomethasone,ok,false
PMBJP-2153,Beclomethasone Dipropionate Rotacaps 200mcg,inhaler,200mcg,7086.00,false,false,PMBJP,30's in Plastic container with monocarton,1,beclomethasone,ok,true
PMBJP-2154,Beclomethasone Dipropionate Rotacaps 400mcg,inhaler,400mcg,7247.00,false,false,PMBJP,30's in Plastic container with monocarton,1,beclomethasone,ok,true
PMBJP-2155,Benidipine Hydrochloride Tablets 4mg,tablet,4mg,15.00,false,false,PMBJP,10's,1,benidipine,ok,true
PMBJP-2156,Bilastine 20mg Montelukast 10mg Tablets,tablet,20mg; 10mg,50.00,false,false,PMBJP,10's,1,bilastine montelukast,ok,true
PMBJP-2158,Calcium Pantothenate 100mg Tablets IP,tablet,100mg,15.00,false,false,PMBJP,10's,1,calcium pantothenate,ok,true
PMBJP-2159,Cefpodoxime 200mg and Ofloxacin 200mg Tablets,tablet,200mg,107.00,true,false,PMBJP,10's,2,cefpodoxime|ofloxacin,ok,true
PMBJP-2160,"Clindamycin 100mg, Clotrimazole 100mg and Tinidazole 100mg Soft Gelatin Capsule (For Vaginal Use)",soft gelatin capsule,100mg,70.00,true,false,PMBJP,7's,3,clindamycin|clotrimazole|tinidazole,ok,true
PMBJP-2161,Diethylcarbamazine 150mg Tablets,tablet,150mg,10.00,false,false,PMBJP,10's,1,diethylcarbamazine,ok,true
PMBJP-2162,Eberconazole Cream 1% w/w,cream,1% w/w,130.00,false,false,PMBJP,30g Lemitube,1,eberconazole,ok,true
PMBJP-2163,Enalapril Maleate Tablets IP 2.5mg,tablet,2.5mg,7.00,false,false,PMBJP,10's,1,enalapril,ok,true
PMBJP-2164,Esomeprazole Magnessium 40mg (Enteric Coated ) and Itopride Hydrochloride 150mg (Sustained Release) Capsules.,capsule,40mg; 150mg,50.00,true,false,PMBJP,10's,2,esomeprazole magnessium|itopride,ok,true
PMBJP-2165,Evogliptin 5mg and Metformin Hydrochloride Sustained Release 1000mg Tablets,tablet,5mg; 1000mg,0.00,true,false,PMBJP,10's,2,evogliptin|metformin,ok,false
PMBJP-2166,Evogliptin 5mg and Metformin Hydrochloride Sustained Release 500mg Tablets,tablet,5mg; 500mg,0.00,true,false,PMBJP,10's,2,evogliptin|metformin,ok,false
PMBJP-2167,Evogliptin Tartarate 5mg Tablets,tablet,5mg,0.00,false,false,PMBJP,10's,1,evogliptin tartarate,ok,false
PMBJP-2168,Fenofibrate Capsules IP 200mg,capsule,200mg,25.00,false,false,PMBJP,10's,1,fenofibrate,ok,true
PMBJP-2169,Flupirtine Maleate Capsules 100mg,capsule,100mg,35.00,false,false,PMBJP,10's,1,flupirtine,ok,true
PMBJP-2170,Glimepiride IP 0.5mg Tablets,tablet,0.5mg,35.00,false,false,PMBJP,10's,1,glimepiride,ok,true
PMBJP-2171,Glucosamine Sulphate 1500mg Tablets,tablet,1500mg,0.00,false,false,PMBJP,10's,1,glucosamine,ok,false
PMBJP-2172,Di-Hydralazine Hydrochloride 25mg Tablets USP,tablet,25mg,0.00,false,false,PMBJP,10's,1,di-hydralazine,ok,false
PMBJP-2173,Ibandronic Acid Tablets 150mg,tablet,150mg,325.00,false,false,PMBJP,1's,1,ibandronic acid,ok,true
PMBJP-2174,Ilaprazole Tablets 10mg,tablet,10mg,25.00,false,false,PMBJP,10's,1,ilaprazole,ok,true
PMBJP-2175,Iron Sucrose Injection,injection,,33.00,false,false,PMBJP,1's,1,iron sucrose,ok,true
PMBJP-2176,Labetalol IP 200mg Tablets,tablet,200mg,60.00,false,false,PMBJP,10's,1,labetalol,ok,true
PMBJP-2177,Lornoxicam 8mg and Paracetamol 325mg Tablets,tablet,8mg; 325mg,25.00,true,false,PMBJP,10's,2,lornoxicam|acetaminophen,ok,true
PMBJP-2178,Meloxicam 7.5mg Tablets BP,tablet,7.5mg,0.00,false,false,PMBJP,10's,1,meloxicam,ok,false
PMBJP-2179,Meloxicam 15mg Tablets BP,tablet,15mg,0.00,false,false,PMBJP,10's,1,meloxicam,ok,false
PMBJP-2180,Mesalamine Delayed Release Tablets 400mg,extended release tablet,400mg,40.00,false,false,PMBJP,10's,1,mesalazine,ok,true
PMBJP-2181,Metformin Hydrchloride 500mg (Sustained-release) and Glimipride 3mg Tablet IP,tablet,500mg; 3mg,30.00,true,false,PMBJP,10's,2,metformin hydrchloride|glimipride,ok,true
PMBJP-2182,Metformin Hydrchloride 500mg (Sustained-release) and Glimipride 4mg Tablet IP,tablet,500mg; 4mg,35.00,true,false,PMBJP,10's,2,metformin hydrchloride|glimipride,ok,true
PMBJP-2183,Metolazone 2.5mg Tablets IP,tablet,2.5mg,0.00,false,false,PMBJP,10's,1,metolazone,ok,false
PMBJP-2184,Moxifloxacin 0.5 %w/v and Prednisolone Acetate 1%w/v Eye Drops,eye drops,0.5 %w/v; 1%w/v,20.00,true,false,PMBJP,5ml Drops,2,moxifloxacin|prednisolone,ok,true
PMBJP-2185,Moxonidine Tablets 0.2mg,tablet,0.2mg,36.00,false,false,PMBJP,10's,1,moxonidine,ok,true
PMBJP-2186,Oxcarbazepine Tablets IP 450mg,tablet,450mg,114.00,false,false,PMBJP,10's,1,oxcarbazepine,ok,true
PMBJP-2187,Oxcarbazepine Tablets IP 600 mg,tablet,600 mg,123.00,false,false,PMBJP,10's,1,oxcarbazepine,ok,true
PMBJP-2188,Paroxetin Prolonged-release Tablets IP 25mg,extended release tablet,25mg,40.00,false,false,PMBJP,10's,1,paroxetin,ok,true
PMBJP-2189,Paroxetine Prolonged-release Tablets IP 12.5mg,extended release tablet,12.5mg,25.00,false,false,PMBJP,10's,1,paroxetine,ok,true
PMBJP-2190,Pramipexole Dihydrochloride Tablets 0.25mg,tablet,0.25mg,49.00,false,false,PMBJP,10's,1,pramipexole,ok,true
PMBJP-2191,Progesterone 100mg/2ml Injection IP,injection,100mg; 2ml,0.00,false,false,PMBJP,2ml Ampoule in Mono blister,1,progesterone,ok,false
PMBJP-2192,Ramipril Tablets IP 10mg,tablet,10mg,20.00,false,false,PMBJP,10's,1,ramipril,ok,true
PMBJP-2193,Remogliflozin Etabonate 100mg and Vildagliptin 50mg Tablets,tablet,100mg; 50mg,0.00,true,false,PMBJP,10's,2,remogliflozin etabonate|vildagliptin,ok,false
PMBJP-2194,Remogliflozin Etabonate 100mg and Metformin Hydrochloride 1000mg Tablets,tablet,100mg; 1000mg,0.00,true,false,PMBJP,10's,2,remogliflozin etabonate|metformin,ok,false
PMBJP-2195,Remogliflozin Etabonate 100mg Tablets,tablet,100mg,0.00,false,false,PMBJP,10's,1,remogliflozin etabonate,ok,false
PMBJP-2196,Remogliflozin Etabonate Tablets 100mg and Metformin Hydrochloride 500mg Tablets,tablet,100mg; 500mg,0.00,true,false,PMBJP,10's,2,remogliflozin etabonate|metformin,ok,false
PMBJP-2197,Risperidone Tablets IP 3 mg,tablet,3 mg,11.00,false,false,PMBJP,10's,1,risperidone,ok,true
PMBJP-2198,Ropinirole Tablets IP 0.5mg,tablet,0.5mg,15.00,false,false,PMBJP,10's,1,ropinirole,ok,true
PMBJP-2199,Ropinirole Tablets 0.25mg,tablet,0.25mg,0.00,false,false,PMBJP,10's,1,ropinirole,ok,false
PMBJP-2200,Selegiline Hydrochloride 5mg Tablets,tablet,5mg,30.00,false,false,PMBJP,10's,1,selegiline,ok,true
PMBJP-2201,Sevelamer Carbonate Tablets 400mg,tablet,400mg,55.00,false,false,PMBJP,10's,1,sevelamer,ok,true
PMBJP-2202,Propranolol Hydrochloride 40mg Sustained Release) and Flunarizine Dihydrochloride 10mg Tablets,tablet,40mg; 10mg,20.00,true,false,PMBJP,10's,2,propranolol|flunarizine,ok,true
PMBJP-2203,"Telmisartan 80mg, Amlodipine 5mg and Hydrochlorothiazide 12.5mg Tablets",tablet,80mg; 5mg; 12.5mg,40.00,true,false,PMBJP,10's,3,telmisartan|amlodipine|hydrochlorothiazide,ok,true
PMBJP-2204,Tenofovir Alafenamide Tablets IP 25mg,tablet,25mg,600.00,false,false,PMBJP,30's in Bottle,1,tenofovir alafenamide,ok,true
PMBJP-2205,Verapamil Hydrochloride Prolonged Release 120mg Tablets IP,tablet,120mg,0.00,false,false,PMBJP,15's,1,verapamil,ok,false
PMBJP-2206,Vitamin E Capsules 600mg,capsule,600mg,28.00,false,false,PMBJP,10's,1,vitamin e,ok,true
PMBJP-2207,"Metformin Hydrochloride 500mg (Sustained Release), Voglibose 0.3mg and Glimepiride 1mg and Tablets",tablet,500mg; 0.3mg; 1mg,25.00,true,false,PMBJP,10's,3,metformin|voglibose|glimepiride,ok,true
PMBJP-2208,"Metformin Hydrochloride 500mg (Sustained Release), Voglibose 0.3mg and Glimepiride 2mg and Tablets",tablet,500mg; 0.3mg; 2mg,30.00,true,false,PMBJP,10's,3,metformin|voglibose|glimepiride,ok,true
PMBJP-2209,Ziprasidone 20mg Capsules,capsule,20mg,45.00,false,false,PMBJP,10's,1,ziprasidone,ok,true
PMBJP-2210,Perindopril Erbumine 8mg Tablets,tablet,8mg,80.00,false,false,PMBJP,10's,1,perindopril erbumine,ok,true
PMBJP-2211,Perindopril Erbumine 4mg and Indapamide 1.25mg Tablets,tablet,4mg; 1.25mg,70.00,true,false,PMBJP,10's,2,perindopril erbumine|indapamide,ok,true
PMBJP-2212,Micronized Purified flavanoid Fraction Tablets ( MPFF Diosmin 450mg and Hesperidin 50mg Tablets),tablet,450mg; 50mg,75.00,true,false,PMBJP,10's,2,micronized purified flavanoid fraction mpff diosmin|hesperidin,residue,true
PMBJP-2213,Ziprasidone 40mg Capsules,capsule,40mg,70.00,false,false,PMBJP,10's,1,ziprasidone,ok,true
PMBJP-2216,"Guaifenesin 50mg, Terbutaline 1.25 mg and Ambroxol 30 mg Syrup per 5ml (Suger free)",syrup,50mg; 1.25 mg; 30 mg; 5ml,30.00,true,false,PMBJP,100 ml,3,guaifenesin|terbutaline|ambroxol,ok,true
PMBJP-2217,"Guaifenesin 100mg, Terbutaline 1.25 mg and Ambroxol 15mg Syrup per 5ml (Suger free)",syrup,100mg; 1.25 mg; 15mg; 5ml,30.00,true,false,PMBJP,100 ml,3,guaifenesin|terbutaline|ambroxol,ok,true
PMBJP-2218,Sacubitril 97mg and Valsartan 103mg Tablets,tablet,97mg; 103mg,227.00,true,false,PMBJP,7’s,2,sacubitril|valsartan,ok,true
PMBJP-2219,Hydroxyprogesterone Injection 250mg,injection,250mg,30.00,false,false,PMBJP,1ml ampoule in Mono blister pack,1,hydroxyprogesterone,ok,true
PMBJP-2220,Hydroxyprogesterone Injection IP 500mg,injection,500mg,50.00,false,false,PMBJP,2ml Ampoule in Mono blister,1,hydroxyprogesterone,ok,true
PMBJP-2221,Alpha Ketoanalouge and Essential Amino Acid Tablets,tablet,,80.00,true,false,PMBJP,10's,2,alpha ketoanalouge|essential amino acid,ok,true
PMBJP-2222,Allopurinol Tablets IP 300 mg,tablet,300 mg,30.00,false,false,PMBJP,10's,1,allopurinol,ok,true
PMBJP-2223,Amisulpride Tablets IP 300mg,tablet,300mg,80.00,false,false,PMBJP,10's,1,amisulpride,ok,true
PMBJP-2224,Acarbose 50mg and Metformin Hydrochloride 500mg Tablets,tablet,50mg; 500mg,83.00,true,false,PMBJP,10's,2,acarbose|metformin,ok,true
PMBJP-2225,Acetylcysteine Effervescent Tablets 600mg,dispersible tablet,600mg,135.00,false,false,PMBJP,10's,1,acetylcysteine,ok,true
PMBJP-2226,Alendronate Sodium Tablets USP 70mg,tablet,70mg,20.00,false,false,PMBJP,4's,1,alendronate,ok,true
PMBJP-2227,"Amlodipine 5 mg, Losartan Potassium 50 mg & Hydrochlorothiazide 12.5 mg Tablets",tablet,5 mg; 50 mg; 12.5 mg,25.00,true,false,PMBJP,10's,3,amlodipine|losartan|hydrochlorothiazide,ok,true
PMBJP-2228,Amlodipine 5mg and Perindopril 4mg Tablets,tablet,5mg; 4mg,30.00,true,false,PMBJP,10's,2,amlodipine|perindopril,ok,true
PMBJP-2229,Amorphous Hydrogel Wound Dressing with Colloidal Silver,,,0.00,false,true,PMBJP,10gm Lami Tube,1,amorphous hydrogel wound dressing colloidal silver,non_drug,false
PMBJP-2238,Protein Powder (100% Whey Protein) 1 kg (2.2 lbs) Jar,powder,100%; 1 kg,1499.00,false,true,PMBJP,1 kg (2.2 lbs) Jar,1,protein,non_drug,true
PMBJP-2239,Cereal Based Foods Products (for Baby above 6 months),,,0.00,false,true,PMBJP,300g Mono Carton,1,cereal based foods products,non_drug,false
PMBJP-2240,Diabetes Care Protein Powder,powder,,400.00,false,true,PMBJP,400g Jar,1,diabetes care protein,non_drug,true
PMBJP-2241,Renal care protein powder (Low Protein),powder,,400.00,false,true,PMBJP,400g Jar,1,renal care protein,non_drug,true
PMBJP-2242,Renal care protein powder for dialysis patients (High Protein),powder,,500.00,false,true,PMBJP,400g Jar,1,renal care protein dialysis patients,non_drug,true
PMBJP-2243,Oral Rehydration Salt (Liquid form),,,1575.00,false,true,PMBJP,200ml Tetra Pack,1,rehydration salt,non_drug,true
PMBJP-2244,Janushadhi Madhurak (Stevia Natural Sweetener (Liquid)),,,100.00,false,true,PMBJP,30ml Drops in Mono Carton,1,janushadhi madhurak stevia natural sweetener,non_drug,true
PMBJP-2245,Janushadhi Madhurak (Stevia Natural Sweetener (Tablets/Pellets)),tablet,,75.00,false,true,PMBJP,100's,1,janushadhi madhurak stevia natural sweetener,non_drug,true
PMBJP-2246,Janaushadhi Women Protein (Chocolate) 250g,,250g,230.00,false,true,PMBJP,250g Jar,1,janaushadhi women protein,non_drug,true
PMBJP-2247,Janaushadhi Women Protein (Vanilla) 250 gm,,250 gm,230.00,false,true,PMBJP,250g Jar,1,janaushadhi women protein,non_drug,true
PMBJP-2248,"Janaushadhi Poshan (Malt based food with Cocoa, 30gm)",,30gm,10.00,false,true,PMBJP,30g Sachet,1,janaushadhi poshan,non_drug,true
PMBJP-2249,"Abacavir 600mg, Dolutegravir 50mg and Lamivudine 300mg Tablets",tablet,600mg; 50mg; 300mg,2900.00,true,false,PMBJP,30's Bottle,3,abacavir|dolutegravir|lamivudine,ok,true
PMBJP-2250,Abacavir 600mg and Lamivudine 300mg Tablets,tablet,600mg; 300mg,925.00,true,false,PMBJP,30's Bottle,2,abacavir|lamivudine,ok,true
PMBJP-2251,Recombinant Human Tissue type Plasminogen Activator Injection 20mg (Alteplase),injection,20mg,0.00,false,false,PMBJP,Vial with WFI and Transfer canula in Mono Carton,1,recombinant human tissue plasminogen activator,residue,false
PMBJP-2252,Recombinant Human Tissue type Plasminogen Activator Injection 50mg (Alteplase),injection,50mg,0.00,false,false,PMBJP,Vial with WFI and Transfer canula in Mono Carton,1,recombinant human tissue plasminogen activator,residue,false
PMBJP-2253,Bisacodyl Suppositories IP 5mg,suppository,5mg,0.00,false,false,PMBJP,5's,1,bisacodyl,ok,false
PMBJP-2254,Caffeine Citrate Injection 20mg/ml,injection,20mg,100.00,false,false,PMBJP,2ml vial,1,caffeine,ok,true
PMBJP-2255,Colchicine Tablets 0.5mg,tablet,0.5mg,10.00,false,false,PMBJP,10's,1,colchicine,ok,true
PMBJP-2256,Midazolam Injection 10mg,injection,10mg,30.00,false,false,PMBJP,10ml vial,1,midazolam,ok,true
PMBJP-2257,Rituximab 100mg/10ml Injection,injection,100mg; 10ml,4000.00,false,false,PMBJP,10ml vial,1,rituximab,ok,true
PMBJP-2258,Rituximab 500mg/50ml Injection,injection,500mg; 50ml,11700.00,false,false,PMBJP,50ml vial,1,rituximab,ok,true
PMBJP-2259,Salicylic Acid 1% w/v Foaming Facewash,,1% w/v,50.00,false,true,PMBJP,60ml Lami Tube,1,salicylic acid,non_drug,true
PMBJP-2260,Salicylic Acid 3% powder,powder,3%,0.00,false,false,PMBJP,150gm bottle,1,salicylic acid,ok,false
PMBJP-2261,Salicylic Acid 2% w/v Foaming Facewash,,2% w/v,70.00,false,true,PMBJP,60ml Lami Tube,1,salicylic acid,non_drug,true
PMBJP-2262,Somatotropin 4 IU (Recombinant Human Growth Hormone) Powder for Injection,powder for injection,4 IU,0.00,false,false,PMBJP,Vial with WFI in Mono Carton,1,somatotropin,ok,false
PMBJP-2263,Thiamine Hydrochloride Injection IP 100mg/ml,injection,100mg,15.00,false,false,PMBJP,2ml vial,1,thiamine,ok,true
PMBJP-2264,"Mecobalamin 1500mcg, Folic Acid 0.7mg and Niacinamide 100mg Injection (Painless)",injection,1500mcg; 0.7mg; 100mg,20.00,true,false,PMBJP,2ml vial,3,mecobalamin|folic acid|niacinamide,ok,true
PMBJP-2265,Multivitamin Syrup Chocolate Flavour,syrup,,0.00,false,false,PMBJP,200ml Bottle,1,multivitamin chocolate,residue,false
PMBJP-2266,Nicotine 2mg Oral Disintegrating Strips,,2mg,74.00,false,false,PMBJP,12's in Mono Carton,1,nicotine,ok,true
PMBJP-2267,Nicotine Oral Disintegrating Strips 4mg,,4mg,0.00,false,false,PMBJP,12's in Mono Carton,1,nicotine,ok,false
PMBJP-2268,Ondansetron 4mg Oral Disintegrating Strips,,4mg,55.00,false,false,PMBJP,12's in Mono Carton,1,ondansetron,ok,true
PMBJP-2269,Ondansetron 8mg Oral Disintegrating Strips,,8mg,110.00,false,false,PMBJP,12's in Mono Carton,1,ondansetron,ok,true
PMBJP-2270,Sildenafil 50mg Oral Disintegrating Strips,,50mg,50.00,false,false,PMBJP,5's in Mono Carton,1,sildenafil,ok,true
PMBJP-2271,Vitamin D3 60000 IU Oral Disintegrating Strips,,60000 IU,90.00,false,false,PMBJP,10's in Mono Carton,1,vitamin d,ok,true
PMBJP-2272,Dapagliflozin 5mg and Sitagliptin 50mg Tablets,tablet,5mg; 50mg,40.00,true,false,PMBJP,10's,2,dapagliflozin|sitagliptin,ok,true
PMBJP-2273,Dapagliflozin 10mg and Sitagliptin 100mg Tablets,tablet,10mg; 100mg,70.00,true,false,PMBJP,10's,2,dapagliflozin|sitagliptin,ok,true
PMBJP-2274,Pregabalin 75mg and Duloxetin (Delayed Release) 30mg Capsules,capsule,75mg; 30mg,50.00,true,false,PMBJP,10's,2,pregabalin|duloxetin,ok,true
PMBJP-2275,Pregabalin 75mg and Duloxetin (Delayed Release) 20mg Capsules,capsule,75mg; 20mg,45.00,true,false,PMBJP,10's,2,pregabalin|duloxetin,ok,true
PMBJP-2276,Pregabalin 50mg and Duloxetin (Delayed Release) 20mg Capsules,capsule,50mg; 20mg,35.00,true,false,PMBJP,10's,2,pregabalin|duloxetin,ok,true
PMBJP-2277,Bempedoic Acid Tablets 180mg,tablet,180mg,120.00,false,false,PMBJP,10's,1,bempedoic acid,ok,true
PMBJP-2278,"Vitamin C Effervescent Tablets (Vitamin C 1000mg, Vitamin D3 400 IU, Zinc 10mg)",dispersible tablet,1000mg; 400 IU; 10mg,0.00,false,false,PMBJP,10's,1,ascorbic acid,ok,false
PMBJP-2279,Nandrolone Decanoate Injection IP 50mg/ml,injection,50mg,30.00,false,false,PMBJP,1ml Ampoule in Mono Carton,1,nandrolone decanoate,ok,true
PMBJP-2280,Dextromethorphan Hydrobromide Lozenges 5mg,lozenge,5mg,0.00,false,false,PMBJP,10's,1,dextromethorphan,ok,false
PMBJP-2281,"Vitamin A 600mcg, Vitamin C 500mg, Vitamin D3 1000 IU and Zinc 50mg Chewable Tablets",dispersible tablet,600mcg; 500mg; 1000 IU; 50mg,0.00,true,false,PMBJP,10's,4,vitamin a|ascorbic acid|vitamin d|zinc,ok,false
PMBJP-2282,"Para Aminobenzoic Acid100mg, Calcium Pant 100mg, Niacinamide12mg, L-Arginine50mg L-Cysteine50mg, DL-Methionine40mg, L-Lysine20mg, Zinc25mg, Inositol 10mg, Biotin10mg, Ferrous10mg, Copper2mg Tablets",tablet,100mg; 12mg; 50mg; 40mg; 20mg; 25mg; 10mg; 2mg,0.00,true,false,PMBJP,10's,11,para aminobenzoic acid|calcium pant|niacinamide|l-arginine l-cysteine|dl-methionine|l-lysine|zinc|inositol|biotin|ferrous|copper,ok,false
PMBJP-2283,Abiraterone Acetate Tablets 250mg,tablet,250mg,0.00,false,false,PMBJP,120's bottle,1,abiraterone,ok,false
PMBJP-2284,Acamprosate Calcium Tablets 333mg,tablet,333mg,50.00,false,false,PMBJP,6's,1,acamprosate,ok,true
PMBJP-2285,"Myo-Inositol 1000mg, L-Methyl Folate 100mcg, Vitamin D3 1000 IU, Acetylcysteine 600mg, L-Arginine 100mg Tablets",tablet,1000mg; 100mcg; 1000 IU; 600mg; 100mg,0.00,true,false,PMBJP,10's,5,myo-inositol|l-methyl folate|vitamin d|acetylcysteine|l-arginine,ok,false
PMBJP-2286,Adapalene 0.1% w/w and Benzoyl Peroxide 2.5% w/w Gel,gel,0.1% w/w; 2.5% w/w,25.00,true,false,PMBJP,15gm Lami Tube,2,adapalene|benzoyl peroxide,ok,true
PMBJP-2287,Alogliptin 25mg Tablets,tablet,25mg,0.00,false,false,PMBJP,10's,1,alogliptin,ok,false
PMBJP-2288,Armodafinil 50mg Tablets,tablet,50mg,0.00,false,false,PMBJP,10's,1,armodafinil,ok,false
PMBJP-2289,Armodafinil 150mg Tablets,tablet,150mg,130.00,false,false,PMBJP,10's,1,armodafinil,ok,true
PMBJP-2290,Baclofen 20mg Extended Release (Gastric Retentive System) Tablets,tablet,20mg,30.00,false,false,PMBJP,10's,1,baclofen,ok,true
PMBJP-2291,Benazepril 5mg Tablets,tablet,5mg,45.00,false,false,PMBJP,10's,1,benazepril,ok,true
PMBJP-2292,Benidipine 8mg Tablets,tablet,8mg,25.00,false,false,PMBJP,10's,1,benidipine,ok,true
PMBJP-2293,Bosentan 62.5mg Tablets,tablet,62.5mg,375.00,false,false,PMBJP,10's,1,bosentan,ok,true
PMBJP-2294,Brinzolamide 10mg and Brimonidine 2mg Ophthalmic Suspension 5ml,oral suspension,10mg; 2mg; 5ml,0.00,true,false,PMBJP,5ml in Mono Carton,2,brinzolamide|brimonidine,ok,false
PMBJP-2295,Brivaracetam Tablets IP 50mg,tablet,50mg,85.00,false,false,PMBJP,10's,1,brivaracetam,ok,true
PMBJP-2296,"Calcitriol 0.25mcg, Calcium Carbonate 500mg, Vitamin K27 45mcg, Methylcobalamin 1500mcg, Zinc 7.5mg, Magnesium 50mg and L- Methylfolate 800mcg Capsules",capsule,0.25mcg; 500mg; 45mcg; 1500mcg; 7.5mg; 50mg; 800mcg,50.00,true,false,PMBJP,10's,7,calcitriol|calcium|vitamin k|mecobalamin|zinc|magnesium|l-methylfolate,ok,true
PMBJP-2297,"Calcium (Calcium Carbonate) 1250mg, Vitamin D3 2000 IU, Mecobalamin (Vitamin B12) 1500mcg, L-Methylfolate Calcium (Vitamin B9) 1mg, Pyridoxal-5-Phosphate (Vitamin B6) 20mg Tablets",tablet,1250mg; 2000 IU; 1500mcg; 1mg; 20mg,40.00,true,false,PMBJP,10's,5,calcium|vitamin d|mecobalamin|l-methylfolate|pyridoxal- -phosphate,ok,true
PMBJP-2298,"Calcium Citrate 1000mg, Magnesium 100mg, Zinc 4mg and Vitamin D3 200 IU Tablets",tablet,1000mg; 100mg; 4mg; 200 IU,15.00,true,false,PMBJP,10's,4,calcium|magnesium|zinc|vitamin d,ok,true
PMBJP-2299,Nadifloxacin 1% w/w and Clobetasol Propionate 0.05% 10 gm skin cream,cream,1% w/w; 0.05%; 10 gm,35.00,true,false,PMBJP,10gm Lami Tube,2,nadifloxacin|clobetasol,ok,true
PMBJP-2301,Dapoxetine Tablets IP 30mg,tablet,30mg,15.00,false,false,PMBJP,4's,1,dapoxetine,ok,true
PMBJP-2302,Dasatinib 50mg Tablets,tablet,50mg,1100.00,false,false,PMBJP,60's Bottle,1,dasatinib,ok,true
PMBJP-2303,Deflazacort 30mg and Tamsulosin 0.4mg Tablets,tablet,30mg; 0.4mg,200.00,true,false,PMBJP,10's,2,deflazacort|tamsulosin,ok,true
PMBJP-2304,Desvenlafaxine Extended Release 50mg and Clonazepam 0.5mg Tablets,tablet,50mg; 0.5mg,33.00,true,false,PMBJP,10's,2,desvenlafaxine|clonazepam,ok,true
PMBJP-2305,Desvenlafaxine Extended Release 100mg and Clonazepam 0.5mg Tablets,tablet,100mg; 0.5mg,60.00,true,false,PMBJP,10's,2,desvenlafaxine|clonazepam,ok,true
PMBJP-2306,Desvenlafaxine Extended Release Tablets 50mg,extended release tablet,50mg,25.00,false,false,PMBJP,10's,1,desvenlafaxine,ok,true
PMBJP-2307,Desvenlafaxine Extended Release Tablets 100mg,extended release tablet,100mg,45.00,false,false,PMBJP,10's,1,desvenlafaxine,ok,true
PMBJP-2308,Dexlansoprazole MR Capsules 60mg,capsule,60mg,100.00,false,false,PMBJP,10's,1,dexlansoprazole mr,ok,true
PMBJP-2309,"Paradichlorobenzene (2% w/v), Chlorbutol (5% w/v), Turpentine Oil (15% w/v) and Lidocaine (2% w/v) Ear drop",ear drops,2% w/v; 5% w/v; 15% w/v,30.00,true,false,PMBJP,10ml Drop bottle in Mono Carton,4,paradichlorobenzene|chlorbutol|turpentine oil|lidocaine,ok,true
PMBJP-2310,Donepezil 5mg and Memantine 5mg Tablets,tablet,5mg,20.00,true,false,PMBJP,10's,2,donepezil|memantine,ok,true
PMBJP-2311,Donepezil 5mg and Memantine 10mg Tablets,tablet,5mg; 10mg,25.00,true,false,PMBJP,10's,2,donepezil|memantine,ok,true
PMBJP-2313,Etizolam 0.5mg and Propranolol Hydrochloride 40mg Tablets,tablet,0.5mg; 40mg,30.00,true,false,PMBJP,10's,2,etizolam|propranolol,ok,true
PMBJP-2314,Flurbiprofen 0.03% w/v Eye Drop 5ml,eye drops,0.03% w/v; 5ml,15.00,false,false,PMBJP,5ml Drop bottle in Mono Carton,1,flurbiprofen,ok,true
PMBJP-2316,Flupentixole 0.5mg and Nortriptyline 10mg Tablets,tablet,0.5mg; 10mg,15.00,true,false,PMBJP,10's,2,flupentixole|nortriptyline,ok,true
PMBJP-2317,Fluromethalone 0.1% w/v Eye Drop 5ml,eye drops,0.1% w/v; 5ml,30.00,false,false,PMBJP,5ml Drop bottle in Mono Carton,1,fluromethalone,ok,true
PMBJP-2318,"Tannic Acid Glycerin 27% w/v, Potassium Iodide 0.05% w/v, Iodine 0.03% w/v, Menthol 0.05% w/v and Thymol 0.033% w/v with Glycerine Mouth Paint",,27% w/v; 0.05% w/v; 0.03% w/v; 0.033% w/v,0.00,true,false,PMBJP,20ml Bottle in Mono Carton,5,tannic acid glycerin|potassium|iodine|menthol|thymol glycerine,ok,false
PMBJP-2319,Ketorolac (0.5% W/V) and Moxifloxacin (0.5% W/V) Eye Drops,eye drops,0.5% W/V,20.00,true,false,PMBJP,5ml Drop bottle in Mono Carton,2,ketorolac|moxifloxacin,ok,true
PMBJP-2320,Lactic Acid 1.2% W/V Intimate Hygiene Wash,,1.2% W/V,50.00,false,true,PMBJP,90ml in Mono Carton,1,lactic acid intimate hygiene wash,non_drug,true
PMBJP-2321,Lapatinib Tablets IP 250mg,tablet,250mg,2710.00,false,false,PMBJP,30's Bottle,1,lapatinib,ok,true
PMBJP-2322,"Lidocaine (3% W/W), Calcium Dobesilate (0.25% W/W), Hydrocortisone (0.25% W/W), Phenylephrine (0.1% W/W), Zinc Oxide (5% W/W), Troxerutin (2% W/W) Cream",cream,3% W/W; 0.25% W/W; 0.1% W/W; 5% W/W; 2% W/W,0.00,true,false,PMBJP,30gm Lami Tube,6,lidocaine|calcium dobesilate|hydrocortisone|phenylephrine|zinc oxide|troxerutin,ok,false
PMBJP-2323,Lithium Carbonate Tablets IP 300mg,tablet,300mg,0.00,false,false,PMBJP,10's,1,lithium,ok,false
PMBJP-2324,"L-Methylfoate Calcium 0.5mg, Vit K2 10mcg, Vit D 400 IU, Methylcobalamin 1500mcg, Pyridoxal-5-Phosphate 1.5mg, Lycopene 5000mcg, Calcium Citrate Malate 250mg Tablets",tablet,0.5mg; 10mcg; 400 IU; 1500mcg; 1.5mg; 5000mcg; 250mg,0.00,true,false,PMBJP,10's,7,l-methylfoate|vit k|vit d|mecobalamin|pyridoxal- -phosphate|lycopene|calcium,ok,false
PMBJP-2325,Lorazepam Tablets IP 3mg,tablet,3mg,18.00,false,false,PMBJP,10's,1,lorazepam,ok,true
PMBJP-2326,"Lutein 10mg, Astaxanthin 2mg, Zeaxanthin 2mg, Omega 3 Fatty Acid 500mg Capsules",capsule,10mg; 2mg; 500mg,40.00,true,false,PMBJP,10's,4,lutein|astaxanthin|zeaxanthin|omega fatty acid,ok,true
PMBJP-2327,"Omega 3 Fatty Acid 500mg, EPA 150mg, DHA 100mg, Bilberry Extract 50mg, Lutein 20% & Zeaxanthin 4%- 25mg, Beta carotene 4.8mg, Vitamin D3 10mcg Capsules",capsule,20%; 4%; 500mg; 150mg; 100mg; 50mg; 25mg; 4.8mg; 10mcg,150.00,true,false,PMBJP,30's Bottle,8,omega fatty acid|epa|dha|bilberry extract|lutein|zeaxanthin|beta carotene|vitamin d,residue,true
PMBJP-2328,"Methylcobalamin 1500mcg, Vitamin B6 (Pyridoxine) 5mg Benfotiamine 50mg, Alpha Lipoic Acid 200mg, Folic Acid 5mg and Biotin 5mg Capsules",capsule,1500mcg; 5mg; 50mg; 200mg,80.00,true,false,PMBJP,10's,5,mecobalamin|vitamin b benfotiamine|alpha lipoic acid|folic acid|biotin,ok,true
PMBJP-2329,Midazolam 0.5mg Nasal Spray,nasal spray,0.5mg,0.00,false,false,PMBJP,5ml bottle with nasal atomizer in Mono Carton,1,midazolam,ok,false
PMBJP-2330,Modafinil 100mg Tablets,tablet,100mg,50.00,false,false,PMBJP,10's,1,modafinil,ok,true
PMBJP-2331,Nadifloxacin 1% w/w cream,cream,1% w/w,30.00,false,false,PMBJP,10gm Lami Tube,1,nadifloxacin,ok,true
PMBJP-2332,Nicoumalone (Acenocoumarol) 2mg Tablets,tablet,2mg,15.00,false,false,PMBJP,10's,1,nicoumalone,ok,true
PMBJP-2333,Nintedanib Soft gelatin Capsules 150mg,soft gelatin capsule,150mg,4265.00,false,false,PMBJP,10's,1,nintedanib,ok,true
PMBJP-2334,Nitazoxanide 500mg Tablets,tablet,500mg,55.00,false,false,PMBJP,10's,1,nitazoxanide,ok,true
PMBJP-2335,Obeticholic Acid 10mg Tablets,tablet,10mg,100.00,false,false,PMBJP,10's,1,obeticholic acid,ok,true
PMBJP-2336,Obeticholic Acid 5mg Tablets,tablet,5mg,60.00,false,false,PMBJP,10's,1,obeticholic acid,ok,true
PMBJP-2337,Olopatadine Hydrochloride 0.4% w/v and Ketorolac 0.1 % w/v Ophthalmic Solution,solution,0.4% w/v; 0.1 % w/v,0.00,true,false,PMBJP,5ml Drop bottle in Mono Carton,2,olopatadine|ketorolac,ok,false
PMBJP-2338,Oxybutynin Chloride 2.5mg Tablets,tablet,2.5mg,50.00,false,false,PMBJP,10's,1,oxybutynin,ok,true
PMBJP-2339,Polyethylene Glycol 400- 0.4% w/v and Propylene Glycol 0.3% w/v Ophthalmic solution,solution,0.4% w/v; 0.3% w/v,0.00,true,false,PMBJP,10ml Drop bottle in Mono Carton,2,polyethylene glycol|propylene glycol,ok,false
PMBJP-2340,Pomalidomide 2mg Capsules,capsule,2mg,750.00,false,false,PMBJP,21's in bottle,1,pomalidomide,ok,true
PMBJP-2341,Pramipexole 0.75mg Tablets,tablet,0.75mg,16.00,false,false,PMBJP,10's,1,pramipexole,ok,true
PMBJP-2342,Pramipexole 1.5mg Tablets,tablet,1.5mg,26.00,false,false,PMBJP,10's,1,pramipexole,ok,true
PMBJP-2343,Procyclidine 2.5mg Tablets,tablet,2.5mg,0.00,false,false,PMBJP,10's,1,procyclidine,ok,false
PMBJP-2344,Procyclidine 5mg Tablets,tablet,5mg,35.00,false,false,PMBJP,10's,1,procyclidine,ok,true
PMBJP-2345,"Pyridoxine-3mg, Niacinamide-50mg, Folic Acid-1.5mg, Lactic Acid Bacillus 4 million spores Capsules",capsule,3mg; 50mg; 1.5mg,0.00,true,false,PMBJP,10's,4,pyridoxine|niacinamide|folic acid|lactic acid bacillus,ok,false
PMBJP-2347,S-Adenosyl L-Methionine 200mg Tablets,tablet,200mg,120.00,false,false,PMBJP,10's,1,s-adenosyl l-methionine,ok,true
PMBJP-2348,S-Adenosyl L- Methionine 400mg Tablets,tablet,400mg,250.00,false,false,PMBJP,10's,1,s-adenosyl l-methionine,ok,true
PMBJP-2349,Sevelamer 800mg Tablets,tablet,800mg,80.00,false,false,PMBJP,10's,1,sevelamer,ok,true
PMBJP-2350,Tapentadol 100mg Extended Release Tablets,extended release tablet,100mg,65.00,false,false,PMBJP,10's,1,tapentadol,ok,true
PMBJP-2351,Tapentadol 50mg Tablets,tablet,50mg,32.00,false,false,PMBJP,10's,1,tapentadol,ok,true
PMBJP-2352,Teneligliptin 20mg and Pioglitazone 15mg Tablets,tablet,20mg; 15mg,22.00,true,false,PMBJP,10's,2,teneligliptin|pioglitazone,ok,true
PMBJP-2353,Topiramate 100mg Tablets,tablet,100mg,30.00,false,false,PMBJP,10's,1,topiramate,ok,true
PMBJP-2354,Topiramate 50mg Tablets,tablet,50mg,20.00,false,false,PMBJP,10's,1,topiramate,ok,true
PMBJP-2355,Trazodone Hydrochloride 50mg Tablets,tablet,50mg,0.00,false,false,PMBJP,10's,1,trazodone,ok,false
PMBJP-2356,Valacyclovir Tablets 500mg,tablet,500mg,50.00,false,false,PMBJP,3's in Mono Carton,1,valacyclovir,ok,true
PMBJP-2357,Venlafaxine Prolonged Release Capsules 37.5mg,extended release capsule,37.5mg,20.00,false,false,PMBJP,10's,1,venlafaxine,ok,true
PMBJP-2358,Venlafaxine Prolonged Release Capsules 75mg,extended release capsule,75mg,30.00,false,false,PMBJP,10's,1,venlafaxine,ok,true
PMBJP-2359,Venlafaxine Prolonged Release Capsules 150mg,extended release capsule,150mg,0.00,false,false,PMBJP,10's,1,venlafaxine,ok,false
PMBJP-2360,Vildaglipitin 100mg Extended Release Tablets,extended release tablet,100mg,45.00,false,false,PMBJP,10's,1,vildaglipitin,ok,true
PMBJP-2361,Zonisamide 50mg Capsules,capsule,50mg,5869.00,false,false,PMBJP,10's,1,zonisamide,ok,true
PMBJP-2362,Zonisamide 100mg Capsules,capsule,100mg,110.00,false,false,PMBJP,10's,1,zonisamide,ok,true
PMBJP-2363,Sitagliptin 100mg and Metformin 1000mg Extended Release Tablets,extended release tablet,100mg; 1000mg,90.00,true,false,PMBJP,10's,2,sitagliptin|metformin,ok,true
PMBJP-2364,Sitagliptin 50mg and Metformin 500mg Extended Release Tablets,extended release tablet,50mg; 500mg,55.00,true,false,PMBJP,10's,2,sitagliptin|metformin,ok,true
PMBJP-2365,Ketoconazole Shampoo 2 % w/v (30ml Pouch),shampoo,2 % w/v; 30ml,20.00,false,false,PMBJP,30ml Pouch,1,ketoconazole,ok,true
PMBJP-2366,Melatonin 5mg Tablets,tablet,5mg,0.00,false,false,PMBJP,15's,1,melatonin,ok,false
PMBJP-2367,Methimazole 10mg Tablets,tablet,10mg,0.00,false,false,PMBJP,10's,1,methimazole,ok,false
PMBJP-2368,Cilnidipine 10mg and Olmesartan Medoxomil 20mg Tablets,tablet,10mg; 20mg,25.00,true,false,PMBJP,10's,2,cilnidipine|olmesartan,ok,true
PMBJP-2369,Cilnidipine 10mg and Olmesartan Medoxomil 40mg Tablets,tablet,10mg; 40mg,30.00,true,false,PMBJP,10's,2,cilnidipine|olmesartan,ok,true
PMBJP-2370,Nebivolol 5mg and Cilnidipine 10mg Tablets,tablet,5mg; 10mg,35.00,true,false,PMBJP,10's,2,nebivolol|cilnidipine,ok,true
PMBJP-2371,Nebivolol 2.5mg and Cilnidipine 10mg Tablets,tablet,2.5mg; 10mg,25.00,true,false,PMBJP,10's,2,nebivolol|cilnidipine,ok,true
PMBJP-2372,Oxcarbazepine Tablets IP 300mg,tablet,300mg,85.00,false,false,PMBJP,15's,1,oxcarbazepine,ok,true
PMBJP-2374,Shilajit Capsule 500 mg,capsule,500 mg,160.00,false,false,PMBJP,60's in Bottle,1,shilajit,ok,true
PMBJP-2375,Triphala Tablets 500 mg,tablet,500 mg,30.00,false,true,PMBJP,60's in Bottle,1,triphala,non_drug,true
PMBJP-2376,Ashwagandha Tablets 250 mg,tablet,250 mg,50.00,false,true,PMBJP,60's in Bottle,1,ashwagandha,non_drug,true
PMBJP-2377,Madhu (Makshik) 100g,,100g,0.00,false,false,PMBJP,100g Glass Bottle,1,madhu,ok,false
PMBJP-2378,Madhu (Makshik) 250g,,250g,0.00,false,false,PMBJP,250g Glass Bottle,1,madhu,ok,false
PMBJP-2379,Madhu (Makshik) 500g,,500g,0.00,false,false,PMBJP,500g Glass Bottle,1,madhu,ok,false
PMBJP-2380,Chyawanprash Special 500g Jar,,500g,125.00,false,false,PMBJP,500g Jar,1,chyawanprash special,ok,true
PMBJP-2381,Chyawanprash Special 1Kg Jar,,1Kg,226.00,false,false,PMBJP,1kg Jar,1,chyawanprash special,ok,true
PMBJP-2382,Aceclofenac 200mg and Cyclobenzaprine 15mg Sustained Release Tablets,extended release tablet,200mg; 15mg,0.00,true,false,PMBJP,10's,2,aceclofenac|cyclobenzaprine,ok,false
PMBJP-2383,Aceclofenac 100mg and Tizanidine 2mg Tablets,tablet,100mg; 2mg,0.00,true,false,PMBJP,10's,2,aceclofenac|tizanidine,ok,false
PMBJP-2384,Amorolfine Nail Lacquer 5.0% w/w,,5.0% w/w,0.00,false,false,PMBJP,2.5ml in Bottle,1,amorolfine,ok,false
PMBJP-2385,Apixaban Tablets 2.5mg,tablet,2.5mg,20.00,false,false,PMBJP,10's,1,apixaban,ok,true
PMBJP-2386,Apixaban Tablets 5mg,tablet,5mg,35.00,false,false,PMBJP,10's,1,apixaban,ok,true
PMBJP-2387,Atorvastatin (10mg) + Aspirin (75mg) + Ramipril (5mg) Capsule,capsule,10mg; 75mg; 5mg,0.00,true,false,PMBJP,10's,3,atorvastatin|acetylsalicylic acid|ramipril,ok,false
PMBJP-2388,Atorvastatin (10mg) + Fenofibrate (160mg) + Ezetimibe (10mg) Tablets,tablet,10mg; 160mg,0.00,true,false,PMBJP,10's,3,atorvastatin|fenofibrate|ezetimibe,ok,false
PMBJP-2389,Atorvastatin 10mg + Ezetimibe 10mg Tablets,tablet,10mg,25.00,true,false,PMBJP,10's,2,atorvastatin|ezetimibe,ok,true
PMBJP-2390,Atorvastatin 20mg + Ezetimibe 10mg Tablets,tablet,20mg; 10mg,30.00,true,false,PMBJP,10's,2,atorvastatin|ezetimibe,ok,true
PMBJP-2391,Azelaic acid 10% w/w and Benzoic acid 0.2% w/w (as preservative) Cream,cream,10% w/w; 0.2% w/w,40.00,true,false,PMBJP,15gm Lami-Tube in Monopack,2,azelaic acid|benzoic acid,ok,true
PMBJP-2392,Azelnidipine Tablets IP 16mg,tablet,16mg,50.00,false,false,PMBJP,10's,1,azelnidipine,ok,true
PMBJP-2393,Azelnidipine 8mg + Telmisartan 40mg Tablets,tablet,8mg; 40mg,45.00,true,false,PMBJP,10's,2,azelnidipine|telmisartan,ok,true
PMBJP-2394,Azelnidipine Tablets IP 8mg,tablet,8mg,30.00,false,false,PMBJP,10's,1,azelnidipine,ok,true
PMBJP-2395,Baricitinib Tablets 4mg,tablet,4mg,0.00,false,false,PMBJP,7's,1,baricitinib,ok,false
PMBJP-2396,Benedipine (4mg) + Telmisartan (40mg) + Chlorthalidone (6.25mg) Tablets,tablet,4mg; 40mg; 6.25mg,45.00,true,false,PMBJP,10's,3,benedipine|telmisartan|chlorthalidone,ok,true
PMBJP-2397,Bethanechol Chloride 25mg Tablets,tablet,25mg,93.00,false,false,PMBJP,10's,1,bethanechol,ok,true
PMBJP-2398,Bortezomib 2mg powder for Injection,powder for injection,2mg,710.00,false,false,PMBJP,Vial with WFI,1,bortezomib,ok,true
PMBJP-2399,Bortezomib 2.5mg powder for Injection,powder for injection,2.5mg,0.00,false,false,PMBJP,Vial with WFI,1,bortezomib,ok,false
PMBJP-2400,Caffeine (30mg) + Diphenhydramine (25mg) + Paracetamol (500mg) + Phenylephrine (5mg) Tablets,tablet,30mg; 25mg; 500mg; 5mg,10.00,true,false,PMBJP,10's,4,caffeine|diphenhydramine|acetaminophen|phenylephrine,ok,true
PMBJP-2401,Carbimazole Tablets IP 20mg,tablet,20mg,0.00,false,false,PMBJP,100's in Amber Coloured Glass Bottle,1,carbimazole,ok,false
PMBJP-2402,Cefadroxil Oral Suspension IP 125mg per 5ml (dry syrup),oral suspension,125mg; 5ml,0.00,false,false,PMBJP,30ml,1,cefadroxil,ok,false
PMBJP-2403,Ceftazidime 2gm and Avibactam 0.5gm for Concentrate for Solution for Infusion,injection,2gm; 0.5gm,1250.00,true,false,PMBJP,Vial with WFI,2,ceftazidime|avibactam concentrate,ok,true
PMBJP-2404,Ciclopirox Olamine Cream 1% w/v,cream,1% w/v,100.00,false,false,PMBJP,50 gm Lami Tube in Mono Carton,1,ciclopirox olamine,ok,true
PMBJP-2405,Ciclopirox Olamine Nail Lacquer 8% w/v,,8% w/v,0.00,false,false,PMBJP,2.5ml with applicator,1,ciclopirox olamine,ok,false
PMBJP-2406,Clopidogrel 150mg Tablets,tablet,150mg,36.00,false,false,PMBJP,10's,1,clopidogrel,ok,true
PMBJP-2407,Conjugated Estrogens 0.625mg Tablets,tablet,0.625mg,0.00,false,false,PMBJP,28's,1,conjugated estrogens,ok,false
PMBJP-2408,Crizotinib Capsules 250mg,capsule,250mg,0.00,false,false,PMBJP,10's Bottle,1,crizotinib,ok,false
PMBJP-2409,Dapagliflozin 10mg+ Vildagliptin (Sustained release)100mg Tablets,tablet,10mg; 100mg,60.00,true,false,PMBJP,10's,2,dapagliflozin|vildagliptin,ok,true
PMBJP-2410,Dapagliflozin 5mg+ Vildagliptin (Sustained release)100mg Tablets,tablet,5mg; 100mg,50.00,true,false,PMBJP,10's,2,dapagliflozin|vildagliptin,ok,true
PMBJP-2411,Dasatinib Tablets 20mg,tablet,20mg,1285.00,false,false,PMBJP,60's Bottle in Monopack,1,dasatinib,ok,true
PMBJP-2412,Dasatinib Tablets 50mg,tablet,50mg,2365.00,false,false,PMBJP,60's Bottle in Monopack,1,dasatinib,ok,true
PMBJP-2413,Dasatinib Tablets 70mg,tablet,70mg,2999.00,false,false,PMBJP,60's Bottle in Monopack,1,dasatinib,ok,true
PMBJP-2414,"Diclofenac Diethylamine 1.16% w/w, Sesame Oil 2.50% w/w, Linseed Oil 0.50% w/w, Methylsalicylate 10% w/w and Menthol 5% w/w Gel",gel,1.16% w/w; 2.50% w/w; 0.50% w/w; 10% w/w; 5% w/w,75.00,true,false,PMBJP,30gm Lami-Tube in Monopack,5,diclofenac diethylamine|sesame oil|linseed oil|methylsalicylate|menthol,ok,true
PMBJP-2415,Dolutegravir Tablets 50mg,tablet,50mg,200.00,false,false,PMBJP,30's Bottle,1,dolutegravir,ok,true
PMBJP-2416,Eltrombopag Tablets 25mg,tablet,25mg,290.00,false,false,PMBJP,7's,1,eltrombopag,ok,true
PMBJP-2417,Eltrombopag Tablets 50mg,tablet,50mg,450.00,false,false,PMBJP,7's,1,eltrombopag,ok,true
PMBJP-2418,Ezetimibe Tablets IP 10mg,tablet,10mg,20.00,false,false,PMBJP,10's,1,ezetimibe,ok,true
PMBJP-2419,Ezetimibe Tablets IP 5mg,tablet,5mg,0.00,false,false,PMBJP,10's,1,ezetimibe,ok,false
PMBJP-2420,Faropenem (200mg) + Clavulanic Acid (125mg) Tablets,tablet,200mg; 125mg,360.00,true,false,PMBJP,6's,2,faropenem|clavulanate,ok,true
PMBJP-2421,Fusidic Acid 2%w/w and Hydrocortisone Acetate Cream 1% w/w,cream,2%w/w; 1% w/w,85.00,true,false,PMBJP,15gm Lami-Tube in Monopack,2,fusidic acid|hydrocortisone,ok,true
PMBJP-2422,"Glycolic Acid 2% w/v, Salicylic acid 1% w/v, Niacinamide 0.5%w/v, Licorice Extract 1% w/v, Vitamin E 0.2% w/v and Aloe Vera 1% w/v Face Wash",,2% w/v; 1% w/v; 0.5%w/v; 0.2% w/v,0.00,true,true,PMBJP,100ml Flip-top Bottle,6,glycolic acid|salicylic acid|niacinamide|licorice extract|vitamin e|aloe vera,non_drug,false
PMBJP-2423,Hydrocortisone Acetate Cream IP 1% w/w,cream,1% w/w,30.00,false,false,PMBJP,15 g,1,hydrocortisone,ok,true
PMBJP-2424,Itraconazole (1% w/w) Gel,gel,1% w/w,30.00,false,false,PMBJP,15 g,1,itraconazole,ok,true
PMBJP-2425,Ivermectin Cream 1% w/w,cream,1% w/w,30.00,false,false,PMBJP,15 g,1,ivermectin,ok,true
PMBJP-2426,Leflunomide 10mg Tablets,tablet,10mg,35.00,false,false,PMBJP,10's,1,leflunomide,ok,true
PMBJP-2427,Lenalidomide Capsules 25mg,capsule,25mg,1480.00,false,false,PMBJP,30's in PET bottle in Mono Carton,1,lenalidomide,ok,true
PMBJP-2428,Lenalidomide Capsules 5mg,capsule,5mg,380.00,false,false,PMBJP,30's in PET bottle in Mono Carton,1,lenalidomide,ok,true
PMBJP-2429,Levodopa 200mg and Carbidopa 50mg Prolonged Release Tablets IP,extended release tablet,200mg; 50mg,0.00,true,false,PMBJP,10's,2,levodopa|carbidopa,ok,false
PMBJP-2430,Levosalbutamol 50mcg and Beclomethasone 50mcg Inhaler,inhaler,50mcg,145.00,true,false,PMBJP,200 MDI,2,levosalbutamol|beclomethasone,ok,true
PMBJP-2431,Lincomycin 250mg Capsules,capsule,250mg,29.00,false,false,PMBJP,10's,1,lincomycin,ok,true
PMBJP-2432,Lincomycin 500mg Capsules,capsule,500mg,46.00,false,false,PMBJP,10's,1,lincomycin,ok,true
PMBJP-2433,Luliconazole Cream IP 1% w/w 30gm,cream,1% w/w; 30gm,50.00,false,false,PMBJP,30gm Lami-Tube in Monopack,1,luliconazole,ok,true
PMBJP-2434,Macitentan Tablets 10mg,tablet,10mg,0.00,false,false,PMBJP,10's,1,macitentan,ok,false
PMBJP-2435,Mebendazole Oral Suspension 100mg per ml,oral suspension,100mg,0.00,false,false,PMBJP,30ml,1,mebendazole,ok,false
PMBJP-2436,Mebeverine (135mg) + Chlordiazepoxide (5mg) Tablets,tablet,135mg; 5mg,30.00,true,false,PMBJP,10's,2,mebeverine|chlordiazepoxide,ok,true
PMBJP-2437,Methotrexate Tablets IP 15mg,tablet,15mg,35.00,false,false,PMBJP,10's,1,methotrexate,ok,true
PMBJP-2438,Methotrexate Tablets IP 20mg,tablet,20mg,45.00,false,false,PMBJP,10's,1,methotrexate,ok,true
PMBJP-2439,Metoclopramide Hydrochloride Syrup IP 5mg per 5ml,syrup,5mg; 5ml,0.00,false,false,PMBJP,60ml,1,metoclopramide,ok,false
PMBJP-2440,Metoprolol Extended Release Tablets IP 100mg,extended release tablet,100mg,25.00,false,false,PMBJP,10's,1,metoprolol,ok,true
PMBJP-2441,Metronidazole (1% w/w) + Povidone Iodine (5% w/w) Ointment,ointment,1% w/w; 5% w/w,20.00,true,false,PMBJP,20 g,2,metronidazole|povidone iodine,ok,true
PMBJP-2442,Midodrine Hydrochloride Tablets 10mg,tablet,10mg,160.00,false,false,PMBJP,10's,1,midodrine,ok,true
PMBJP-2443,Midodrine Hydrochloride Tablets 2.5mg,tablet,2.5mg,55.00,false,false,PMBJP,10's,1,midodrine,ok,true
PMBJP-2444,Midodrine Hydrochloride Tablets 5mg,tablet,5mg,100.00,false,false,PMBJP,10's,1,midodrine,ok,true
PMBJP-2445,Nebivolol 2.5mg + Amlodipine 2.5mg Tablets,tablet,2.5mg,0.00,true,false,PMBJP,10's,2,nebivolol|amlodipine,ok,false
PMBJP-2446,Nebivolol 5mg + Amlodipine 5mg Tablets,tablet,5mg,28.00,true,false,PMBJP,10's,2,nebivolol|amlodipine,ok,true
PMBJP-2447,Nintedanib Soft Gelatin Capsules 100mg,soft gelatin capsule,100mg,533.00,false,false,PMBJP,10's,1,nintedanib,ok,true
PMBJP-2448,Olmesartan Medoxomil Tablets IP 10mg,tablet,10mg,10.00,false,false,PMBJP,10's,1,olmesartan,ok,true
PMBJP-2449,"Oral Rehydration Salts IP (WHO Formula) Orange Flavour Sachet, 21g",powder,21g,10.00,false,true,PMBJP,1's Sachet,1,rehydration salts orange,non_drug,true
PMBJP-2450,Ozenoxacin Cream 1% w/w,cream,1% w/w,70.00,false,false,PMBJP,10gm Lami-Tube in Monopack,1,ozenoxacin,ok,true
PMBJP-2451,Ozenoxacin Lotion 2% w/w,lotion,2% w/w,150.00,false,false,PMBJP,10ml in Monopack,1,ozenoxacin,ok,true
PMBJP-2452,Pazopanib Tablets 200mg,tablet,200mg,2200.00,false,false,PMBJP,30's bottle in Monopack,1,pazopanib,ok,true
PMBJP-2453,Pazopanib Tablets 400mg,tablet,400mg,3100.00,false,false,PMBJP,30's bottle in Monopack,1,pazopanib,ok,true
PMBJP-2454,Penicillin G Tablets 400000 IU,tablet,400000 IU,0.00,false,false,PMBJP,10's,1,penicillin g,ok,false
PMBJP-2455,Penicillin G Tablets 800000 IU,tablet,800000 IU,0.00,false,false,PMBJP,10's,1,penicillin g,ok,false
PMBJP-2456,Pepsin (12.50g) + Alpha-amylase (18.75mg) Capsules,capsule,12.50g; 18.75mg,0.00,true,false,PMBJP,10's,2,pepsin|alpha-amylase,ok,false
PMBJP-2457,Propranolol Tablets IP 20mg,tablet,20mg,6.00,false,false,PMBJP,10's,1,propranolol,ok,true
PMBJP-2458,Quetiapine Tablets IP 50mg,tablet,50mg,18.00,false,false,PMBJP,10's,1,quetiapine,ok,true
PMBJP-2459,Ramipril 2.5mg and Hydrochlorothiazide12.5mg Tablets,tablet,2.5mg; 12.5mg,75.00,true,false,PMBJP,10's,2,ramipril|hydrochlorothiazide,ok,true
PMBJP-2460,Ramipril Tablets IP 1.25mg,tablet,1.25mg,0.00,false,false,PMBJP,10's,1,ramipril,ok,false
PMBJP-2461,Remogliflozin Etabonate 100mg and Teneligliptin 10mg Tablets,tablet,100mg; 10mg,0.00,true,false,PMBJP,10's,2,remogliflozin etabonate|teneligliptin,ok,false
PMBJP-2462,"Remogliflozin Etabonate 100mg, Vildagliptin 50mg and Metformin Hydrochloride 500mg Tablets",tablet,100mg; 50mg; 500mg,0.00,true,false,PMBJP,10's,3,remogliflozin etabonate|vildagliptin|metformin,ok,false
PMBJP-2463,Repaglinide 0.5mg and Voglibose 0.2mg Tablets IP,tablet,0.5mg; 0.2mg,20.00,true,false,PMBJP,10's,2,repaglinide|voglibose,ok,true
PMBJP-2464,Repaglinide 0.5mg and Voglibose 0.3mg Tablets IP,tablet,0.5mg; 0.3mg,25.00,true,false,PMBJP,10's,2,repaglinide|voglibose,ok,true
PMBJP-2465,Repaglinide 1mg and Voglibose 0.2mg Tablets IP,tablet,1mg; 0.2mg,30.00,true,false,PMBJP,10's,2,repaglinide|voglibose,ok,true
PMBJP-2466,Repaglinide 1mg and Voglibose 0.3mg Tablets IP,tablet,1mg; 0.3mg,35.00,true,false,PMBJP,10's,2,repaglinide|voglibose,ok,true
PMBJP-2467,Salmeterol 50mcg and Fluticasone 500mcg Rotacaps,inhaler,50mcg; 500mcg,150.00,true,false,PMBJP,30's in Monocarton,2,salmeterol|fluticasone,ok,true
PMBJP-2468,Sorafenib Tablets 200mg,tablet,200mg,3000.00,false,false,PMBJP,120's Bottle,1,sorafenib,ok,true
PMBJP-2469,Sunitinib Capsules 12.5mg,capsule,12.5mg,499.00,false,false,PMBJP,28's Bottle,1,sunitinib,ok,true
PMBJP-2470,Sunitinib Capsules 25mg,capsule,25mg,910.00,false,false,PMBJP,28's Bottle,1,sunitinib,ok,true
PMBJP-2471,Telmisartan 40mg + Cilnidipine 10mg + Metoprolol ER 25 Tablets,tablet,40mg; 10mg,32.00,true,false,PMBJP,10's,3,telmisartan|cilnidipine|metoprolol er,ok,true
PMBJP-2472,Telmisartan 40mg + Cilnidipine 10mg + Metoprolol ER 50 Tablets,tablet,40mg; 10mg,35.00,true,false,PMBJP,10's,3,telmisartan|cilnidipine|metoprolol er,ok,true
PMBJP-2473,Telmisartan 40mg + Metoprolol ER 25mg + Chlorthalidon 12.5mg Tablets,tablet,40mg; 25mg; 12.5mg,35.00,true,false,PMBJP,10's,3,telmisartan|metoprolol er|chlorthalidon,ok,true
PMBJP-2474,Temozolomide Capsules IP 20mg,capsule,20mg,335.00,false,false,PMBJP,5's in bottle,1,temozolomide,ok,true
PMBJP-2475,Teneligliptin 20mg and Dapagliflozin 10mg Tablets,tablet,20mg; 10mg,35.00,true,false,PMBJP,10's,2,teneligliptin|dapagliflozin,ok,true
PMBJP-2476,Teneligliptin 20mg and Dapagliflozin 5mg Tablets,tablet,20mg; 5mg,30.00,true,false,PMBJP,10's,2,teneligliptin|dapagliflozin,ok,true
PMBJP-2477,Thalidomide Capsules 100mg,capsule,100mg,160.00,false,false,PMBJP,10's,1,thalidomide,ok,true
PMBJP-2478,Thalidomide Capsules 200mg,capsule,200mg,250.00,false,false,PMBJP,10's,1,thalidomide,ok,true
PMBJP-2479,Thalidomide Capsules 50mg,capsule,50mg,90.00,false,false,PMBJP,10's,1,thalidomide,ok,true
PMBJP-2480,Thyroxine Sodium Tablets IP 150mcg,tablet,150mcg,100.00,false,false,PMBJP,120's in Bottle,1,levothyroxine,ok,true
PMBJP-2481,Ticagrelor Tablets IP 60mg,tablet,60mg,95.00,false,false,PMBJP,10's,1,ticagrelor,ok,true
PMBJP-2482,Topiroxostat Tablets 20mg,tablet,20mg,50.00,false,false,PMBJP,10's,1,topiroxostat,ok,true
PMBJP-2483,Topiroxostat Tablets 40mg,tablet,40mg,90.00,false,false,PMBJP,10's,1,topiroxostat,ok,true
PMBJP-2484,Topiroxostat Tablets 60mg,tablet,60mg,130.00,false,false,PMBJP,10's,1,topiroxostat,ok,true
PMBJP-2485,Torasemide 10mg + Spironolactone 25mg Tablets,tablet,10mg; 25mg,19.00,true,false,PMBJP,10's,2,torasemide|spironolactone,ok,true
PMBJP-2486,Travoprost 40mcg and Timolol 5mg Eye Drops,eye drops,40mcg; 5mg,0.00,true,false,PMBJP,2.5ml,2,travoprost|timolol,ok,false
PMBJP-2487,Vortioxetine Tablets 10mg,tablet,10mg,65.00,false,false,PMBJP,10's,1,vortioxetine,ok,true
PMBJP-2488,Vortioxetine Tablets 20mg,tablet,20mg,95.00,false,false,PMBJP,10's,1,vortioxetine,ok,true
PMBJP-2489,Vortioxetine Tablets 5mg,tablet,5mg,35.00,false,false,PMBJP,10's,1,vortioxetine,ok,true
PMBJP-2490,Amlodipine Tablets IP 2.5mg,tablet,2.5mg,4.00,false,false,PMBJP,15's,1,amlodipine,ok,true
PMBJP-2491,Cetirizine Tablets IP 5mg,tablet,5mg,0.00,false,false,PMBJP,10's,1,cetirizine,ok,false
PMBJP-2492,Metoprolol Succinate 25mg (Extended Release) and Amlodipine Besilate 2.5mg Tablets IP,tablet,25mg; 2.5mg,12.00,true,false,PMBJP,10's,2,metoprolol|amlodipine,ok,true
PMBJP-2493,Povidone- Iodine Solution IP 10 % w/v,solution,10 % w/v,50.00,false,false,PMBJP,100 ml Bottle,1,povidone- iodine,ok,true
PMBJP-2494,Rosuvastatin 20mg and Aspirin 75mg Capsules,capsule,20mg; 75mg,40.00,true,false,PMBJP,10's,2,rosuvastatin|acetylsalicylic acid,ok,true
PMBJP-2495,Telmisartan 80mg and Chlorthalidone 12.5mg Tablets,tablet,80mg; 12.5mg,30.00,true,false,PMBJP,10's,2,telmisartan|chlorthalidone,ok,true
PMBJP-2496,Pantoprazole 40mg and Domperidone 10mg Capsules,capsule,40mg; 10mg,0.00,true,false,PMBJP,10's,2,pantoprazole|domperidone,ok,false
PMBJP-2497,Dapagliflozin 5mg and Metformin Hydrochloride (Extended Release) 500mg Tablets,tablet,5mg; 500mg,30.00,true,false,PMBJP,10's,2,dapagliflozin|metformin,ok,true
PMBJP-2498,Clozapine tablets IP 200mg,tablet,200mg,80.00,false,false,PMBJP,10's,1,clozapine,ok,true
PMBJP-2499,"Aceclofenac 1.00% w/w, Menthol 5.00% w/w Spray",spray,1.00% w/w; 5.00% w/w,0.00,true,false,PMBJP,100ml,2,aceclofenac|menthol,ok,false
PMBJP-2500,"Aceclofenac 1.5% w/w gel, 30g",gel,1.5% w/w; 30g,0.00,false,false,PMBJP,30g,1,aceclofenac,ok,false
PMBJP-2501,Ambrisentan Tablets 10mg,tablet,10mg,0.00,false,false,PMBJP,10's,1,ambrisentan,ok,false
PMBJP-2502,Ambrisentan Tablets 5mg,tablet,5mg,0.00,false,false,PMBJP,10's,1,ambrisentan,ok,false
PMBJP-2503,Janaushadhi Antiseptic Bandage Spray (Cetrimide 0.10% w/w with Lidocaine 1.0% w/w Spray),spray,0.10% w/w; 1.0% w/w,0.00,true,true,PMBJP,50ml,2,janaushadhi antiseptic bandage cetrimide|lidocaine,non_drug,false
PMBJP-2504,Azilsartan Medoxomil Tablets 20mg,tablet,20mg,0.00,false,false,PMBJP,10's,1,azilsartan,ok,false
PMBJP-2505,Azilsartan Medoxomil Tablets 80mg,tablet,80mg,110.00,false,false,PMBJP,10's,1,azilsartan,ok,true
PMBJP-2506,Benzoic acid 6% w/w and Salicylic acid 3% w/w IP Ointment,ointment,6% w/w; 3% w/w,13.00,true,false,PMBJP,15g in Mono-carton,2,benzoic acid|salicylic acid,ok,true
PMBJP-2507,Betamethasone Sodium Phosphate 0.1% w/v and Neomycin Sulphate 0.5% w/v Eye/Ear Drops,ear drops,0.1% w/v; 0.5% w/v,0.00,true,false,PMBJP,5ml in Mono-carton,2,betamethasone|neomycin,ok,false
PMBJP-2508,Betamethasone Sodium Phosphate 0.1% w/v and Ofloxacin 0.3% w/v Eye/Ear Drops,ear drops,0.1% w/v; 0.3% w/v,0.00,true,false,PMBJP,10ml in Mono-carton,2,betamethasone|ofloxacin,ok,false
PMBJP-2509,Bilastine 10mg and Montelukast 4mg Orodispersible Tablets,dispersible tablet,10mg; 4mg,38.00,true,false,PMBJP,10's,2,bilastine|montelukast orodispersible,ok,true
PMBJP-2510,Janaushadhi Burn Relief Spray (Lidocaine 3% w/w and Benzethonium 0.20% w/w Spray),spray,3% w/w; 0.20% w/w,0.00,true,false,PMBJP,50ml,2,janaushadhi burn relief lidocaine|benzethonium,residue,false
PMBJP-2511,"Calamine 8% w/w, Aloe Vera Gel 10% w/w, Light Liquid Paraffin 10% w/w Lotion",gel,8% w/w; 10% w/w,60.00,true,false,PMBJP,100ml,3,calamine|aloe vera|light paraffin,ok,true
PMBJP-2512,"Calcium aspartate (500mg), Calcium Orotate (500mg), Calcitriol (0.25mcg), Minerals and Vitamins Tablets",tablet,500mg; 0.25mcg,60.00,true,false,PMBJP,10's,4,calcium|calcitriol|minerals|vitamins,ok,true
PMBJP-2513,Calcium Citrate and Vitamin D3 Chewable Tablets,dispersible tablet,,35.00,true,false,PMBJP,30's in container,2,calcium|vitamin d,ok,true
PMBJP-2514,"Cefixime 200 mg, Cloxacillin 500 mg (ER) and Lactic Acid Bacillus Tablets",tablet,200 mg; 500 mg,103.00,true,false,PMBJP,10's,3,cefixime|cloxacillin|lactic acid bacillus,ok,true
PMBJP-2515,"Chlorhexidine Gluconate 0.2% w/v, Sodium Fluoride 0.05% w/v and Zinc Chloride 0.09% w/v Mouthwash (Sugar Free)",,0.2% w/v; 0.05% w/v; 0.09% w/v,40.00,true,false,PMBJP,150ml,3,chlorhexidine|sodium fluoride|zinc,ok,true
PMBJP-2516,"Chloroxylenol 4.80% w/v, Terpineol 9% v/v, Absolute Alcohol 13.10% v/v Liquid",,4.80% w/v; 9% v/v; 13.10% v/v,20.00,true,false,PMBJP,60ml,3,chloroxylenol|terpineol|absolute alcohol,ok,true
PMBJP-2517,Citicoline Oral Drops 100ml per ml,drops,100ml,0.00,false,false,PMBJP,Citicoline Oral Drops 100mg per ml,1,citicoline,ok,false
PMBJP-2518,Clotrimazole Vaginal Gel 2% w/w,gel,2% w/w,45.00,false,false,PMBJP,30g in Mono-carton with Applicator,1,clotrimazole,ok,true
PMBJP-2519,Combi kit of Torasemide 20mg Tablets and Eplerenone 25mg Tablets,tablet,20mg; 25mg,0.00,true,false,PMBJP,20's in Combikit,2,combi torasemide|eplerenone,ok,false
PMBJP-2520,Combipack of Ambrisentan 5mg and Tadalafil 20mg Tablets,tablet,5mg; 20mg,0.00,true,false,PMBJP,20's in Combikit,2,combipack ambrisentan|tadalafil,ok,false
PMBJP-2521,Dapagliflozin 10mg and Sitagliptin 50mg Tablets,tablet,10mg; 50mg,30.00,true,false,PMBJP,10's,2,dapagliflozin|sitagliptin,ok,true
PMBJP-2522,"Dapagliflozin 10mg, Sitagliptin 100mg and Metformin Hydrochloride (Extended Release) 1000mg Tablets",tablet,10mg; 100mg; 1000mg,75.00,true,false,PMBJP,10's,3,dapagliflozin|sitagliptin|metformin,ok,true
PMBJP-2523,"Dapagliflozin 10mg, Sitagliptin 100mg and Metformin Hydrochloride (Extended Release) 500mg Tablets",tablet,10mg; 100mg; 500mg,72.00,true,false,PMBJP,10's,3,dapagliflozin|sitagliptin|metformin,ok,true
PMBJP-2524,Dapagliflozin 5mg and Metformin Hydrochloride (Extended Release) 1000mg Tablets,tablet,5mg; 1000mg,35.00,true,false,PMBJP,10's,2,dapagliflozin|metformin,ok,true
PMBJP-2525,Dapagliflozin 5mg and Sitagliptin 100mg Tablets,tablet,5mg; 100mg,50.00,true,false,PMBJP,10's,2,dapagliflozin|sitagliptin,ok,true
PMBJP-2526,Deferasirox Dispersible Tablets 180mg,dispersible tablet,180mg,50.00,false,false,PMBJP,10's,1,deferasirox,ok,true
PMBJP-2527,Deferasirox Dispersible Tablets 250mg,dispersible tablet,250mg,70.00,false,false,PMBJP,30's,1,deferasirox,ok,true
PMBJP-2528,Deferasirox Dispersible Tablets 360mg,dispersible tablet,360mg,85.00,false,false,PMBJP,10's,1,deferasirox,ok,true
PMBJP-2529,Deferasirox Dispersible Tablets 400mg,dispersible tablet,400mg,97.00,false,false,PMBJP,10's,1,deferasirox,ok,true
PMBJP-2530,Deferasirox Dispersible Tablets 500mg,dispersible tablet,500mg,120.00,false,false,PMBJP,30's,1,deferasirox,ok,true
PMBJP-2531,Deferiprone Capsules 250mg,capsule,250mg,133.00,false,false,PMBJP,50's,1,deferiprone,ok,true
PMBJP-2532,Deferiprone Capsules 500mg,capsule,500mg,250.00,false,false,PMBJP,50's,1,deferiprone,ok,true
PMBJP-2533,Deflazacort oral Suspension 6mg per 5ml,oral suspension,6mg; 5ml,30.00,false,false,PMBJP,30ml in Mono-carton with measuring cap,1,deflazacort,ok,true
PMBJP-2534,Denosumab (r-DNA origin) 60mg/ml in Pre-filled Syringe,,60mg,5200.00,false,true,PMBJP,1ml Pre-filled Syringe in Mono-carton,1,denosumab syringe,non_drug,true
PMBJP-2535,Diclofenac 200mg Transdermal patch,patch,200mg,0.00,false,false,PMBJP,10's in Mono-carton,1,diclofenac,ok,false
PMBJP-2536,"Diclofenac Diethylamine 1.16% w/w, Sesame oil 2.5% w/w, Linseed oil 0.5% w/w, Methyl Salicylate 10% w/w & Menthol 5% w/w Gel",gel,1.16% w/w; 2.5% w/w; 0.5% w/w; 10% w/w; 5% w/w,0.00,true,false,PMBJP,30g in Mono-carton,5,diclofenac diethylamine|sesame oil|linseed oil|methyl|menthol,ok,false
PMBJP-2537,"Diclofenac Sodium 2% w/v, Methyl Salicylate 10% w/v, Menthol 5%, Absolute alcohol 10% v/v Spray",spray,2% w/v; 10% w/v; 5%; 10% v/v,0.00,true,false,PMBJP,50ml,4,diclofenac|methyl|menthol|absolute alcohol,ok,false
PMBJP-2538,Diclofenac Sodium 50mg and Thiocolchicoside 4mg Tablets,tablet,50mg; 4mg,47.00,true,false,PMBJP,10's,2,diclofenac|thiocolchicoside,ok,true
PMBJP-2539,Diclofenac Sodium 50mg and Thiocolchicoside 8mg Tablets,tablet,50mg; 8mg,60.00,true,false,PMBJP,10's,2,diclofenac|thiocolchicoside,ok,true
PMBJP-2540,Drotaverine Hydrochloride Injection 40mg per 2ml,injection,40mg; 2ml,10.00,false,false,PMBJP,2ml Ampoule,1,drotaverine,ok,true
PMBJP-2541,Duloxetin Hydrochloride (Delayed Release) 20mg and Mecobalamin 1.5mg Capsules,capsule,20mg; 1.5mg,0.00,true,false,PMBJP,10's,2,duloxetin|mecobalamin,ok,false
PMBJP-2542,Duloxetin Hydrochloride (Delayed Release) 30mg and Mecobalamin 1.5mg Capsules,capsule,30mg; 1.5mg,0.00,true,false,PMBJP,10's,2,duloxetin|mecobalamin,ok,false
PMBJP-2543,Ebastine 10mg and Phenylephrine 10mg Tablets,tablet,10mg,0.00,true,false,PMBJP,10's,2,ebastine|phenylephrine,ok,false
PMBJP-2544,Efonidipine Hydrochloride Ethanolate 20mg Tablets,tablet,20mg,0.00,false,false,PMBJP,10's,1,efonidipine hydrochloride ethanolate,ok,false
PMBJP-2545,Efonidipine Hydrochloride Ethanolate 40mg Tablets,tablet,40mg,75.00,false,false,PMBJP,10's,1,efonidipine hydrochloride ethanolate,ok,true
PMBJP-2547,Entacapone Tablets IP 200mg,tablet,200mg,0.00,false,false,PMBJP,10's,1,entacapone,ok,false
PMBJP-2548,Eplerenone 50mg Tablets,tablet,50mg,250.00,false,false,PMBJP,10's,1,eplerenone,ok,true
PMBJP-2549,Etizolam 0.5mg and Escitalopram Oxalate 10mg Tablets,tablet,0.5mg; 10mg,20.00,true,false,PMBJP,10's,2,etizolam|escitalopram,ok,true
PMBJP-2550,Etizolam 0.5mg and Escitalopram Oxalate 5mg Tablets,tablet,0.5mg; 5mg,15.00,true,false,PMBJP,10's,2,etizolam|escitalopram,ok,true
PMBJP-2551,Etizolam Controlled release Tablets IP 1.5mg,extended release tablet,1.5mg,0.00,false,false,PMBJP,10's,1,etizolam,ok,false
PMBJP-2552,Etoricoxib 60mg and Pregabalin 75mg (SR) Tablets,tablet,60mg; 75mg,40.00,true,false,PMBJP,10's,2,etoricoxib|pregabalin,ok,true
PMBJP-2553,Feracrylum 1% w/w Gel,gel,1% w/w,100.00,false,false,PMBJP,15g in Mono-carton,1,feracrylum,ok,true
PMBJP-2554,"Feracrylum 3% w/w, Centbucridine 0.5% w/w Gel",gel,3% w/w; 0.5% w/w,4775.00,true,false,PMBJP,20g in Mono-carton,2,feracrylum|centbucridine,ok,true
PMBJP-2555,Ferric Carboxymaltose Injection 50mg/ml,injection,50mg,450.00,false,false,PMBJP,10ml Vial,1,ferric carboxymaltose,ok,true
PMBJP-2556,Fluconazole Dusting Powder 2% w/w,powder,2% w/w,0.00,false,false,PMBJP,30g,1,fluconazole,ok,false
PMBJP-2557,"Fluocinolone acetonide 0.01% w/w, Miconazole 2% w/w and Neomycin 0.5% w/w ointment, 10g",ointment,0.01% w/w; 2% w/w; 0.5% w/w; 10g,0.00,true,false,PMBJP,15g,3,fluocinolone acetonide|miconazole|neomycin,ok,false
PMBJP-2558,"Janaushadhi Footcare Cream (Urea 10% w/w, Lactic acid 10% w/w, Propylene Glycol 10% w/w, Light Liquid Paraffin 10% w/w)",cream,10% w/w,35.00,false,false,PMBJP,50g,1,janaushadhi footcare,residue,true
PMBJP-2559,Frusemide 40mg and Amiloride 5mg Tablets,tablet,40mg; 5mg,0.00,true,false,PMBJP,10's,2,furosemide|amiloride,ok,false
PMBJP-2560,Frusemide 40mg and Potassium Chloride 600mg (CR) Tablets,tablet,40mg; 600mg,0.00,true,false,PMBJP,10's,2,furosemide|potassium,ok,false
PMBJP-2561,Gabapentin 200mg and Nortriptyline 10mg Tablets,tablet,200mg; 10mg,20.00,true,false,PMBJP,10's,2,gabapentin|nortriptyline,ok,true
PMBJP-2562,"Gabapentin 6% w/w, Lignocaine 5% w/w and Baclofen 2% w/w gel",gel,6% w/w; 5% w/w; 2% w/w,65.00,true,false,PMBJP,30g,3,gabapentin|lidocaine|baclofen,ok,true
PMBJP-2563,"Hydroquinone 2% w/w, Tretinoin 0.05% w/w and Fluocinolone acetonide 0.01% w/w Cream",cream,2% w/w; 0.05% w/w; 0.01% w/w,0.00,true,false,PMBJP,20g,3,hydroquinone|tretinoin|fluocinolone acetonide,ok,false
PMBJP-2564,"Hydroquinone 4% w/w, Tretinoin 0.05% w/w and Fluocinolone acetonide 0.01% w/w cream, 20g",cream,4% w/w; 0.05% w/w; 0.01% w/w; 20g,0.00,true,false,PMBJP,15g in Mono-carton,3,hydroquinone|tretinoin|fluocinolone acetonide,ok,false
PMBJP-2565,Hydroxyzine Hydrochloride Drops 6mg per ml,drops,6mg,20.00,false,false,PMBJP,15ml in Mono-carton with screw dropper,1,hydroxyzine,ok,true
PMBJP-2566,Hydroxyzine Hydrochloride Syrup 10mg per 5ml,syrup,10mg; 5ml,25.00,false,false,PMBJP,100ml with measuring cap,1,hydroxyzine,ok,true
PMBJP-2567,Ibuprofen Oral Suspension 100mg/5ml,oral suspension,100mg; 5ml,12.00,false,false,PMBJP,100ml,1,ibuprofen,ok,true
PMBJP-2568,Iguratimod Tablets 25mg,tablet,25mg,100.00,false,false,PMBJP,10's,1,iguratimod,ok,true
PMBJP-2569,Ilaprazole (gastro-resistant) 10mg and Domperidone (Prolonged release) 30mg capsules,capsule,10mg; 30mg,35.00,true,false,PMBJP,10's,2,ilaprazole|domperidone,ok,true
PMBJP-2570,Imeglimin Hydrochloride Tablets 1000mg,tablet,1000mg,0.00,false,false,PMBJP,10's,1,imeglimin,ok,false
PMBJP-2571,Imeglimin Hydrochloride Tablets 500mg,tablet,500mg,59.00,false,false,PMBJP,10's,1,imeglimin,ok,true
PMBJP-2572,Indacaterol 150mcg and Mometasone Furoate 160mcg Powder for Inhalation,powder,150mcg; 160mcg,0.00,true,false,PMBJP,15's in Bottle with Mono-carton,2,indacaterol|mometasone,ok,false
PMBJP-2573,Indacaterol 150mcg and Mometasone Furoate 320mcg Powder for Inhalation,powder,150mcg; 320mcg,0.00,true,false,PMBJP,15's in Bottle with Mono-carton,2,indacaterol|mometasone,ok,false
PMBJP-2574,Indacaterol 150mcg and Mometasone Furoate 80mcg Powder for Inhalation,powder,150mcg; 80mcg,0.00,true,false,PMBJP,15's in Bottle with Mono-carton,2,indacaterol|mometasone,ok,false
PMBJP-2575,Ipratropium Bromide Inhaler 20mcg,inhaler,20mcg,0.00,false,false,PMBJP,200 MDI,1,ipratropium,ok,false
PMBJP-2576,Itraconazole Dusting Powder 1% w/w,powder,1% w/w,0.00,false,false,PMBJP,30g,1,itraconazole,ok,false
PMBJP-2577,Ivermectin 1.5mg and Albendazole 200mg Oral Suspension,oral suspension,1.5mg; 200mg,10.00,true,false,PMBJP,10ml in Mono-carton,2,ivermectin|albendazole,ok,true
PMBJP-2578,Ketoconazole 2% w/v and Zinc Pyrithione 1% w/v Shampoo,shampoo,2% w/v; 1% w/v,80.00,true,false,PMBJP,100ml,2,ketoconazole|zinc pyrithione,ok,true
PMBJP-2579,Ketoconazole Dusting Powder 2% w/w,powder,2% w/w,28.00,false,false,PMBJP,30g,1,ketoconazole,ok,true
PMBJP-2580,Ketoprofen 2.5% Gel,gel,2.5%,0.00,false,false,PMBJP,30g in Mono-carton,1,ketoprofen,ok,false
PMBJP-2581,L-Arginine 3g and Proanthocyanidin 75 mg Granules (Sugar Free),powder,3g; 75 mg,25.00,true,false,PMBJP,6.5g Sachet,2,l-arginine|proanthocyanidin,ok,true
PMBJP-2582,Latanoprost 50mcg and Timolol Maleate 5mg Opthalmic solution,solution,50mcg; 5mg,0.00,true,false,PMBJP,2.5ml in Mono-carton,2,latanoprost|timolol,ok,false
PMBJP-2583,Leucovorin Calcium Tablets IP 15mg,tablet,15mg,0.00,false,false,PMBJP,10's,1,folinic acid,ok,false
PMBJP-2584,Levetiracetam Prolonged Release Tablets IP 1000mg,extended release tablet,1000mg,125.00,false,false,PMBJP,10's,1,levetiracetam,ok,true
PMBJP-2585,"Levocetirizine Dihydrochloride 5mg, Montelukast 10mg and Ambroxol Hydrochloride (SR) 75mg Tablets",tablet,5mg; 10mg; 75mg,35.00,true,false,PMBJP,10's,3,levocetirizine|montelukast|ambroxol,ok,true
PMBJP-2586,Levocloperastine 20mg and Chlorpheniramine Maleate 4mg per 5ml Oral suspension.,oral suspension,20mg; 4mg; 5ml,65.00,true,false,PMBJP,100ml with measuring cap in Mono-carton,2,levocloperastine|chlorpheniramine,ok,true
PMBJP-2587,Levocloperastine Oral Suspension 20mg per 5ml,oral suspension,20mg; 5ml,60.00,false,false,PMBJP,100ml,1,levocloperastine,ok,true
PMBJP-2588,"Levodopa 100mg , Carbidopa 25mg and Entacapone 200mg Tablets IP",tablet,100mg; 25mg; 200mg,0.00,true,false,PMBJP,10's,3,levodopa|carbidopa|entacapone,ok,false
PMBJP-2589,"Levodopa 150mg , Carbidopa 37.5mg and Entacapone 200mg Tablets IP",tablet,150mg; 37.5mg; 200mg,0.00,true,false,PMBJP,10's,3,levodopa|carbidopa|entacapone,ok,false
PMBJP-2590,"Levodopa 50mg, Carbidopa 12.5mg and Entacapone 200mg Tablets IP",tablet,50mg; 12.5mg; 200mg,0.00,true,false,PMBJP,10's,3,levodopa|carbidopa|entacapone,ok,false
PMBJP-2591,Lignocaine (Lidocaine) Hydrochloride 1.5% w/w and Nifedipine 0.3% w/w Cream,cream,1.5% w/w; 0.3% w/w,80.00,true,false,PMBJP,30g,2,lidocaine|nifedipine,ok,true
PMBJP-2592,Lignocaine (Lidocaine) Hydrochloride 2.5% w/w and Prilocaine 2.5% w/w Gel,gel,2.5% w/w,0.00,true,false,PMBJP,30g,2,lidocaine|prilocaine,ok,false
PMBJP-2594,"Lignocaine 4% w/w, Metronidazole 1% w/w and Sucralfate 7% w/w Cream",cream,4% w/w; 1% w/w; 7% w/w,35.00,true,false,PMBJP,20g,3,lidocaine|metronidazole|sucralfate,ok,true
PMBJP-2595,Linagliptin 2.5mg and Dapagliflozin 10mg Tablets,tablet,2.5mg; 10mg,0.00,true,false,PMBJP,10's,2,linagliptin|dapagliflozin,ok,false
PMBJP-2596,Linagliptin 2.5mg and Dapagliflozin 5mg Tablets,tablet,2.5mg; 5mg,0.00,true,false,PMBJP,10's,2,linagliptin|dapagliflozin,ok,false
PMBJP-2597,Linagliptin 2.5mg and Metformin 850mg Tablets,tablet,2.5mg; 850mg,36.00,true,false,PMBJP,10's,2,linagliptin|metformin,ok,true
PMBJP-2598,Linagliptin 5mg and Dapagliflozin 10mg Tablets,tablet,5mg; 10mg,45.00,true,false,PMBJP,10's,2,linagliptin|dapagliflozin,ok,true
PMBJP-2599,Linagliptin 5mg and Dapagliflozin 5mg Tablets,tablet,5mg,0.00,true,false,PMBJP,10's,2,linagliptin|dapagliflozin,ok,false
PMBJP-2601,Lobeglitazone Sulfate Tablets 0.5mg,tablet,0.5mg,50.00,false,false,PMBJP,10's,1,lobeglitazone,ok,true
PMBJP-2602,Methotrexate Injection IP 25mg/ml,injection,25mg,0.00,false,false,PMBJP,1ml Ampoule,1,methotrexate,ok,false
PMBJP-2603,Methotrexate Injection IP 50mg/2ml,injection,50mg; 2ml,0.00,false,false,PMBJP,2ml Ampoule,1,methotrexate,ok,false
PMBJP-2604,Metronidazole 2% w/w and Mupirocin 2% w/w Ointment,ointment,2% w/w,80.00,true,false,PMBJP,5g,2,metronidazole|mupirocin,ok,true
PMBJP-2605,"Miconazole Nitrate 20mg, Mometasone Furoate 1mg and Nadifloxacin 10 mg cream",cream,20mg; 1mg; 10 mg,0.00,true,false,PMBJP,10g,3,miconazole|mometasone|nadifloxacin,ok,false
PMBJP-2606,Molnupiravir Capsules 200mg,capsule,200mg,40.00,false,false,PMBJP,10's,1,molnupiravir,ok,true
PMBJP-2607,Montelukast Sodium 10mg and Ebastine 10mg Tablets,tablet,10mg,25.00,true,false,PMBJP,10's,2,montelukast|ebastine,ok,true
PMBJP-2608,"Janaushadhi Mouth Ulcer Gel (Choline Salicylate 8.7% w/w, Lignocaine Hydrochloride 2% w/w & Benzalkonium Chloride 0.01% w/w)",gel,8.7% w/w; 2% w/w; 0.01% w/w,15.00,true,false,PMBJP,10g,2,janaushadhi choline salicylate lignocaine|benzalkonium,residue,true
PMBJP-2609,Naftifine Hydrochloride Cream 2% w/w,cream,2% w/w,95.00,false,false,PMBJP,20g in Mono-carton,1,naftifine,ok,true
PMBJP-2610,"Neomycin Sulphate 3400 Units, Polymyxin B Sulfate 5000 units and Bacitracin Zinc 400 Units Powder",powder,3400 Units; 5000 units; 400 Units,35.00,true,false,PMBJP,10g,3,neomycin|polymyxin b|bacitracin zinc,ok,true
PMBJP-2611,Neostigmine Methylsulphate Injection IP 0.5mg/ml,injection,0.5mg,14.00,false,false,PMBJP,5ml Ampoule,1,neostigmine methylsulphate,ok,true
PMBJP-2612,Neostigmine Methylsulphate Injection IP 2.5mg/ml,injection,2.5mg,0.00,false,false,PMBJP,1ml Ampoule,1,neostigmine methylsulphate,ok,false
PMBJP-2613,Nitrofurantoin 50mg Tablets,tablet,50mg,0.00,false,false,PMBJP,10's,1,nitrofurantoin,ok,false
PMBJP-2614,Nitrofurantoin Sustained Release Tablets 100mg,extended release tablet,100mg,30.00,false,false,PMBJP,15's,1,nitrofurantoin,ok,true
PMBJP-2615,Norethisterone Acetate Controlled Release Tablets 10mg,extended release tablet,10mg,27.00,false,false,PMBJP,10's,1,norethindrone,ok,true
PMBJP-2616,Ofloxacin 100mg and Metronidazole 200mg per 5ml Oral Suspension,oral suspension,100mg; 200mg; 5ml,35.00,true,false,PMBJP,60ml in Mono-carton with measuring cap,2,ofloxacin|metronidazole,ok,true
PMBJP-2617,"Janaushadhi Pain Relief Spray (Wintergreen Tel 20% w/w, karpura 10% w/w, turpentine Oil 10% w/w, Nilgiri ka Tel 6% w/w, Pudina ka Phool 4% w/w, Lavang ka Tel 1% w/w, Cinnamon Oil 0.5% w/w)",spray,20% w/w; 10% w/w; 6% w/w; 4% w/w; 1% w/w; 0.5% w/w,0.00,false,true,PMBJP,50ml,1,janaushadhi pain relief,non_drug,false
PMBJP-2618,Panitumumab 100mg Infusion,injection,100mg,0.00,false,false,PMBJP,5ml Vial,1,panitumumab,ok,false
PMBJP-2619,Panitumumab 400mg Infusion,injection,400mg,0.00,false,false,PMBJP,20ml Vial,1,panitumumab,ok,false
PMBJP-2620,"Papain 10mg, Fungal Diastase (Alpha Amylase 1:800) 20mg, Caraway oil 2mg, Anise Oil 2mg and Dil oil 2mg Oral Drops",drops,10mg; 20mg; 2mg,0.00,true,false,PMBJP,15ml in Mono-carton with screw dropper,5,papain|fungal diastase|caraway oil|anise oil|dil oil,ok,false
PMBJP-2621,Papain 60mg and Fungal Diastase (Alpha Amylase 1:800) 75mg Syrup,syrup,60mg; 75mg,0.00,true,false,PMBJP,200ml in Mono-carton,2,papain|fungal diastase,ok,false
PMBJP-2622,Potassium Nitrate 5% w/w and Sodium Monofluoro Phosphate 0.7% w/w Toothpaste Gel (Fresh-Mint Flavour),gel,5% w/w; 0.7% w/w,35.00,true,true,PMBJP,100g,2,potassium|sodium monofluoro phosphate toothpaste,non_drug,true
PMBJP-2623,Povidone Iodine IP 5% w/w Spray,spray,5% w/w,0.00,false,false,PMBJP,50ml,1,povidone iodine,ok,false
PMBJP-2624,Quetiapine Prolonged release Tablets IP 300mg,extended release tablet,300mg,75.00,false,false,PMBJP,10's,1,quetiapine,ok,true
PMBJP-2625,Rasagiline Tablets 0.5mg,tablet,0.5mg,0.00,false,false,PMBJP,10's,1,rasagiline,ok,false
PMBJP-2626,Rasagiline Tablets 1mg,tablet,1mg,0.00,false,false,PMBJP,10's,1,rasagiline,ok,false
PMBJP-2627,Selexipag Tablets 200mcg,tablet,200mcg,420.00,false,false,PMBJP,10's,1,selexipag,ok,true
PMBJP-2628,Selexipag Tablets 400mcg,tablet,400mcg,0.00,false,false,PMBJP,10's,1,selexipag,ok,false
PMBJP-2629,Sertaconazole Dusting Powder 2% w/w,powder,2% w/w,0.00,false,false,PMBJP,30g,1,sertaconazole,ok,false
PMBJP-2630,Sildenafil Tablets IP 20mg,tablet,20mg,7.00,false,false,PMBJP,10's,1,sildenafil,ok,true
PMBJP-2631,Sirolimus Tablets 1mg,tablet,1mg,200.00,false,false,PMBJP,10's,1,sirolimus,ok,true
PMBJP-2632,Sitagliptin 100mg and Metformin 500mg Extended Release Tablets,extended release tablet,100mg; 500mg,70.00,true,false,PMBJP,10's,2,sitagliptin|metformin,ok,true
PMBJP-2633,Strontium chloride hexahydrate 10% w/w Toothpaste,,10% w/w,0.00,false,true,PMBJP,100g,1,strontium chloride hexahydrate toothpaste,non_drug,false
PMBJP-2634,"Surgical Spirit IP (Methyl Salicylate 0.5% v/v, Diethyl Pthalate 2% v/v & Castor Oil 2.5% v/v)",,0.5% v/v; 2% v/v; 2.5% v/v,0.00,true,true,PMBJP,100ml,2,surgical spirit methyl salicylate diethyl pthalate|castor oil,non_drug,false
PMBJP-2635,Telmisartan 40mg and Bisoprolol Fumarate 2.5mg Tablets,tablet,40mg; 2.5mg,20.00,true,false,PMBJP,10's,2,telmisartan|bisoprolol,ok,true
PMBJP-2636,Telmisartan 40mg and Bisoprolol Fumarate 5mg Tablets,tablet,40mg; 5mg,25.00,true,false,PMBJP,10's,2,telmisartan|bisoprolol,ok,true
PMBJP-2637,"Teneligliptin 20mg, Metformin Hydrochloride 1000mg (Sustained Release) and Pioglitazone 15mg Tablets IP",tablet,20mg; 1000mg; 15mg,75.00,true,false,PMBJP,10's,3,teneligliptin|metformin|pioglitazone,ok,true
PMBJP-2638,"Teneligliptin 20mg, Metformin Hydrochloride 500mg (Sustained Release) and Pioglitazone 15mg Tablets IP",tablet,20mg; 500mg; 15mg,45.00,true,false,PMBJP,10's,3,teneligliptin|metformin|pioglitazone,ok,true
PMBJP-2639,Terbinafine Hydrochloride Dusting Powder 1% w/w,powder,1% w/w,0.00,false,false,PMBJP,30g,1,terbinafine,ok,false
PMBJP-2640,"Throat Spray (Chamomile extract, peppermint oil, Sage oil, Pine Needle oil, Bergamot oil, Cineole oil, Methyl salicylate, Ethyl Alcohol, Propylene Glycol, Glycerin, Citric acid, Polysorbate 80, water)",spray,,0.00,false,true,PMBJP,50ml in Mono-carton,0,,non_drug,false
PMBJP-2641,Tobramycin 0.3% w/v and Fluoromethalone 0.1% w/v Opthalmic Solution IP,solution,0.3% w/v; 0.1% w/v,0.00,true,false,PMBJP,5ml in Mono-carton,2,tobramycin|fluoromethalone,ok,false
PMBJP-2642,Tofacitinib 2.0% w/w Ointment,ointment,2.0% w/w,350.00,false,false,PMBJP,20g,1,tofacitinib,ok,true
PMBJP-2643,Tofacitinib Extended Release Tablets 11mg,extended release tablet,11mg,135.00,false,false,PMBJP,10's,1,tofacitinib,ok,true
PMBJP-2644,Tofacitinib Extended Release Tablets 22mg,extended release tablet,22mg,240.00,false,false,PMBJP,10's,1,tofacitinib,ok,true
PMBJP-2645,Tofacitinib Tablets 10mg,tablet,10mg,100.00,false,false,PMBJP,10's,1,tofacitinib,ok,true
PMBJP-2646,Tofacitinib Tablets 5mg,tablet,5mg,55.00,false,false,PMBJP,10's,1,tofacitinib,ok,true
PMBJP-2647,Tolperisone Hydrochloride 150mg and Diclofenac Sodium 50mg Tablets,tablet,150mg; 50mg,20.00,true,false,PMBJP,10's,2,tolperisone|diclofenac,ok,true
PMBJP-2648,Torasemide 10mg and Amiloride 5mg Tablets,tablet,10mg; 5mg,0.00,true,false,PMBJP,10's,2,torasemide|amiloride,ok,false
PMBJP-2649,Tramadol Hydrochloride (IR) 50mg and Diclofenac Sodium (SR) 75mg Tablets,tablet,50mg; 75mg,20.00,true,false,PMBJP,10's,2,tramadol|diclofenac,ok,true
PMBJP-2650,Tranylcypromine Tablets 10mg,tablet,10mg,0.00,false,false,PMBJP,10's,1,tranylcypromine,ok,false
PMBJP-2651,Triclofos oral Solution IP,oral solution,,0.00,false,false,PMBJP,30ml in Mono-carton,1,triclofos,ok,false
PMBJP-2652,Tulobuterol Transdermal patch 0.5mg,patch,0.5mg,0.00,false,false,PMBJP,14's in Mono-carton,1,tulobuterol,ok,false
PMBJP-2653,Vildagliptin 100mg and Metformin Hydrochloride (sustained release) 1000mg Tablets,tablet,100mg; 1000mg,45.00,true,false,PMBJP,10's,2,vildagliptin|metformin,ok,true
PMBJP-2654,Vildagliptin 100mg and Metformin Hydrochloride (sustained release) 500mg Tablets,tablet,100mg; 500mg,40.00,true,false,PMBJP,10's,2,vildagliptin|metformin,ok,true
PMBJP-2655,Vildagliptin 50mg and Metformin Hydrochloride (sustained release) 1000mg Tablets,tablet,50mg; 1000mg,35.00,true,false,PMBJP,15's,2,vildagliptin|metformin,ok,true
PMBJP-2656,Vildagliptin 50mg and Metformin Hydrochloride (sustained release) 500mg Tablets,tablet,50mg; 500mg,30.00,true,false,PMBJP,15's,2,vildagliptin|metformin,ok,true
PMBJP-2657,Acyclovir Dispersible Tablets IP 200 mg,dispersible tablet,200 mg,15.00,false,false,PMBJP,5's,1,acyclovir,ok,true
PMBJP-2658,Amisulpride Tablets IP 25 mg,tablet,25 mg,0.00,false,false,PMBJP,10's,1,amisulpride,ok,false
PMBJP-2659,Amisulpride Sustained Release Tablets 100 mg,extended release tablet,100 mg,0.00,false,false,PMBJP,10's,1,amisulpride,ok,false
PMBJP-2660,Amisulpride Sustained Release Tablets 200 mg,extended release tablet,200 mg,0.00,false,false,PMBJP,10's,1,amisulpride,ok,false
PMBJP-2661,Amisulpride Sustained Release Tablets 300 mg,extended release tablet,300 mg,0.00,false,false,PMBJP,10's,1,amisulpride,ok,false
PMBJP-2662,Amisulpride Sustained Release Tablets 400 mg,extended release tablet,400 mg,0.00,false,false,PMBJP,10's,1,amisulpride,ok,false
PMBJP-2663,Budesonide 160 mcg and Formoterol 4.5mcg Inhalation Powder,powder,160 mcg; 4.5mcg,0.00,true,false,PMBJP,60 doses in MDI inhaler,2,budesonide|formoterol,ok,false
PMBJP-2664,Cabozantinib Tablets 20 mg,tablet,20 mg,1550.00,false,false,PMBJP,30's bottle,1,cabozantinib,ok,true
PMBJP-2665,Cabozantinib Tablets 40 mg,tablet,40 mg,2450.00,false,false,PMBJP,30's bottle,1,cabozantinib,ok,true
PMBJP-2666,Cabozantinib Tablets 60 mg,tablet,60 mg,3800.00,false,false,PMBJP,30's bottle,1,cabozantinib,ok,true
PMBJP-2667,Cariprazine Capsules 1.5 mg,capsule,1.5 mg,54.00,false,false,PMBJP,10's,1,cariprazine,ok,true
PMBJP-2668,Cariprazine Capsules 3 mg,capsule,3 mg,87.00,false,false,PMBJP,10's,1,cariprazine,ok,true
PMBJP-2669,Cariprazine Capsules 4.5 mg,capsule,4.5 mg,0.00,false,false,PMBJP,10's,1,cariprazine,ok,false
PMBJP-2670,Cariprazine Capsules 6 mg,capsule,6 mg,0.00,false,false,PMBJP,10's,1,cariprazine,ok,false
PMBJP-2671,Cefazolin Sodium Injection IP 250 mg,injection,250 mg,0.00,false,false,PMBJP,Vial with WFI,1,cefazolin,ok,false
PMBJP-2672,Cefazolin Sodium Injection IP 500 mg,injection,500 mg,0.00,false,false,PMBJP,Vial with WFI,1,cefazolin,ok,false
PMBJP-2673,Cefazolin Sodium Injection IP 1g,injection,1g,0.00,false,false,PMBJP,Vial with WFI,1,cefazolin,ok,false
PMBJP-2674,Clindamycin Phosphate Gel 1%w/w,gel,1%w/w,30.00,false,false,PMBJP,20gm Tube,1,clindamycin,ok,true
PMBJP-2675,Cyclobenzaprine Extended-release Capsules 15mg,extended release capsule,15mg,0.00,false,false,PMBJP,10's,1,cyclobenzaprine,ok,false
PMBJP-2676,Gliclazide 60 mg (Extended Release) and Metformin Hydrochloride 1000 mg (Extended Release) Tablets,tablet,60 mg; 1000 mg,73.00,true,false,PMBJP,10's,2,gliclazide|metformin,ok,true
PMBJP-2677,"Dapagliflozin 10mg, Vildagliptin 100mg (SR) and Metformin Hydrochloride 1000mg (SR) Tablets",tablet,10mg; 100mg; 1000mg,70.00,true,false,PMBJP,15's,3,dapagliflozin|vildagliptin|metformin,ok,true
PMBJP-2678,"Dapagliflozin 10mg, Vildagliptin 100mg (SR) and Metformin Hydrochloride 500mg (SR) Tablets",tablet,10mg; 100mg; 500mg,65.00,true,false,PMBJP,15's,3,dapagliflozin|vildagliptin|metformin,ok,true
PMBJP-2679,Desloratadine Tablets 10 mg,tablet,10 mg,25.00,false,false,PMBJP,10's,1,desloratadine,ok,true
PMBJP-2680,Dexchlorpheniramine Maleate Sustained Release Tablets 6mg,extended release tablet,6mg,0.00,false,false,PMBJP,10's,1,dexchlorpheniramine,ok,false
PMBJP-2681,Dexchlorpheniramine Maleate Tablets IP 2mg,tablet,2mg,0.00,false,false,PMBJP,10's,1,dexchlorpheniramine,ok,false
PMBJP-2682,Donepezil Hydrochloride Orally Disintegrating Strips 10 mg,,10 mg,88.00,false,false,PMBJP,10's in mono-carton,1,donepezil,ok,true
PMBJP-2683,Donepezil Hydrochloride Orally Disintegrating Strips 5 mg,,5 mg,61.00,false,false,PMBJP,10's in mono-carton,1,donepezil,ok,true
PMBJP-2684,Everolimus Tablets 0.25 mg,tablet,0.25 mg,250.00,false,false,PMBJP,10's,1,everolimus,ok,true
PMBJP-2685,Everolimus Tablets 0.5 mg,tablet,0.5 mg,450.00,false,false,PMBJP,10's,1,everolimus,ok,true
PMBJP-2686,Everolimus Tablets 5 mg,tablet,5 mg,3600.00,false,false,PMBJP,10's,1,everolimus,ok,true
PMBJP-2687,Everolimus Tablets 10 mg,tablet,10 mg,7000.00,false,false,PMBJP,10's,1,everolimus,ok,true
PMBJP-2688,Feracrylum mouth wash/Gargle 1% w/v (Mint Flavour),,1% w/v,105.00,false,false,PMBJP,50ml,1,feracrylum,ok,true
PMBJP-2689,Feracrylum Sterile Antiseptic Solution 1% w/v,solution,1% w/v,150.00,false,false,PMBJP,100ml,1,feracrylum antiseptic,ok,true
PMBJP-2690,Fluocinonide Topical Gel 0.05%w/w,gel,0.05%w/w,0.00,false,false,PMBJP,15gm Tube,1,fluocinonide,ok,false
PMBJP-2691,Hydrochlorothiazide Tablets IP 25 mg,tablet,25 mg,9.00,false,false,PMBJP,10's,1,hydrochlorothiazide,ok,true
PMBJP-2692,Hydrocortisone Tablets 10mg,tablet,10mg,20.00,false,false,PMBJP,10's,1,hydrocortisone,ok,true
PMBJP-2693,Hydrocortisone Tablets 5mg,tablet,5mg,11.00,false,false,PMBJP,10's,1,hydrocortisone,ok,true
PMBJP-2694,Inosine Pranobex Tablets 500 mg,tablet,500 mg,290.00,false,false,PMBJP,10's,1,inosine pranobex,ok,true
PMBJP-2695,Itraconazole Capsules 130mg,capsule,130mg,75.00,false,false,PMBJP,10's,1,itraconazole,ok,true
PMBJP-2696,Itraconazole Capsules 65mg,capsule,65mg,45.00,false,false,PMBJP,10's,1,itraconazole,ok,true
PMBJP-2697,Itraconazole Eye drops 1% w/v,eye drops,1% w/v,0.00,false,false,PMBJP,5ml Drops,1,itraconazole,ok,false
PMBJP-2698,Levocetirizine Orally Disintegrating Strips 2.5 mg,,2.5 mg,0.00,false,false,PMBJP,10's in mono-carton,1,levocetirizine,ok,false
PMBJP-2699,Levocetirizine Orally Disintegrating Strips 5 mg,,5 mg,75.00,false,false,PMBJP,10's in mono-carton,1,levocetirizine,ok,true
PMBJP-2700,Linagliptin 5mg and Metformin Hydrochloride 1000mg Tablets,tablet,5mg; 1000mg,70.00,true,false,PMBJP,15's,2,linagliptin|metformin,ok,true
PMBJP-2701,Lurasidone Hydrochloride Tablets 20 mg,tablet,20 mg,0.00,false,false,PMBJP,10's,1,lurasidone,ok,false
PMBJP-2702,Lurasidone Hydrochloride Tablets 40 mg,tablet,40 mg,92.00,false,false,PMBJP,10's,1,lurasidone,ok,true
PMBJP-2703,Lurasidone Hydrochloride Tablets 80 mg,tablet,80 mg,143.00,false,false,PMBJP,10's,1,lurasidone,ok,true
PMBJP-2704,Maraviroc Tablets 150 mg,tablet,150 mg,0.00,false,false,PMBJP,60's in bottle,1,maraviroc,ok,false
PMBJP-2705,Mecobalamin Orally Disintegrating Strips 1500 mcg,,1500 mcg,70.00,false,false,PMBJP,10's in mono-carton,1,mecobalamin,ok,true
PMBJP-2706,Metformin Hydrochloride Tablets IP 250 mg,tablet,250 mg,4.00,false,false,PMBJP,10's,1,metformin,ok,true
PMBJP-2707,Metoprolol Tartrate 50mg and Hydrochlorothiazide 12.5 mg Tablets,tablet,50mg; 12.5 mg,15.00,true,false,PMBJP,10's,2,metoprolol|hydrochlorothiazide,ok,true
PMBJP-2708,Montelukast Sodium 4mg and Fexofenadine 60mg per 5ml Suspension,oral suspension,4mg; 60mg; 5ml,0.00,true,false,PMBJP,60ml Bottle,2,montelukast|fexofenadine,ok,false
PMBJP-2709,Omeprazole 20mg Powder for Oral suspension (Sodium bicarbonate as buffer),oral suspension,20mg,79.00,false,false,PMBJP,10 sachet in monocarton,1,omeprazole,ok,true
PMBJP-2710,N-Acetylcysteine 600 mg And Pyridoxine Hydrochloride 50 mg Tablets,tablet,600 mg; 50 mg,0.00,true,false,PMBJP,10's,2,acetylcysteine|pyridoxine,ok,false
PMBJP-2711,Naproxen 500 mg Delayed Release and Esomeprazole 20mg Tablet,tablet,500 mg; 20mg,0.00,true,false,PMBJP,10's,2,naproxen|esomeprazole,ok,false
PMBJP-2712,Nebivolol Hydrochloride Tablets IP 10 mg,tablet,10 mg,45.00,false,false,PMBJP,10's,1,nebivolol,ok,true
PMBJP-2713,Nifedipine Extended Release Tablets IP 30 mg,extended release tablet,30 mg,15.00,false,false,PMBJP,10's,1,nifedipine,ok,true
PMBJP-2714,Nifedipine Extended Release Tablets IP 60 mg,extended release tablet,60 mg,0.00,false,false,PMBJP,10's,1,nifedipine,ok,false
PMBJP-2715,Octreotide long acting release Injection 20mg (Lyophilised),injection,20mg,0.00,false,false,PMBJP,Vial,1,octreotide,ok,false
PMBJP-2716,Octreotide long acting release Injection 30mg (Lyophilised),injection,30mg,12000.00,false,false,PMBJP,Vial,1,octreotide,ok,true
PMBJP-2717,Octreotide injection 50 mcg,injection,50 mcg,80.00,false,false,PMBJP,1ml Ampoule,1,octreotide,ok,true
PMBJP-2718,Octreotide injection 100mcg,injection,100mcg,140.00,false,false,PMBJP,1ml Ampoule,1,octreotide,ok,true
PMBJP-2719,Olaparib Tablet 100 mg,tablet,100 mg,0.00,false,false,PMBJP,30's in bottle,1,olaparib,ok,false
PMBJP-2720,Olaparib Tablet 150 mg,tablet,150 mg,0.00,false,false,PMBJP,30's in bottle,1,olaparib,ok,false
PMBJP-2721,Olmesartan 40mg and Amlodipine 5mg Tablets,tablet,40mg; 5mg,35.00,true,false,PMBJP,10's,2,olmesartan|amlodipine,ok,true
PMBJP-2722,"Olmesartan Medoxomil 20mg, Cilnidipine 10mg and Chlorthalidone 12.5mg Tablets",tablet,20mg; 10mg; 12.5mg,35.00,true,false,PMBJP,10's,3,olmesartan|cilnidipine|chlorthalidone,ok,true
PMBJP-2723,"Olmesartan Medoxomil 20mg, Cilnidipine 10mg and Chlorthalidone 6.25mg Tablets",tablet,20mg; 10mg; 6.25mg,30.00,true,false,PMBJP,10's,3,olmesartan|cilnidipine|chlorthalidone,ok,true
PMBJP-2724,"Olmesartan Medoxomil 40mg, Cilnidipine 10mg and Chlorthalidone 12.5mg Tablets",tablet,40mg; 10mg; 12.5mg,40.00,true,false,PMBJP,10's,3,olmesartan|cilnidipine|chlorthalidone,ok,true
PMBJP-2725,Oseltamivir Phosphate Capsules IP 30mg,capsule,30mg,90.00,false,false,PMBJP,10's,1,oseltamivir,ok,true
PMBJP-2726,Pancreatin Capsules 40000,capsule,,0.00,false,false,PMBJP,10's,1,pancreatin,ok,false
PMBJP-2727,Pilocarpine Tablets 5mg,tablet,5mg,0.00,false,false,PMBJP,10's,1,pilocarpine,ok,false
PMBJP-2728,Rebamipide Tablets 100 mg,tablet,100 mg,50.00,false,false,PMBJP,10's,1,rebamipide,ok,true
PMBJP-2729,Risperidone 2mg Trihexyphenidyl 2 mg Tablets (mouth Dissolving ),tablet,2mg,10.00,false,false,PMBJP,10's,1,risperidone trihexyphenidyl,ok,true
PMBJP-2730,Risperidone 3mg Trihexyphenidyl 2 mg Tablets,tablet,3mg; 2 mg,0.00,false,false,PMBJP,10's,1,risperidone trihexyphenidyl,ok,false
PMBJP-2731,Rivaroxaban Tablet 15 mg,tablet,15 mg,125.00,false,false,PMBJP,14's,1,rivaroxaban,ok,true
PMBJP-2732,Rivaroxaban Tablet 2.5 mg,tablet,2.5 mg,45.00,false,false,PMBJP,14's,1,rivaroxaban,ok,true
PMBJP-2733,Rivastigmine Capsules 1.5mg,capsule,1.5mg,50.00,false,false,PMBJP,10's,1,rivastigmine,ok,true
PMBJP-2734,Rivastigmine Capsules 3mg,capsule,3mg,0.00,false,false,PMBJP,10's,1,rivastigmine,ok,false
PMBJP-2735,Rivastigmine Capsules 4.5 mg,capsule,4.5 mg,0.00,false,false,PMBJP,10's,1,rivastigmine,ok,false
PMBJP-2736,Rivastigmine Capsules 6 mg,capsule,6 mg,0.00,false,false,PMBJP,10's,1,rivastigmine,ok,false
PMBJP-2737,Rivastigmine Transdermal Patch 9mg (4.6mg/24 hour),patch,9mg; 4.6mg,0.00,false,false,PMBJP,30's in monocarton,1,rivastigmine,ok,false
PMBJP-2738,Rivastigmine Transdermal Patch 18mg (9.5mg/24 hour),patch,18mg; 9.5mg,0.00,false,false,PMBJP,30's in monocarton,1,rivastigmine,ok,false
PMBJP-2739,Rivastigmine Transdermal Patch 27mg (13.3mg/24 hour),patch,27mg; 13.3mg,0.00,false,false,PMBJP,30's in monocarton,1,rivastigmine,ok,false
PMBJP-2740,Rizatriptan Benzoate Orally Disintegrating Strips 5 mg,,5 mg,97.00,false,false,PMBJP,5's in Mono-carton,1,rizatriptan,ok,true
PMBJP-2741,Rizatriptan Benzoate Orally Disintegrating Strips 10 mg,,10 mg,160.00,false,false,PMBJP,5's in Mono-carton,1,rizatriptan,ok,true
PMBJP-2742,Romiplostim Powder and Solvent for solution for Injection 250mcg per 0.5 vial,injection,250mcg,0.00,true,false,PMBJP,Vial,2,romiplostim|solvent,ok,false
PMBJP-2743,Romiplostim Powder and Solvent for solution for Injection 500mcg per vial,injection,500mcg,0.00,true,false,PMBJP,Vial,2,romiplostim|solvent,ok,false
PMBJP-2744,Latanoprost Eye Drops IP 0.005% w/v (50mcg per ml),eye drops,0.005% w/v; 50mcg,200.00,false,false,PMBJP,3ml Drop,1,latanoprost,ok,true
PMBJP-2745,Sildenafil Orally Disintegrating Strips 100 mg,,100 mg,0.00,false,false,PMBJP,5's in mono-carton,1,sildenafil,ok,false
PMBJP-2746,"Sitagliptin 50mg, Glimepiride 1mg and Metformin Hydrochloride 1000mg Tablets",tablet,50mg; 1mg; 1000mg,62.00,true,false,PMBJP,10's,3,sitagliptin|glimepiride|metformin,ok,true
PMBJP-2747,"Sitagliptin 50mg, Glimepiride 2mg and Metformin Hydrochloride 1000mg Tablets",tablet,50mg; 2mg; 1000mg,65.00,true,false,PMBJP,10's,3,sitagliptin|glimepiride|metformin,ok,true
PMBJP-2748,Spironolactone Tablets IP 50 mg,tablet,50 mg,365.00,false,false,PMBJP,15's,1,spironolactone,ok,true
PMBJP-2749,Spironolactone Tablets IP 100mg,tablet,100mg,85.00,false,false,PMBJP,15's,1,spironolactone,ok,true
PMBJP-2750,Tadalafil Oral Disintegrating Strips 10 mg,,10 mg,10.00,false,false,PMBJP,1's,1,tadalafil,ok,true
PMBJP-2751,Tadalafil Oral Disintegrating Strips 20 mg,,20 mg,15.00,false,false,PMBJP,1's,1,tadalafil,ok,true
PMBJP-2752,Tadalafil Tablets IP 2.5 mg,tablet,2.5 mg,10.00,false,false,PMBJP,10's,1,tadalafil,ok,true
PMBJP-2753,Tadalafil Tablets IP 5 mg,tablet,5 mg,12.00,false,false,PMBJP,10's,1,tadalafil,ok,true
PMBJP-2754,Tadalafil Tablets IP 10 mg,tablet,10 mg,10.00,false,false,PMBJP,4's,1,tadalafil,ok,true
PMBJP-2755,"Teneligliptin 20mg, Dapagliflozin 10mg and Metformin Hydrochloride (Sustained Release) 1000mg Tablets",tablet,20mg; 10mg; 1000mg,50.00,true,false,PMBJP,10's,3,teneligliptin|dapagliflozin|metformin,ok,true
PMBJP-2756,"Teneligliptin 20mg, Dapagliflozin 10mg and Metformin Hydrochloride (Sustained Release) 500mg Tablets",tablet,20mg; 10mg; 500mg,45.00,true,false,PMBJP,10's,3,teneligliptin|dapagliflozin|metformin,ok,true
PMBJP-2757,Thyroxine Sodium Tablets IP 62.5mcg,tablet,62.5mcg,58.00,false,false,PMBJP,100's Bottle,1,levothyroxine,ok,true
PMBJP-2758,Torsemide 20 mg and Spironolactone 25 mg Tablets,tablet,20 mg; 25 mg,42.00,true,false,PMBJP,15's,2,torsemide|spironolactone,ok,true
PMBJP-2759,Torsemide 5 mg and Spironolactone 50 mg Tablets,tablet,5 mg; 50 mg,45.00,true,false,PMBJP,15's,2,torsemide|spironolactone,ok,true
PMBJP-2760,Trazodone Hydrochloride Tablets IP 100 mg,tablet,100 mg,50.00,false,false,PMBJP,10's,1,trazodone,ok,true
PMBJP-2761,Trazodone Hydrochloride Tablets IP 25 mg,tablet,25 mg,15.00,false,false,PMBJP,10's,1,trazodone,ok,true
PMBJP-2762,Trientine Hydrochloride Capsules 250 mg,capsule,250 mg,10914.00,false,false,PMBJP,100's in Bottle,1,trientine,ok,true
PMBJP-2763,Ubidecarenone (Co-enzyme Q10) Capsules 100 mg,capsule,100 mg,90.00,false,false,PMBJP,10's,1,ubidecarenone,residue,true
PMBJP-2764,Ubidecarenone (Co-enzyme Q10) Capsules 300 mg,capsule,300 mg,250.00,false,false,PMBJP,10's,1,ubidecarenone,residue,true
PMBJP-2765,Vancomycin Hydrochloride for Intravenous Infusion IP 1000 mg,injection,1000 mg,0.00,false,false,PMBJP,Vial,1,vancomycin,ok,false
PMBJP-2766,Vancomycin Hydrochloride Capsules IP 250mg,capsule,250mg,0.00,false,false,PMBJP,10's,1,vancomycin,ok,false
PMBJP-2767,Vasopressin injection IP 20IU,injection,20IU,80.00,false,false,PMBJP,1ml Ampoule,1,vasopressin,ok,true
PMBJP-2768,Vildagliptin 50mg and Dapagliflozin 5mg Tablets,tablet,50mg; 5mg,0.00,true,false,PMBJP,15's,2,vildagliptin|dapagliflozin,ok,false
PMBJP-2769,Vincristine Injection 1mg,injection,1mg,0.00,false,false,PMBJP,1ml Vial,1,vincristine,ok,false
PMBJP-2770,Zolpidem Tablets IP 5mg,tablet,5mg,10.00,false,false,PMBJP,10's,1,zolpidem,ok,true
PMBJP-2771,Fluconazole Tablets IP 50 mg,tablet,50 mg,8.00,false,false,PMBJP,4's,1,fluconazole,ok,true
PMBJP-2772,Fluconazole Tablets IP 200 mg,tablet,200 mg,24.00,false,false,PMBJP,4's,1,fluconazole,ok,true
PMBJP-2773,Fluconazole Tablets IP 400 mg,tablet,400 mg,10.00,false,false,PMBJP,1's,1,fluconazole,ok,true
PMBJP-2774,Fluconazole Injection 2mg per ml,injection,2mg,0.00,false,false,PMBJP,100ml Bottle,1,fluconazole,ok,false
PMBJP-2785,Abiraterone Acetate Tablets 500mg,tablet,500mg,0.00,false,false,PMBJP,60's bottle,1,abiraterone,ok,false
PMBJP-2786,Amlodipine + Enalapril Tablet (5/5 Mg),tablet,5 Mg,0.00,true,false,PMBJP,10's,2,amlodipine|enalapril,ok,false
PMBJP-2787,Amlodipine + Indapamide Tablet (5/1.5 Mg),tablet,1.5 Mg,0.00,true,false,PMBJP,10's,2,amlodipine|indapamide,ok,false
PMBJP-2788,Aspirin + Rosuvastatin + Clopidogrel Capsules (150/20/75 Mg),capsule,75 Mg,0.00,true,false,PMBJP,15's,3,acetylsalicylic acid|rosuvastatin|clopidogrel,ok,false
PMBJP-2789,Atenolol + Chlorthalidone Tablet (25/12.5 Mg),tablet,12.5 Mg,0.00,true,false,PMBJP,10's,2,atenolol|chlorthalidone,ok,false
PMBJP-2790,Atenolol + Chlorthalidone Tablet (50/12.5 Mg),tablet,12.5 Mg,0.00,true,false,PMBJP,10's,2,atenolol|chlorthalidone,ok,false
PMBJP-2791,Atenolol + Indapamide Tablet (50/2.5 Mg),tablet,2.5 Mg,0.00,true,false,PMBJP,10's,2,atenolol|indapamide,ok,false
PMBJP-2792,Atenolol + Losartan Tablet (50/50 Mg),tablet,50 Mg,0.00,true,false,PMBJP,10's,2,atenolol|losartan,ok,false
PMBJP-2793,Atenolol + Nifedipine Tablet (50/20 Mg),tablet,20 Mg,0.00,true,false,PMBJP,10's,2,atenolol|nifedipine,ok,false
PMBJP-2794,Atomoxetine Tablet (10 Mg),tablet,10 Mg,0.00,false,false,PMBJP,10's,1,atomoxetine,ok,false
PMBJP-2795,Azelaic Acid 20% Cream,cream,20%,0.00,false,false,PMBJP,15GM,1,azelaic acid,ok,false
PMBJP-2796,Benidipine + Telmisartan Tablet (4/40 Mg),tablet,40 Mg,0.00,true,false,PMBJP,15's,2,benidipine|telmisartan,ok,false
PMBJP-2797,Benzoyl Peroxide 5% Soap,soap,5%,0.00,false,false,PMBJP,75GM,1,benzoyl peroxide,ok,false
PMBJP-2798,Benzoyl Peroxide Gel 5%,gel,5%,0.00,false,false,PMBJP,15GM,1,benzoyl peroxide,ok,false
PMBJP-2799,Buspirone Tablet (10 Mg),tablet,10 Mg,0.00,false,false,PMBJP,10's,1,buspirone,ok,false
PMBJP-2800,Buspirone Tablet (5 Mg),tablet,5 Mg,0.00,false,false,PMBJP,10's,1,buspirone,ok,false
PMBJP-2801,Carbetocin Injection 100mcg /ml,injection,100mcg,0.00,false,false,PMBJP,1ML,1,carbetocin,ok,false
PMBJP-2802,Clonazepam + Propranolol Tablet (0.25/10 Mg),tablet,10 Mg,0.00,true,false,PMBJP,10's,2,clonazepam|propranolol,ok,false
PMBJP-2803,Clonazepam + Propranolol Tablet (0.25/20 Mg),tablet,20 Mg,0.00,true,false,PMBJP,10's,2,clonazepam|propranolol,ok,false
PMBJP-2804,Clonazepam + Propranolol Tablet (0.5/20 Mg),tablet,20 Mg,0.00,true,false,PMBJP,10's,2,clonazepam|propranolol,ok,false
PMBJP-2805,"Combo pack of Vitamin C Injection IP and Vitamin B12, Folic acid and Niacinamide injection",injection,,0.00,true,false,PMBJP,1's,3,ascorbic acid|vitamin b folic acid|niacinamide,ok,false
PMBJP-2806,Enzalutamide Tablet 40Mg,tablet,40Mg,0.00,false,false,PMBJP,28's in Bottle,1,enzalutamide,ok,false
PMBJP-2807,Filgrastim injection 300mcg,injection,300mcg,0.00,false,false,PMBJP,1ML Vial,1,filgrastim,ok,false
PMBJP-2808,Flecanide Tablets 100Mg,tablet,100Mg,0.00,false,false,PMBJP,10's,1,flecanide,ok,false
PMBJP-2809,Flecanide Tablets 50Mg,tablet,50Mg,0.00,false,false,PMBJP,10's,1,flecanide,ok,false
PMBJP-2810,Fluoxetine 10 Mg Tablet,tablet,10 Mg,0.00,false,false,PMBJP,10's,1,fluoxetine,ok,false
PMBJP-2811,Fluoxetine Capsules 60Mg,capsule,60Mg,0.00,false,false,PMBJP,10's,1,fluoxetine,ok,false
PMBJP-2812,Gliclazide + Pioglitazone + Metformin Tablet (30/15/500 Mg),tablet,500 Mg,0.00,true,false,PMBJP,10's,3,gliclazide|pioglitazone|metformin,ok,false
PMBJP-2813,Gliclazide + Pioglitazone + Metformin Tablet (60/15/500 Mg),tablet,500 Mg,0.00,true,false,PMBJP,10's,3,gliclazide|pioglitazone|metformin,ok,false
PMBJP-2814,Glycolic Acid Cream 12%,cream,12%,0.00,false,false,PMBJP,30GM,1,glycolic acid,ok,false
PMBJP-2815,Glycolic Acid Cream 6%,cream,6%,0.00,false,false,PMBJP,30GM,1,glycolic acid,ok,false
PMBJP-2816,Glycopyrrolate Tablet 1Mg,tablet,1Mg,0.00,false,false,PMBJP,10's,1,glycopyrrolate,ok,false
PMBJP-2817,Glycopyrrolate Tablet 2Mg,tablet,2Mg,0.00,false,false,PMBJP,10's,1,glycopyrrolate,ok,false
PMBJP-2818,Halobetasol & Fusidic Acid Cream 0.05/2%,cream,2%,0.00,true,false,PMBJP,10GM,2,halobetasol|fusidic acid,ok,false
PMBJP-2819,"Human Papillomavirus Quadrivalent (Types 6, 11, 16, And 18) Vaccine, Recombinant",,,0.00,true,false,PMBJP,0.5 ml in 1 prefilled syringe,2,human papillomavirus quadrivalent types|vaccine recombinant,ok,false
PMBJP-2820,Ibrutinib Capsule 140 Mg,capsule,140 Mg,0.00,false,false,PMBJP,30's in Bottle,1,ibrutinib,ok,false
PMBJP-2821,Imipramine + Diazepam Tablet (25/2 Mg),tablet,2 Mg,0.00,true,false,PMBJP,10's,2,imipramine|diazepam,ok,false
PMBJP-2822,Imipramine + Diazepam Tablet (25/5 Mg),tablet,5 Mg,0.00,true,false,PMBJP,10's,2,imipramine|diazepam,ok,false
PMBJP-2823,Testosterone Enanthate Injection 250mg per 1 ml,injection,250mg; 1 ml,0.00,false,false,PMBJP,1 ML,1,testosterone enanthate,ok,false
PMBJP-2824,Lenvatinib Capsules IP 4Mg,capsule,4Mg,0.00,false,false,PMBJP,10's bottle,1,lenvatinib,ok,false
PMBJP-2825,Levetiracetam Tablets IP 500 Mg XR,tablet,500 Mg,0.00,false,false,PMBJP,10's,1,levetiracetam xr,ok,false
PMBJP-2826,Losartan + Chlorthalidone Tablet (25/6.25 Mg),tablet,6.25 Mg,0.00,true,false,PMBJP,10's,2,losartan|chlorthalidone,ok,false
PMBJP-2827,Losartan + S- Amlodipine Tablet (50/2.5 Mg),tablet,2.5 Mg,0.00,true,false,PMBJP,10's,2,losartan|s-amlodipine,ok,false
PMBJP-2828,Melatonin + Zolpidem Tablet (3/10 Mg),tablet,10 Mg,0.00,true,false,PMBJP,10's,2,melatonin|zolpidem,ok,false
PMBJP-2829,Melatonin + Zolpidem Tablet (3/5 Mg),tablet,5 Mg,0.00,true,false,PMBJP,10's,2,melatonin|zolpidem,ok,false
PMBJP-2830,Methylphenidate Tablet 10Mg,tablet,10Mg,0.00,false,false,PMBJP,10's,1,methylphenidate,ok,false
PMBJP-2831,Methylphenidate Tablet 18Mg,tablet,18Mg,0.00,false,false,PMBJP,10's,1,methylphenidate,ok,false
PMBJP-2832,Methylphenidate Tablet 20Mg,tablet,20Mg,0.00,false,false,PMBJP,10's,1,methylphenidate,ok,false
PMBJP-2833,Methylphenidate Tablet 5Mg,tablet,5Mg,0.00,false,false,PMBJP,10's,1,methylphenidate,ok,false
PMBJP-2834,Metoprolol + Chlorthalidone Tablet (25/6.25 Mg),tablet,6.25 Mg,0.00,true,false,PMBJP,10's,2,metoprolol|chlorthalidone,ok,false
PMBJP-2835,Metoprolol + Chlorthalidone Tablet (50/12.5 Mg),tablet,12.5 Mg,0.00,true,false,PMBJP,10's,2,metoprolol|chlorthalidone,ok,false
PMBJP-2836,Metoprolol + Chlorthalidone Tablet (50/6.25 Mg),tablet,6.25 Mg,0.00,true,false,PMBJP,10's,2,metoprolol|chlorthalidone,ok,false
PMBJP-2837,Minoxidil 5Mg Tablet,tablet,5Mg,0.00,false,false,PMBJP,10's,1,minoxidil,ok,false
PMBJP-2838,Naltrexone 50Mg Tablets,tablet,50Mg,0.00,false,false,PMBJP,10's,1,naltrexone,ok,false
PMBJP-2839,Nimodipine Tablet (30 Mg),tablet,30 Mg,0.00,false,false,PMBJP,10's,1,nimodipine,ok,false
PMBJP-2840,Olmesartan + Amlodipine + Chlorthalidone Tablet (40/5/12.5 Mg),tablet,12.5 Mg,0.00,true,false,PMBJP,10's,3,olmesartan|amlodipine|chlorthalidone,ok,false
PMBJP-2841,Olmesartan + Metoprolol Tablet (20/25 Mg),tablet,25 Mg,0.00,true,false,PMBJP,10's,2,olmesartan|metoprolol,ok,false
PMBJP-2842,Olmesartan + Metoprolol Tablet (20/50 Mg),tablet,50 Mg,0.00,true,false,PMBJP,10's,2,olmesartan|metoprolol,ok,false
PMBJP-2843,Opipramol Dihydrochloride Tablets (50 Mg),tablet,50 Mg,0.00,false,false,PMBJP,10's,1,opipramol,ok,false
PMBJP-2844,Opipramol Tablet (50 Mg),tablet,50 Mg,0.00,false,false,PMBJP,10's,1,opipramol,ok,false
PMBJP-2845,Orlistat Capsules 60Mg,capsule,60Mg,0.00,false,false,PMBJP,10's,1,orlistat,ok,false
PMBJP-2846,Perampanel Tablet (2 Mg),tablet,2 Mg,0.00,false,false,PMBJP,10's,1,perampanel,ok,false
PMBJP-2847,Perampanel Tablet (4 Mg),tablet,4 Mg,0.00,false,false,PMBJP,10's,1,perampanel,ok,false
PMBJP-2848,Pioglitazone + Glimepiride Tablet (15/2 Mg),tablet,2 Mg,0.00,true,false,PMBJP,10's,2,pioglitazone|glimepiride,ok,false
PMBJP-2849,Polmacoxib 2 Mg Capsules,capsule,2 Mg,0.00,false,false,PMBJP,10's,1,polmacoxib,ok,false
PMBJP-2850,Rosuvastatin + Cholecalciferol Tablet (10 Mg/1000 IU),tablet,10 Mg; 1000 IU,0.00,true,false,PMBJP,10's,2,rosuvastatin|cholecalciferol,ok,false
PMBJP-2851,Rosuvastatin + Ezetimibe Tablet (10/ 10Mg),tablet,10Mg,0.00,true,false,PMBJP,10's,2,rosuvastatin|ezetimibe,ok,false
PMBJP-2852,Rosuvastatin + Ezetimibe Tablet (20/ 10Mg),tablet,10Mg,0.00,true,false,PMBJP,10's,2,rosuvastatin|ezetimibe,ok,false
PMBJP-2853,Rosuvastatin 20Mg And Clopidogrel 75Mg Capsules,capsule,20Mg; 75Mg,0.00,true,false,PMBJP,10's,2,rosuvastatin|clopidogrel,ok,false
PMBJP-2854,Safinamide Tablet (50 Mg),tablet,50 Mg,0.00,false,false,PMBJP,10's,1,safinamide,ok,false
PMBJP-2855,S-Amlodipine + Hydrochlorothiazide Tablet (2.5/12.5 Mg),tablet,12.5 Mg,0.00,true,false,PMBJP,10's,2,s-amlodipine|hydrochlorothiazide,ok,false
PMBJP-2856,Sitagliptin + Pioglitazone + Metformin Tablet (100/15/500 Mg),tablet,500 Mg,0.00,true,false,PMBJP,10's,3,sitagliptin|pioglitazone|metformin,ok,false
PMBJP-2857,S-Metoprolol + S-Amlodipine Tablet (25/2.5 Mg),tablet,2.5 Mg,0.00,true,false,PMBJP,10's,2,s-metoprolol|s-amlodipine,ok,false
PMBJP-2858,S-Metoprolol + S-Amlodipine Tablet (25/5 Mg),tablet,5 Mg,0.00,true,false,PMBJP,10's,2,s-metoprolol|s-amlodipine,ok,false
PMBJP-2859,S-Metoprolol + Telmisartan Tablet (25/ 20Mg),tablet,20Mg,0.00,true,false,PMBJP,10's,2,s-metoprolol|telmisartan,ok,false
PMBJP-2860,Telmisartan + Indapamide Tablet (40/1.5 Mg),tablet,1.5 Mg,0.00,true,false,PMBJP,10's,2,telmisartan|indapamide,ok,false
PMBJP-2861,Telmisartan + Rosuvastatin Tablet (40/10 Mg),tablet,10 Mg,0.00,true,false,PMBJP,10's,2,telmisartan|rosuvastatin,ok,false
PMBJP-2862,Telmisartan + S- Amlodipine Tablet (40/2.5 Mg),tablet,2.5 Mg,0.00,true,false,PMBJP,15's,2,telmisartan|s-amlodipine,ok,false
PMBJP-2863,Telmisartan + S- Amlodipine Tablet (40/5 Mg),tablet,5 Mg,0.00,true,false,PMBJP,15's,2,telmisartan|s-amlodipine,ok,false
PMBJP-2864,Tianeptine Tablet (12.5 Mg),tablet,12.5 Mg,0.00,false,false,PMBJP,10's,1,tianeptine,ok,false
PMBJP-2865,Tofisopam Tablet (50 Mg),tablet,50 Mg,0.00,false,false,PMBJP,10's,1,tofisopam,ok,false
PMBJP-2866,Trifluoperazine + Trihexyphenidyl Tablet (2.5/1 Mg),tablet,1 Mg,0.00,true,false,PMBJP,10's,2,trifluoperazine|trihexyphenidyl,ok,false
PMBJP-2867,Trifluoperazine + Trihexyphenidyl Tablet (5/2 Mg),tablet,2 Mg,0.00,true,false,PMBJP,10's,2,trifluoperazine|trihexyphenidyl,ok,false
PMBJP-2868,Voglibose + Metformin + Gliclazide Tablet (0.2/500/80 Mg),tablet,80 Mg,0.00,true,false,PMBJP,10's,3,voglibose|metformin|gliclazide,ok,false
PMBJP-2869,Voglibose + Metformin + Gliclazide Tablet (0.3/500/80 Mg),tablet,80 Mg,0.00,true,false,PMBJP,15's,3,voglibose|metformin|gliclazide,ok,false
PMBJP-2870,Cefepime 250 Mg Inection,,250 Mg,0.00,false,false,PMBJP,1.0 Injection in 1 vial,1,cefepime inection,ok,false
PMBJP-2871,Cefepime 1000Mg and Tazobactam 125Mg Injection,injection,1000Mg; 125Mg,0.00,true,false,PMBJP,1.0 Injection in 1 vial,2,cefepime|tazobactam,ok,false
PMBJP-2872,Ciclesonide (200Mcg) + Formoterol (6Mcg) + Tiotropium (9Mcg) Inhaler,inhaler,200Mcg; 6Mcg; 9Mcg,0.00,true,false,PMBJP,200 MDI in 1 packet,3,ciclesonide|formoterol|tiotropium,ok,false
PMBJP-2873,Dolutegravir (50 Mg) + Emtricitabine (200 Mg) + Tenofovir Alafenamide (25 Mg) Tablets,tablet,50 Mg; 200 Mg; 25 Mg,0.00,true,false,PMBJP,30's in Bottle,3,dolutegravir|emtricitabine|tenofovir alafenamide,ok,false
PMBJP-2874,Dolutegravir (50Mg) + Lamivudine (300Mg) + Tenofovir Disoproxil Fumarate (300Mg) Tablets,tablet,50Mg; 300Mg,0.00,true,false,PMBJP,30's in Bottle,3,dolutegravir|lamivudine|tenofovir disoproxil,ok,false
PMBJP-2875,Ketoprofen 30 Mg Patch,patch,30 Mg,0.00,false,false,PMBJP,7's pack,1,ketoprofen,ok,false
PMBJP-2876,Lamivudine 100 Mg Tablets,tablet,100 Mg,0.00,false,false,PMBJP,10's,1,lamivudine,ok,false
PMBJP-2877,Levetiracetam (100Mg) Injection,injection,100Mg,0.00,false,false,PMBJP,5.0 ml in 1 vial,1,levetiracetam,ok,false
PMBJP-2878,Levetiracetam 500 Mg Injection,injection,500 Mg,0.00,false,false,PMBJP,5.0 ml in 1 vial,1,levetiracetam,ok,false
PMBJP-2879,Magnesium Sulphate Injection 50%,injection,50%,0.00,false,false,PMBJP,2 ml/ 1 Vial,1,magnesium,ok,false
PMBJP-2880,Minocycline (100Mg) Modified Release Capsule,extended release capsule,100Mg,0.00,false,false,PMBJP,10's,1,minocycline,ok,false
PMBJP-2881,Minocycline (45Mg) Extended Release Tablet,extended release tablet,45Mg,0.00,false,false,PMBJP,10's,1,minocycline,ok,false
PMBJP-2882,Minocycline (50Mg) Tablet,tablet,50Mg,0.00,false,false,PMBJP,10's,1,minocycline,ok,false
PMBJP-2883,Minocycline (65Mg) Extended Release Tablet,extended release tablet,65Mg,0.00,false,false,PMBJP,10's,1,minocycline,ok,false
PMBJP-2884,Minocycline 100 Mg Tab,,100 Mg,0.00,false,false,PMBJP,10's,1,minocycline tab,ok,false
PMBJP-2885,Mosapride (5Mg) + Dimethicone (125Mg) Chewable Tablet,dispersible tablet,5Mg; 125Mg,0.00,true,false,PMBJP,10's,2,mosapride|dimethicone chewable,ok,false
PMBJP-2886,Mosapride Citrate 5 Mg Tablet,tablet,5 Mg,0.00,false,false,PMBJP,10's,1,mosapride,ok,false
PMBJP-2887,Nifedipine 5Mg Capsule,capsule,5Mg,0.00,false,false,PMBJP,10's,1,nifedipine,ok,false
PMBJP-2888,Olopatadine 5 Mg Tab,,5 Mg,0.00,false,false,PMBJP,10's,1,olopatadine tab,ok,false
PMBJP-2889,Pantoprazole (40 Mg) + Mosapride (15 Mg) Tablet,tablet,40 Mg; 15 Mg,0.00,true,false,PMBJP,10's,2,pantoprazole|mosapride,ok,false
PMBJP-2890,Phenobarbitone 200mg/1ml Injection,injection,200mg; 1ml,0.00,false,false,PMBJP,10 ml /vial,1,phenobarbital,ok,false
PMBJP-2891,Phenobarbitone Sodium 20mg per 5ml Syrup,syrup,20mg; 5ml,0.00,false,false,PMBJP,100 ml,1,phenobarbital,ok,false
PMBJP-2892,Prednisolone (15Mg/5Ml) Syrup,syrup,15Mg; 5Ml,0.00,false,false,PMBJP,60 ml / 1 Bottle,1,prednisolone,ok,false
PMBJP-2893,Prednisolone Dispersible Tablet (20Mg),dispersible tablet,20Mg,0.00,false,false,PMBJP,15's,1,prednisolone dispersible,ok,false
PMBJP-2894,Prednisolone Tablet (40Mg),tablet,40Mg,0.00,false,false,PMBJP,10's,1,prednisolone,ok,false
PMBJP-2895,Rabeprazole (20 Mg) + Mosapride (15Mg) Tablet,tablet,20 Mg; 15Mg,0.00,true,false,PMBJP,10's,2,rabeprazole|mosapride,ok,false
PMBJP-2896,Rupatadine (10Mg) + Montelukast (10Mg) Tablet,tablet,10Mg,0.00,true,false,PMBJP,10's,2,rupatadine|montelukast,ok,false
PMBJP-2897,Rupatadine 10 Mg Tab,,10 Mg,0.00,false,false,PMBJP,10's,1,rupatadine tab,ok,false
PMBJP-2898,Sumatriptan 50 Mg Tablets,tablet,50 Mg,0.00,false,false,PMBJP,10's,1,sumatriptan,ok,false
PMBJP-2899,Terazosin (1Mg) Tab,,1Mg,0.00,false,false,PMBJP,10's,1,terazosin tab,ok,false
PMBJP-2900,Terazosin (2Mg) Tab,,2Mg,0.00,false,false,PMBJP,10's,1,terazosin tab,ok,false
PMBJP-5001,Absorbent Cotton Wool IP 75 g,,75 g,29.00,false,true,PMBJP,1's,1,absorbent cotton wool,non_drug,true
PMBJP-5002,Absorbent Cotton Wool IP 200 g,,200 g,68.00,false,true,PMBJP,1's,1,absorbent cotton wool,non_drug,true
PMBJP-5003,Absorbent Cotton Wool IP 500 g,,500 g,172.00,false,true,PMBJP,1's,1,absorbent cotton wool,non_drug,true
PMBJP-5004,Crepe Bandage B.P. 15 cm x 4 M,,,55.00,false,true,PMBJP,1's,1,crepe bandage cm x m,non_drug,true
PMBJP-5005,Crepe Bandage B. P.10 cm x 4 M,,,36.00,false,true,PMBJP,1's,1,crepe bandage b p cm x m,non_drug,true
PMBJP-5006,Cotton Bandage 7.5 cm x 4 M,,,15.00,false,true,PMBJP,1's,1,cotton bandage cm x m,non_drug,true
PMBJP-5007,Cotton Bandage 10 cm x 4 M,,,20.00,false,true,PMBJP,1's,1,cotton bandage cm x m,non_drug,true
PMBJP-5008,Cotton Bandages(Non Sterile) 15 cm x 4 M,,,30.00,false,true,PMBJP,1's,1,cotton bandages cm x m,non_drug,true
PMBJP-5009,Janaushadhi Suraksha (Adhesive Bandages Washproof),,,1.00,false,false,PMBJP,1's,1,janaushadhi suraksha,residue,true
PMBJP-5010,Syringe 2 ml with needle 24G,,2 ml; 24G,25.00,true,true,PMBJP,1's,2,syringe|needle,non_drug,true
PMBJP-5011,Syringe 5 ml with needle 24G,,5 ml; 24G,3.00,true,true,PMBJP,1's,2,syringe|needle,non_drug,true
PMBJP-5012,Syringe 10 ml with needle 21G,,10 ml; 21G,45.00,true,true,PMBJP,1's,2,syringe|needle,non_drug,true
PMBJP-5013,Syringe 20 ml with needle 23G,,20 ml; 23G,9.00,true,true,PMBJP,1's,2,syringe|needle,non_drug,true
PMBJP-5014,Needle 16G,,16G,2.00,false,true,PMBJP,1's,1,needle,non_drug,true
PMBJP-5015,Needle 18G,,18G,15.00,false,true,PMBJP,1's,1,needle,non_drug,true
PMBJP-5016,Needle 23G,,23G,1.00,false,true,PMBJP,1's,1,needle,non_drug,true
PMBJP-5017,Needle 26G half inch,,26G,15.00,false,true,PMBJP,1's,1,needle half inch,non_drug,true
PMBJP-5019,Paper Adhesive Plaster 1 inch X 9m,,,25.00,false,true,PMBJP,1's,1,paper adhesive plaster inch x m,non_drug,true
PMBJP-5020,Paper Adhesive Plaster 2 inch X 9m,,,55.00,false,true,PMBJP,1's,1,paper adhesive plaster inch x m,non_drug,true
PMBJP-5021,Paper Adhesive Plaster 3 inch X 9m,,,80.00,false,true,PMBJP,1's,1,paper adhesive plaster inch x m,non_drug,true
PMBJP-5022,Plaster of Paris BP Bandages 15cm X 2.7m / Roll,,,85.00,false,true,PMBJP,1's,1,plaster paris bandages cm x m roll,non_drug,true
PMBJP-5023,Plaster of Paris BP Bandages 10cm X 2.7m / Roll,,,60.00,false,true,PMBJP,1's,1,plaster paris bandages cm x m roll,non_drug,true
PMBJP-5024,Scalp Vein Set (Disposable) (18G),,18G,7.00,false,true,PMBJP,1's,1,scalp vein set,non_drug,true
PMBJP-5025,Scalp Vein Set (Disposable) (20G),,20G,7.00,false,true,PMBJP,1's,1,scalp vein set,non_drug,true
PMBJP-5026,Scalp Vein Set (Disposable) (22G),,22G,7.00,false,true,PMBJP,1's,1,scalp vein set,non_drug,true
PMBJP-5027,Scalp Vein Set (Disposable) (24G),,24G,7.00,false,true,PMBJP,1's,1,scalp vein set,non_drug,true
PMBJP-5030,"Surgical Blade, No. 22, Sterilized",,,4.00,false,true,PMBJP,1's,1,surgical blade,non_drug,true
PMBJP-5033,"Surgical Blade, No. 15, Sterilized",,,4.00,false,true,PMBJP,1's,1,surgical blade,non_drug,true
PMBJP-5037,"I.V Cannula (Sterile, Disposable), 26 G",,26 G,17.00,false,true,PMBJP,1's pack,1,i cannula,non_drug,true
PMBJP-5039,Sterile Disposable Spinal Needle 22G x 3 ½ inch,,22G,55.00,false,true,PMBJP,1's,1,spinal needle x inch,non_drug,true
PMBJP-5040,Sterile Disposable Spinal Needle 25G x 3 ½ inch,,25G,55.00,false,true,PMBJP,1's,1,spinal needle x inch,non_drug,true
PMBJP-5041,"Urine Collecting Bag, Disposable, 2000ml",,2000ml,30.00,false,true,PMBJP,1's pack,1,urine collecting bag,non_drug,true
PMBJP-5046,"Endotracheal Tube Plain, Size 2.5, Sterile, Single use",,,35.00,false,true,PMBJP,1's,1,endotracheal plain,non_drug,true
PMBJP-5047,"Endotracheal Tube Plain, Size 3, Sterile, Single use",,,35.00,false,true,PMBJP,1's,1,endotracheal plain,non_drug,true
PMBJP-5048,"Endotracheal Tube Plain, Size 3.5, Sterile, Single use",,,35.00,false,true,PMBJP,1's,1,endotracheal plain,non_drug,true
PMBJP-5049,"Endotracheal Tube Plain, Size 4, Sterile, Single use",,,35.00,false,true,PMBJP,1's,1,endotracheal plain,non_drug,true
PMBJP-5050,"Endotracheal Tube Plain, Size 4.5, Sterile, Single use",,,35.00,false,true,PMBJP,1's,1,endotracheal plain,non_drug,true
PMBJP-5051,"Endotracheal Tube Plain, Size 5, Sterile, Single use",,,35.00,false,true,PMBJP,1's,1,endotracheal plain,non_drug,true
PMBJP-5052,"Endotracheal Tube Plain, Size 8.5, Sterile, Single use",,,40.00,false,true,PMBJP,1's,1,endotracheal plain,non_drug,true
PMBJP-5053,"Endotracheal Tube Cuffed, Size 4",,,80.00,false,true,PMBJP,1's,1,endotracheal cuffed,non_drug,true
PMBJP-5054,"Endotracheal Tube Cuffed, Size 4.5",,,75.00,false,true,PMBJP,1's,1,endotracheal cuffed,non_drug,true
PMBJP-5055,"Endotracheal Tube Cuffed, Size 5",,,70.00,false,true,PMBJP,1's,1,endotracheal cuffed,non_drug,true
PMBJP-5056,"Endotracheal Tube Cuffed, Size 6",,,70.00,false,true,PMBJP,1's,1,endotracheal cuffed,non_drug,true
PMBJP-5057,"Endotracheal Tube Cuffed, Size 6.5",,,70.00,false,true,PMBJP,1's,1,endotracheal cuffed,non_drug,true
PMBJP-5058,"Endotracheal Tube Cuffed, Size 7",,,70.00,false,true,PMBJP,1's,1,endotracheal cuffed,non_drug,true
PMBJP-5059,"Endotracheal Tube Cuffed, Size 7.5",,,70.00,false,true,PMBJP,1's,1,endotracheal cuffed,non_drug,true
PMBJP-5060,"Endotracheal Tube Cuffed, Size 8",,,70.00,false,true,PMBJP,1's,1,endotracheal cuffed,non_drug,true
PMBJP-5061,"Endotracheal Tube Cuffed, Size 8.5",,,70.00,false,true,PMBJP,1's,1,endotracheal cuffed,non_drug,true
PMBJP-5062,"Endotracheal Tube Cuffed, Size 9",,,70.00,false,true,PMBJP,1's,1,endotracheal cuffed,non_drug,true
PMBJP-5064,"Tracheostomy Tube (PVC), Sterilised, single use Size-24",,,220.00,false,false,PMBJP,1's,1,tracheostomy,ok,true
PMBJP-5065,"Abdominal Drainage Kit, Sterile (2000ml, 24 Graduate)",kit,2000ml,100.00,false,true,PMBJP,1's,1,abdominal drainage,non_drug,true
PMBJP-5066,"Abdominal Drainage Kit, Sterile (2000ml, 28 Graduate)",kit,2000ml,100.00,false,true,PMBJP,1's,1,abdominal drainage,non_drug,true
PMBJP-5067,Corrugated Drainage Sheet,,,26.00,false,true,PMBJP,1's,1,corrugated drainage sheet,non_drug,true
PMBJP-5070,Sterilized Umbilical Cotton Tape 3mm x 75cm,,,42.00,false,true,PMBJP,1's,1,umbilical cotton tape mm x cm,non_drug,true
PMBJP-5071,"Bone Wax, Sterilised",,,48.00,false,false,PMBJP,1's,1,bone wax,ok,true
PMBJP-5073,Crepe Bandage B.P. 6 cm x 4 M,,,24.00,false,true,PMBJP,1's,1,crepe bandage cm x m,non_drug,true
PMBJP-5077,Rapid Diagnostic Malaria Test Kit,kit,,27.00,false,true,PMBJP,1's mono-carton,1,rapid diagnostic malaria test,non_drug,true
PMBJP-5078,Dengue Test Kit,kit,,45.00,false,true,PMBJP,1's mono-carton,1,dengue test,non_drug,true
PMBJP-5079,Janaushadhi Ankur (HCG- Pregnancy Test Kit),kit,,20.00,false,true,PMBJP,1's,1,janaushadhi ankur,non_drug,true
PMBJP-5083,Ear buds 100% Cotton,,100%,25.00,false,true,PMBJP,100 swab,1,ear buds cotton,non_drug,true
PMBJP-5094,Sterile Gauze Pad size 2X2,,,7.00,false,true,PMBJP,1's,1,gauze pad x,non_drug,true
PMBJP-5095,Sterile Gauze Pad size 3X3,,,8.00,false,true,PMBJP,1's,1,gauze pad x,non_drug,true
PMBJP-5096,Sterile Gauze Pad size 4X4,,,9.00,false,true,PMBJP,1's,1,gauze pad x,non_drug,true
PMBJP-5097,Alcohol Swab (Spirit Swab),,,1.00,false,false,PMBJP,1's,1,alcohol swab,ok,true
PMBJP-6001,"Surgical Rubber Gloves-Disposable, Sterile, 6.5 inch",,,20.00,false,true,PMBJP,PAIR,1,surgical rubber gloves- inch,non_drug,true
PMBJP-6002,"Surgical Rubber Gloves-Disposable, Sterile, 7 inch",,,20.00,false,true,PMBJP,PAIR,1,surgical rubber gloves- inch,non_drug,true
PMBJP-6003,"Surgical Rubber Gloves-Disposable, Sterile, 7.5 inch",,,20.00,false,true,PMBJP,PAIR,1,surgical rubber gloves- inch,non_drug,true
PMBJP-6004,"Surgical Rubber Gloves-Disposable, Sterile, 8 inch",,,20.00,false,true,PMBJP,PAIR,1,surgical rubber gloves- inch,non_drug,true
PMBJP-6006,"Rubber Examination Gloves, Non-sterile (Small)",,,35.00,false,true,PMBJP,1's,1,rubber examination gloves non,non_drug,true
PMBJP-6007,"Rubber Examination Gloves, Non-sterile (Medium)",,,385.00,false,true,PMBJP,1's,1,rubber examination gloves non,non_drug,true
PMBJP-6009,"Surgical Cap, Disposable(for Surgeons/Nurses)",,,2.00,false,true,PMBJP,1's,1,surgical cap,non_drug,true
PMBJP-6010,Suction Catheter FG 5,,,14.00,false,true,PMBJP,1's,1,suction catheter fg,non_drug,true
PMBJP-6011,"Suction Catheter FG (6), 50 cm, Sterilized",,,7.00,false,true,PMBJP,1's,1,suction catheter fg cm,non_drug,true
PMBJP-6012,"Suction Catheter FG (8), 50 cm, Sterilized",,,7.00,false,true,PMBJP,1's,1,suction catheter fg cm,non_drug,true
PMBJP-6013,"Suction Catheter FG (10), 50 cm, Sterilized",,,8.00,false,true,PMBJP,1's,1,suction catheter fg cm,non_drug,true
PMBJP-6014,"Suction Catheter FG (12), 50 cm, Sterilized",,,8.00,false,true,PMBJP,1's,1,suction catheter fg cm,non_drug,true
PMBJP-6015,"Suction Catheter FG (14), 50 cm, Sterilized",,,9.00,false,true,PMBJP,1's,1,suction catheter fg cm,non_drug,true
PMBJP-6016,"Suction Catheter FG (16), 50 cm, Sterilized",,,10.00,false,true,PMBJP,1's,1,suction catheter fg cm,non_drug,true
PMBJP-6017,"Suction Catheter FG (18), 50 cm, Sterilized",,,10.00,false,true,PMBJP,1's,1,suction catheter fg cm,non_drug,true
PMBJP-6018,"Suction Catheter FG (20), 50 cm, Sterilized",,,11.00,false,true,PMBJP,1's,1,suction catheter fg cm,non_drug,true
PMBJP-6020,"Sterile Catheter Single Use for Urinary Drainage (Foley Balloon Catheter), 2 way (8FG)",,,65.00,false,true,PMBJP,1's,1,catheter urinary drainage way,non_drug,true
PMBJP-6021,"Sterile Catheter Single Use for Urinary Drainage (Foley Balloon Catheter), 2 way (10FG)",,,65.00,false,true,PMBJP,1's,1,catheter urinary drainage way,non_drug,true
PMBJP-6022,"Sterile Catheter Single Use for Urinary Drainage (Foley Balloon Catheter), 2 way (16FG)",,,40.00,false,true,PMBJP,1's,1,catheter urinary drainage way,non_drug,true
PMBJP-6023,"Sterile Catheter Single Use for Urinary Drainage (Foley Balloon Catheter), 2 way (18FG)",,,40.00,false,true,PMBJP,1's,1,catheter urinary drainage way,non_drug,true
PMBJP-6024,"Sterile Catheter Single Use for Urinary Drainage (Foley Balloon Catheter), 2 way (20FG)",,,40.00,false,true,PMBJP,1's,1,catheter urinary drainage way,non_drug,true
PMBJP-6025,"Sterile Catheter Single Use for Urinary Drainage (Foley Balloon Catheter), 2 way (22FG)",,,40.00,false,true,PMBJP,1's,1,catheter urinary drainage way,non_drug,true
PMBJP-6026,"Sterile Catheter Single Use for Urinary Drainage (Foley Balloon Catheter), 2 way (24FG)",,,40.00,false,true,PMBJP,1's,1,catheter urinary drainage way,non_drug,true
PMBJP-6027,"Infant Feeding Tube, Sterile (Size-10 Fg, length 50 cm)",,,10.00,false,true,PMBJP,1's,1,infant feeding,non_drug,true
PMBJP-6028,"Infant Feeding Tube, Sterile (Size-8 Fg, length 50 cm)",,,10.00,false,true,PMBJP,1's,1,infant feeding,non_drug,true
PMBJP-6029,"Infant Feeding Tube, Sterile (Size-5 Fg, length 50 cm)",,,10.00,false,true,PMBJP,1's,1,infant feeding,non_drug,true
PMBJP-6030,Sterile Disposable Perfusion set with airway and needle adult use 150cm long smooth kink resist,,,13.00,true,true,PMBJP,1's,2,perfusion set airway|needle adult cm long smooth kink resist,non_drug,true
PMBJP-6031,Sterile Disposable Infusion set with Microdrip (I.V.) (Pediatric use),injection,,55.00,false,true,PMBJP,1's,1,set microdrip,non_drug,true
PMBJP-6032,Sterile Disposable Infusion set with Microdrip (I.V.) (Adult use),injection,,15.00,false,true,PMBJP,1's,1,set microdrip,non_drug,true
PMBJP-6033,Insulin Syringe (40 units) with 30G needle,,40 units; 30G,5.00,true,true,PMBJP,1's,2,insulin syringe|needle,non_drug,true
PMBJP-6035,"I.V Cannula (Sterile, Disposable), 18 G",,18 G,15.00,false,true,PMBJP,1's,1,i cannula,non_drug,true
PMBJP-6036,"I.V Cannula (Sterile, Disposable), 20 G",,20 G,15.00,false,true,PMBJP,1's,1,i cannula,non_drug,true
PMBJP-6037,"I.V Cannula (Sterile, Disposable), 22 G",,22 G,15.00,false,true,PMBJP,1's,1,i cannula,non_drug,true
PMBJP-6038,"I.V Cannula (Sterile, Disposable), 24 G",,24 G,15.00,false,true,PMBJP,1's,1,i cannula,non_drug,true
PMBJP-6039,"Nasal Oxygen Cannula set, Twin bore (Adult)",,,30.00,false,true,PMBJP,1's,1,oxygen cannula set twin bore,non_drug,true
PMBJP-6040,"Absorbent Gelatin Sponge, Sterilized (80mm x 50mm x 10mm)",,,100.00,false,false,PMBJP,1's,1,absorbent gelatin sponge,ok,true
PMBJP-6042,Blood Transfusion Set with Filter 170 Micron,,,18.00,false,true,PMBJP,1's,1,blood transfusion set filter micron,non_drug,true
PMBJP-6045,Ryles Tube/Nasogastric Tube (Size 10),,,11.00,false,true,PMBJP,1's,1,ryles nasogastric,non_drug,true
PMBJP-6046,Ryles Tube/Nasogastric Tube (Size 12),,,11.00,false,true,PMBJP,1's,1,ryles nasogastric,non_drug,true
PMBJP-6047,Ryles Tube/Nasogastric Tube (Size 14),,,11.00,false,true,PMBJP,1's,1,ryles nasogastric,non_drug,true
PMBJP-6048,Ryles Tube/Nasogastric Tube (Size 16),,,11.00,false,true,PMBJP,1's,1,ryles nasogastric,non_drug,true
PMBJP-6049,Ryles Tube/Nasogastric Tube (Size 18),,,11.00,false,true,PMBJP,1's,1,ryles nasogastric,non_drug,true
PMBJP-6050,Knee Cap (Small),,,120.00,false,true,PMBJP,Pair,1,knee cap,non_drug,true
PMBJP-6051,Knee Cap (Medium),,,120.00,false,true,PMBJP,Pair,1,knee cap,non_drug,true
PMBJP-6052,Knee Cap (Large),,,120.00,false,true,PMBJP,Pair,1,knee cap,non_drug,true
PMBJP-7001,Hot Water Bag (Small),,,160.00,false,true,PMBJP,1's,1,hot water bag,non_drug,true
PMBJP-8001,"Chromic Suture (3/8 Cir Rb Needle 40mm, Length 76 cm)",,,45.00,false,true,PMBJP,1's,1,chromic suture,non_drug,true
PMBJP-8002,"Chromic Suture (1/2 Cir Rb Needle 20mm, Length 76 cm)",,,80.00,false,true,PMBJP,1's,1,chromic suture,non_drug,true
PMBJP-8003,"Chromic Suture (1/2 Cir Rb Needle 30mm, Length 76 cm)",,,45.00,false,true,PMBJP,1's,1,chromic suture,non_drug,true
PMBJP-8005,"Chromic Suture (1/2 Cir Rb Needle 40mm, Length 76 cm)",,,45.00,false,true,PMBJP,1's,1,chromic suture,non_drug,true
PMBJP-8006,"Chromic Suture (3/8 Cir Rb Needle 30mm, Length 76 cm)",,,45.00,false,true,PMBJP,1's,1,chromic suture,non_drug,true
PMBJP-8007,"Chromic Suture (1/2 Cir Rb Needle 45mm, Length 100 cm)",,,50.00,false,true,PMBJP,1's,1,chromic suture,non_drug,true
PMBJP-8012,"Surgical Suture (Absorbable, Synthetic) 1/2 Cir Rb, Niddle 20mm, Length 70cm",,,50.00,false,true,PMBJP,1's,1,surgical suture cir rb niddle mm length cm,non_drug,true
PMBJP-8013,"Surgical Suture (Absorbable, Synthetic) 1/2 Cir Rb, Niddle 30mm, Length 90cm, USP-2/0",,,45.00,false,true,PMBJP,1's,1,surgical suture cir rb niddle mm length cm,non_drug,true
PMBJP-8014,"Surgical Suture (Absorbable, Synthetic) 1/2 Cir Rb, Niddle 30mm, Length 90cm, USP-1/0",,,55.00,false,true,PMBJP,1's,1,surgical suture cir rb niddle mm length cm,non_drug,true
PMBJP-8015,"Surgical Suture (Absorbable, Synthetic) 1/2 Cir Rb, Tapercut Niddle 40mm, Length 90cm",,,235.00,false,true,PMBJP,1's,1,surgical suture cir rb tapercut niddle mm length cm,non_drug,true
PMBJP-8019,"Surgical Suture (Absorbable, Synthetic) 1/2 Cir Rb, Niddle 40mm, Length 90cm, USP-2/0",,,235.00,false,true,PMBJP,1's,1,surgical suture cir rb niddle mm length cm,non_drug,true
PMBJP-8021,"Surgical Suture (Absorbable, Synthetic) 3/8 Cir Rb, cutting Niddle 22mm, Length 45cm",,,40.00,false,true,PMBJP,1's,1,surgical suture cir rb cutting niddle mm length cm,non_drug,true
PMBJP-8022,"Surgical Suture (Absorbable, Synthetic) 1/2 Cir Rb, Niddle 20mm, Length 70cm, USP 4/0",,,45.00,false,true,PMBJP,1's,1,surgical suture cir rb niddle mm length cm,non_drug,true
PMBJP-8023,"Silk Suture (1/2 Cir Rb needle 20mm, Length 76 cm), USP-3/0",,,30.00,false,true,PMBJP,1's,1,silk suture,non_drug,true
PMBJP-8024,"Silk Suture (3/8 Circle Reverse cutting needle 26mm, Length 76 cm), Silk Suture (3/8 Circle Reverse cutting needle 26mm, Length 76 cm), USP3/0",,,30.00,false,true,PMBJP,1's,1,silk suture silk suture,non_drug,true
PMBJP-8025,"Silk Suture (3/8 Circle Reverse cutting needle 45mm, Length 76 cm), USP 2/0",,,30.00,false,true,PMBJP,1's,1,silk suture,non_drug,true
PMBJP-8026,"Silk Suture (3/8 Cir Rb needle 20mm, Length 76 cm) USP 2/0,",,,55.00,false,true,PMBJP,1's,1,silk suture,non_drug,true
PMBJP-8027,"Silk Suture (3/8 Cir Rb needle 16mm, Length 76 cm), USP 4/0",,,35.00,false,true,PMBJP,1's,1,silk suture,non_drug,true
PMBJP-8028,"Polyamide (3/8 Cir Micropoint Spatulated,6mm,length 38 Cm) size 8/0",,,350.00,false,false,PMBJP,1's,1,polyamide,ok,true
PMBJP-8029,"Polyamide (3/8 Conventional Cutting Needle 16mm Length 70 cm), USP 3/0",,,30.00,false,true,PMBJP,1's,1,polyamide,non_drug,true
PMBJP-8030,"Polyamide (3/8 Conventional Cutting Needle 19mm Length 60 cm), Polyamide (3/8 Conventional Cutting Needle 19mm Length 60 cm), USP 4/0",,,60.00,false,true,PMBJP,1's,1,polyamide polyamide,non_drug,true
PMBJP-8031,"Polyamide (3/8 Cir Slim Blade Cutting Needle 15mm, Length 70 Cm)size 5/0",,,70.00,false,true,PMBJP,1's,1,polyamide,non_drug,true
PMBJP-8032,"Polyamide (3/8 R Cutting Needle 45mm, Length 70 Cm.)size 2./0",,,28.00,false,true,PMBJP,1's,1,polyamide,non_drug,true
PMBJP-8034,"Polyamide (3/8 Cutting Edge Needle, Double Arms Needle 6 mm, Suture Length 35-42 Cm Size 10/0",,,430.00,false,true,PMBJP,1's,1,polyamide cutting edge needle double arms needle mm suture length - cm,non_drug,true
PMBJP-8035,"Polypropylene Suture (1/2 Cir Rb, 13mm Needle, Suture Length 75cm, double arm), USP 5/0",,,200.00,false,true,PMBJP,1's,1,polypropylene suture,non_drug,true
PMBJP-8036,"Polypropylene Suture (3/8 Cir Rb, 8mm Needle, Suture Length 60cm), USP 7/0",,,120.00,false,true,PMBJP,1's,1,polypropylene suture,non_drug,true
PMBJP-8038,"Polypropylene Suture (3/8 Cir Rb, 16mm Needle, Suture Length 70cm), USP 5/0",,,45.00,false,true,PMBJP,1's,1,polypropylene suture,non_drug,true
PMBJP-8039,"Polypropylene Suture (1/2 Cir Rb, 30mm Needle, Suture Length 90cm), USP 2/0",,,50.00,false,true,PMBJP,1's,1,polypropylene suture,non_drug,true
PMBJP-8040,"Polypropylene Suture (1/2 Cir Rb, 45mm Needle, Suture Length 90cm), Polypropylene Suture (1/2 Cir Rb, 45mm Needle, Suture Length 90cm), USP 1",,,60.00,false,true,PMBJP,1's,1,polypropylene suture polypropylene suture,non_drug,true
PMBJP-8041,"Polypropylene Suture (1/2 Cir Rb, 17mm Needle, Suture Length 90cm), USP 4/0",,,50.00,false,true,PMBJP,1's,1,polypropylene suture,non_drug,true
PMBJP-8042,"Polypropylene Suture (1/2 Tapercut, 17mm Double Needle, Suture Length 70cm), USP3/0",,,85.00,false,true,PMBJP,1's,1,polypropylene suture,non_drug,true
PMBJP-8043,"Polypropylene Suture (1/2 Cir Rb, 25mm Needle, Suture Length 90cm), USP 3/0",,,50.00,false,true,PMBJP,1's,1,polypropylene suture,non_drug,true
PMBJP-8044,"Polypropylene Suture (1/2 Cir Rb, 30mm Needle, Suture Length 90cm) double arm, USP 1/0",,,70.00,false,true,PMBJP,1's,1,polypropylene suture double arm,non_drug,true
PMBJP-8045,"Polypropylene Suture (1/2 Tapercut, 17mm Double Needle, Suture Length 75cm) double arm, USP 5/0",,,260.00,false,true,PMBJP,1's,1,polypropylene suture double arm,non_drug,true
PMBJP-8046,"Polypropylene Suture (1/2 Tapercut, 25mm Double Needle, Suture Length 90cm) double arm, USP 1/0",,,215.00,false,true,PMBJP,1's,1,polypropylene suture double arm,non_drug,true
PMBJP-8048,"Polypropylene Suture (3/8 Cir Rb, 13mm Needle, Suture Length 90cm) double arm, USP 6/0",,,245.00,false,true,PMBJP,1's,1,polypropylene suture double arm,non_drug,true
PMBJP-8051,"Polypropylene Suture (1/2 Cir Rb, 40mm Needle, Suture Length 90cm), USP 1",,,55.00,false,true,PMBJP,1's,1,polypropylene suture,non_drug,true
PMBJP-8052,"Polypropylene Suture (1/2 Cir Rb, Reverse Cutting, 45mm Needle, Suture Length 100cm), USP 1",,,55.00,false,true,PMBJP,1's,1,polypropylene suture,non_drug,true
PMBJP-8053,"Polypropylene Suture (3/8 Cir Rb 8mm Double Needle, Suture Length 70cm), USP 8/0",,,120.00,false,true,PMBJP,1's,1,polypropylene suture,non_drug,true
PMBJP-8055,"Polypropylene Suture (1/2 Cir Rb 13mm Needle, Suture Length 70cm, double arm), USP 6/0",,,255.00,false,true,PMBJP,1's,1,polypropylene suture,non_drug,true
PMBJP-8056,"Polypropylene Suture (1/2 Circle, Tapercut, 17mm Needle, Suture Length 90cm, double arm), USP 3/0",,,70.00,false,true,PMBJP,1's,1,polypropylene suture,non_drug,true
PMBJP-8057,"Polypropylene Suture (1/2 Cir Rb, 25mm Needle, Suture Length 75cm, double arm), USP 3/0",,,65.00,false,true,PMBJP,1's,1,polypropylene suture,non_drug,true
PMBJP-8058,"Polybutylate / Silicon Coated Polyster Braided Green / Blue (1/2 Cir Tapercut, 17 Mm Double Needle, Suture Length 75 Cm)size 4/0",,,85.00,false,true,PMBJP,1's,1,polybutylate silicon coated polyster braided green blue,non_drug,true
PMBJP-8059,"Polybutylate Coated Polyster Braided White (1/2 Cir Tapercut, 17 Mm Double Needle, Suture Length 90 Cm)size 2/0",,,85.00,false,true,PMBJP,1's,1,polybutylate coated polyster braided white,non_drug,true
PMBJP-8060,"Polybutylate / Silicon Coated Polyster Braided Green / Blue (1/2 Cir Tapercut,17 Mm Double Needle, Suture Length 90 Cm)size 2/0,",,,85.00,false,true,PMBJP,1's,1,polybutylate silicon coated polyster braided green blue,non_drug,true
PMBJP-8061,"Polybutylate Coated with Polyster Braided (green/ Blue) 1/2 Circle Tapercut, 17mm Double Armed Needle, Suture Length of 90cm with Pledgets Size 6 x 3 x 1.5mm",,,255.00,false,true,PMBJP,1's,1,polybutylate coated polyster braided circle tapercut mm double armed needle suture length cm pledgets x x mm,non_drug,true
PMBJP-8062,"Polybutylate Coated with Polyster Braided (green/ Blue) 1/2 Circle Tapercut, 25mm Double Armed Needle, Suture Length of 90cm with Pledgets Size 6 x 3 x 1.5mm",,,255.00,false,true,PMBJP,1's,1,polybutylate coated polyster braided circle tapercut mm double armed needle suture length cm pledgets x x mm,non_drug,true
PMBJP-8066,"Polyglecaprone/Polyglyconate Suture (1/2 Circle Cutting 16mm Needle, Suture length 70cm), USP 4/0",,,140.00,false,true,PMBJP,1's,1,polyglecaprone polyglyconate suture,non_drug,true
PMBJP-8067,"Polyglecaprone/Polyglyconate Suture (3/8 Circle Cutting 25mm Needle, Suture length 70cm), USP 3/0",,,65.00,false,true,PMBJP,1's,1,polyglecaprone polyglyconate suture,non_drug,true
PMBJP-8078,Skin Grafting Knife Blade (Sterile),,,90.00,false,true,PMBJP,1's,1,skin grafting knife blade,non_drug,true
PMBJP-8080,"Surgical Face Mask, Disposable",,,2.00,false,true,PMBJP,1's,1,surgical face mask,non_drug,true
PMBJP-8082,Umbilical Catheter (For New Born),,,60.00,false,true,PMBJP,1's,1,umbilical catheter,non_drug,true
PMBJP-8087,Automatic Snap-Out Folding Walking Cane Stick with Adjustable Length,,,0.00,false,true,PMBJP,1's,1,automatic snap-out folding walking cane stick adjustable length,non_drug,false
PMBJP-8088,Walking Stick Tripod,,,540.00,false,true,PMBJP,1's,1,walking stick tripod,non_drug,true
PMBJP-8089,"Abdominal Belt Velcro, Cream color (Large)",cream,,240.00,false,true,PMBJP,1's,1,abdominal belt velcro color,non_drug,true
PMBJP-8090,"Abdominal Belt Velcro, Cream color (Small)",cream,,240.00,false,true,PMBJP,1's,1,abdominal belt velcro color,non_drug,true
PMBJP-8091,"Abdominal Belt Velcro, Cream color (Medium)",cream,,240.00,false,true,PMBJP,1's,1,abdominal belt velcro color,non_drug,true
PMBJP-8092,"Abdominal Belt Velcro, Cream color (XL)",cream,,250.00,false,true,PMBJP,1's,1,abdominal belt velcro color,non_drug,true
PMBJP-8093,"Abdominal Belt Velcro, Cream color (XXL)",cream,,250.00,false,true,PMBJP,1's,1,abdominal belt velcro color,non_drug,true
PMBJP-8099,Cervical Collar (Small),,,120.00,false,true,PMBJP,1's,1,cervical collar,non_drug,true
PMBJP-8100,Cervical Collar (Medium),,,120.00,false,true,PMBJP,1's,1,cervical collar,non_drug,true
PMBJP-8101,Cervical Collar (Large),,,120.00,false,true,PMBJP,1's,1,cervical collar,non_drug,true
PMBJP-8102,Cervical Collar (Extra Large),,,120.00,false,true,PMBJP,1's,1,cervical collar,non_drug,true
PMBJP-8103,Thumb and Wrist brace (Small),,,90.00,true,true,PMBJP,1's,2,thumb|wrist brace,non_drug,true
PMBJP-8104,Thumb and Wrist brace (Medium),,,90.00,true,true,PMBJP,1's,2,thumb|wrist brace,non_drug,true
PMBJP-8105,Thumb and Wrist brace (Large),,,90.00,true,true,PMBJP,1's,2,thumb|wrist brace,non_drug,true
PMBJP-8106,Thumb and Wrist brace (Extra Large),,,90.00,true,true,PMBJP,1's,2,thumb|wrist brace,non_drug,true
PMBJP-8107,Janaushadhi Swabhiman (Adult Diaper (Medium)),,,130.00,false,true,PMBJP,5's,1,janaushadhi swabhiman adult diaper,non_drug,true
PMBJP-8108,Janaushadhi Swabhiman (Adult Diaper (Large)),,,140.00,false,true,PMBJP,5's,1,janaushadhi swabhiman adult diaper,non_drug,true
PMBJP-8109,Janaushadhi Swabhiman (Adult Diaper (XL)),,,160.00,false,true,PMBJP,5's,1,janaushadhi swabhiman adult diaper,non_drug,true
PMBJP-8110,Janaushadhi Bachpan (Baby Diaper (Small)),,,30.00,false,true,PMBJP,5's,1,janaushadhi bachpan baby diaper,non_drug,true
PMBJP-8111,Janaushadhi Bachpan (Baby Diaper (New Born)),,,30.00,false,true,PMBJP,5's,1,janaushadhi bachpan baby diaper,non_drug,true
PMBJP-8113,Hernia Belt (Small),,,180.00,false,true,PMBJP,1's mono-carton,1,hernia belt,non_drug,true
PMBJP-8114,Knee Brace Belt (Medium),,,525.00,false,true,PMBJP,1's mono-carton,1,knee brace belt,non_drug,true
PMBJP-8115,Knee Brace Belt (Large),,,525.00,false,true,PMBJP,1's mono-carton,1,knee brace belt,non_drug,true
PMBJP-8116,IV Cannula Fixator (Medium 6cm x 5cm),,,10.00,false,true,PMBJP,1's pack,1,iv cannula fixator,non_drug,true
PMBJP-8117,"Cervical Pillow (polyester, PU foam)",,,500.00,false,true,PMBJP,1's mono-carton,1,cervical pillow,non_drug,true
PMBJP-8120,"Lancets, Round Sterile, 28G",,28G,40.00,false,false,PMBJP,50 pcs/Box,1,lancets round,ok,true
PMBJP-8121,Glucometer Test Strip,,,225.00,false,true,PMBJP,25 Strips,1,glucometer test,non_drug,true
PMBJP-8122,"GLUCOMETER DIGITAL (1 glucometer, 25 strips, 25 lancets,1 lancing device,1 battery 3V, Warranty card)",,,525.00,false,true,PMBJP,1 Kit,1,glucometer digital,non_drug,true
PMBJP-8123,Adhesive Surgical Paper Tape Size 5cmx5m,,,26.00,false,true,PMBJP,1's,1,adhesive surgical paper tape cmx m,non_drug,true
PMBJP-8124,Adhesive Surgical Paper Tape Size 2.5cmx5m,,,13.00,false,true,PMBJP,1's,1,adhesive surgical paper tape cmx m,non_drug,true
PMBJP-8125,Adhesive Surgical Paper Tape Size 1.25cmx5m,,,7.00,false,true,PMBJP,1's,1,adhesive surgical paper tape cmx m,non_drug,true
PMBJP-8126,Pollution Control Mask/Nanofiber Mask: made up of high efficiency nanofiber material with non ret,,,60.00,false,true,PMBJP,1's Monopack,1,pollution control mask nanofiber mask made up high efficiency nanofiber material non ret,non_drug,true
PMBJP-8127,Nebulizer Mask with Tubing,inhaler,,60.00,false,true,PMBJP,1's pack,1,mask tubing,non_drug,true
PMBJP-8128,Medical Digital Thermometer,,,100.00,false,true,PMBJP,1's mono-carton,1,medical digital thermometer,non_drug,true
PMBJP-8130,Manual breast pump,,,600.00,false,true,PMBJP,1's Monopack,1,manual breast pump,non_drug,true
PMBJP-8131,Plastic Urine Pot collector (For both Male & Female),,,50.00,true,true,PMBJP,1's,2,plastic urine pot collector both male|female,non_drug,true
PMBJP-8132,Plastic Bedpan,,,70.00,false,false,PMBJP,1's,1,plastic bedpan,ok,true
PMBJP-8133,Digital Blood Pressure Instrument ( 100% mercury free),,100%,1000.00,false,true,PMBJP,1's Monopack,1,digital blood pressure instrument,non_drug,true
PMBJP-8134,Ice bag,,,20.00,false,true,PMBJP,1's,1,ice bag,non_drug,true
PMBJP-8135,Breathing Exerciser (3 Chambers),,,160.00,false,false,PMBJP,1's Monopack,1,breathing exerciser,ok,true
PMBJP-8136,Elecrical Nebulizer Machine,inhaler,,1180.00,false,true,PMBJP,1's Monopack,1,elecrical machine,non_drug,true
PMBJP-8140,Janaushadhi Suvidha (Oxo- Biodegradable Sanitary Napkins Regular Size with wings),,,4.00,false,true,PMBJP,Pack of 4 Sanitary Napkins,1,janaushadhi suvidha,non_drug,true
PMBJP-8141,Janaushadhi Suvidha (Oxo-Biodegradable Sanitary Napkins Large Size with wings),,,12.00,false,true,PMBJP,Pack of 4 Sanitary Napkins,1,janaushadhi suvidha,non_drug,true
PMBJP-8142,Janaushadhi Suvidha (Oxo-Biodegradable Sanitary Napkins Extra Large (XL) Size with wings),,,15.00,false,true,PMBJP,Pack of 4 Sanitary Napkins,1,janaushadhi suvidha oxo-biodegradable sanitary napkins extra large wings,non_drug,true
PMBJP-8145,Janaushadhi Suvidha (Oxo-Biodegradable Sanitary Napkin regular size with wings),,,10.00,false,true,PMBJP,Pack of 10 Sanitary Napkins,1,janaushadhi suvidha,non_drug,true
PMBJP-8146,Baby Feeding Bottle 250 ml,,250 ml,45.00,false,true,PMBJP,1's mono-carton,1,baby feeding,non_drug,true
PMBJP-8147,N-95 Mask with Expiratory Valve,,,30.00,false,true,PMBJP,1's Mono-pack,1,n-mask expiratory valve,non_drug,true
PMBJP-8148,N-95 Mask without Expiratory Valve,,,25.00,false,true,PMBJP,1's Mono-pack,1,n-mask without expiratory valve,non_drug,true
PMBJP-8150,3-way stopcock with 10 cm extension line,,,30.00,false,true,PMBJP,1's,1,way stopcock cm extension line,non_drug,true
PMBJP-8151,"Adhesive wound dressings, 25cm x 10cm",,,20.00,false,true,PMBJP,1's,1,adhesive wound dressings cm x cm,non_drug,true
PMBJP-8153,"Arm Sling Pouch (Large), Grey",,,130.00,false,true,PMBJP,1's,1,arm sling pouch grey,non_drug,true
PMBJP-8154,"Arm Sling Pouch (Medium), Grey",,,130.00,false,true,PMBJP,1's,1,arm sling pouch grey,non_drug,true
PMBJP-8155,Baby Wipes (Pack of 20 wipes),,,45.00,false,false,PMBJP,Pack of 20 wipes,1,baby wipes,ok,true
PMBJP-8156,Bed Bath Towel,,,55.00,false,true,PMBJP,1's,1,bed bath towel,non_drug,true
PMBJP-8158,Chlorhexidine Gauze Dressing B.P 10cmx10cm (Sterile),,,12.00,false,true,PMBJP,1 pc in a pack,1,chlorhexidine gauze dressing cmx cm,non_drug,true
PMBJP-8160,Disposable Plastic Hand Gloves (Free size),,,3.00,false,true,PMBJP,Pair,1,plastic hand gloves,non_drug,true
PMBJP-8161,Elastic gauze bandages 10cm,,,190.00,false,true,PMBJP,1's,1,elastic gauze bandages cm,non_drug,true
PMBJP-8162,Elastic gauze bandages 7.5cm,,,150.00,false,true,PMBJP,1's,1,elastic gauze bandages cm,non_drug,true
PMBJP-8167,Karman cannula 4 mm,,,40.00,false,true,PMBJP,1's,1,karman cannula mm,non_drug,true
PMBJP-8168,Lumbar Spinal Brace (Grey),,,770.00,false,true,PMBJP,1's,1,lumbar spinal brace,non_drug,true
PMBJP-8169,Magnetic Posture Corrector Back Support Belt - Posture Fit,,,580.00,false,true,PMBJP,1's,1,magnetic posture corrector back support belt - posture fit,non_drug,true
PMBJP-8172,Pulse Oximeter,,,495.00,false,true,PMBJP,1's,1,pulse oximeter,non_drug,true
PMBJP-8177,Specican 30 ml,,30 ml,8.00,false,false,PMBJP,1's,1,specican,ok,true
PMBJP-8178,Surgical Cap,,,3.00,false,true,PMBJP,1's,1,surgical cap,non_drug,true
PMBJP-8179,Surgical shoe cap,,,4.00,false,true,PMBJP,1's,1,surgical shoe cap,non_drug,true
PMBJP-8181,Transparent film dressings (Sterile) 10cm X 12cm,,,65.00,false,true,PMBJP,1's,1,transparent film dressings cm x cm,non_drug,true
PMBJP-8182,Vein Compression Stocking Knee length (Extra Large),,,130.00,false,true,PMBJP,1's,1,vein compression stocking knee length,non_drug,true
PMBJP-8183,Vein Compression Stocking Knee length (Large),,,140.00,false,true,PMBJP,1's,1,vein compression stocking knee length,non_drug,true
PMBJP-8184,Vein Compression Stocking Knee length (Medium),,,140.00,false,true,PMBJP,1's,1,vein compression stocking knee length,non_drug,true
PMBJP-8185,Vein Compression Stocking Knee length (Small),,,140.00,false,true,PMBJP,1's,1,vein compression stocking knee length,non_drug,true
PMBJP-8186,Vein Compression Stocking Knee length (XXL),,,140.00,false,true,PMBJP,1's,1,vein compression stocking knee length,non_drug,true
PMBJP-8187,Vein Compression Stocking Thigh length (Extra Large),,,170.00,false,true,PMBJP,1's,1,vein compression stocking thigh length,non_drug,true
PMBJP-8188,Vein Compression Stocking Thigh length (Large),,,170.00,false,true,PMBJP,1's,1,vein compression stocking thigh length,non_drug,true
PMBJP-8189,Vein Compression Stocking Thigh length (Medium),,,170.00,false,true,PMBJP,1's,1,vein compression stocking thigh length,non_drug,true
PMBJP-8190,Vein Compression Stocking Thigh length (Small),,,170.00,false,true,PMBJP,1's,1,vein compression stocking thigh length,non_drug,true
PMBJP-8191,Vein Compression Stocking Thigh length (XXL),,,180.00,false,true,PMBJP,1's,1,vein compression stocking thigh length,non_drug,true
PMBJP-8192,Zig zag cotton,,,506.00,false,true,PMBJP,100 gm,1,zig zag cotton,non_drug,true
PMBJP-8193,Covid 19 Self-Testing Kit (ICMR Approved),kit,,210.00,false,false,PMBJP,One in Monopack,1,covid self-testing,ok,true
PMBJP-8194,Cotton Balls,,,96.00,false,true,PMBJP,Pack of 100 in a Zip Lock Bag,1,cotton balls,non_drug,true
PMBJP-8195,Cotton Pads (Round),,,0.00,false,true,PMBJP,Pack of 50 in a Zip Lock Bag,1,cotton pads,non_drug,false
PMBJP-8196,Heating Pad (Electrical),,,0.00,false,false,PMBJP,1’s in Mono Carton,1,heating pad,ok,false
PMBJP-8197,Exercise Ball (Universal Size),,,0.00,false,false,PMBJP,1’s in Mono Carton,1,exercise ball,ok,false
PMBJP-8198,Maternity Sanitary Pads,,,65.00,false,true,PMBJP,Pack of 5 Napkins,1,maternity sanitary pads,non_drug,true
PMBJP-8199,Janaushadhi Suvidha (Oxo-Biodegradable Sanitary Napkins Regular Size With Wings),,,5.00,false,true,PMBJP,Pack of 5 Sanitary Napkins,1,janaushadhi suvidha,non_drug,true
PMBJP-9000,Reusable Menstrual Cup (Small),,,175.00,false,true,PMBJP,One in Mono-Pack,1,reusable menstrual cup,non_drug,true
PMBJP-9001,Reusable Menstrual Cup (Medium),,,180.00,false,true,PMBJP,One in Mono-Pack,1,reusable menstrual cup,non_drug,true
PMBJP-9002,Reusable Menstrual Cup (Large),,,185.00,false,true,PMBJP,One in Mono-Pack,1,reusable menstrual cup,non_drug,true
PMBJP-9003,Female Natural Latex Condom,,,115.00,false,true,PMBJP,Three in Mono-Pack,1,female natural latex condom,non_drug,true
PMBJP-9004,Janaushadhi Kavach (Male Latex Condom (Plain)),,,12.00,false,true,PMBJP,Three in Mono-Pack,1,janaushadhi kavach male latex condom,non_drug,true
PMBJP-9005,Janaushadhi Kavach (Male Latex Condom (Extra Thin)),,,12.00,false,true,PMBJP,Three in Mono-Pack,1,janaushadhi kavach male latex condom,non_drug,true
PMBJP-9006,Janaushadhi Kavach (Male Latex Condom (Normal Dot)),,,12.00,false,true,PMBJP,Three in Mono-Pack,1,janaushadhi kavach male latex condom,non_drug,true
PMBJP-9007,Janaushadhi Kavach (Male Latex Condom (1740 Dot)),,,15.00,false,true,PMBJP,Three in Mono-Pack,1,janaushadhi kavach male latex condom,non_drug,true
PMBJP-9008,Janaushadhi Kavach (Male Latex Condom (Ribbed)),,,15.00,false,true,PMBJP,Three in Mono-Pack,1,janaushadhi kavach male latex condom,non_drug,true
PMBJP-9009,Janaushadhi Kavach (Male Latex Condom (Three In One)),,,12.00,false,true,PMBJP,Three in Mono-Pack,1,janaushadhi kavach male latex condom,non_drug,true
PMBJP-9010,Medicated Corn Remover,,,0.00,false,true,PMBJP,Four Strips in Mono-Pack,1,medicated corn remover,non_drug,false
PMBJP-9011,Perforated Plaster,,,0.00,false,true,PMBJP,Five in Mono-Pack,1,perforated plaster,non_drug,false
PMBJP-9012,Lumbo-Sacral Support Belt (Waist and Back Support) (Small),,,370.00,true,true,PMBJP,One in Mono-Pack,2,lumbo-sacral support belt waist|back support,non_drug,true
PMBJP-9013,Lumbo-Sacral Support Belt (Waist and Back Support) (Medium),,,375.00,true,true,PMBJP,One in Mono-Pack,2,lumbo-sacral support belt waist|back support,non_drug,true
PMBJP-9014,Lumbo-Sacral Support Belt (Waist and Back Support) (Large),,,380.00,true,true,PMBJP,One in Mono-Pack,2,lumbo-sacral support belt waist|back support,non_drug,true
PMBJP-9015,Lumbo-Sacral Support Belt (Waist and Back Support) (Extra Large),,,385.00,true,true,PMBJP,One in Mono-Pack,2,lumbo-sacral support belt waist|back support,non_drug,true
PMBJP-9016,Lumbo-Sacral Support Belt (Waist and Back Support) (Double Extra Large),,,390.00,true,true,PMBJP,One in Mono-Pack,2,lumbo-sacral support belt waist|back support,non_drug,true
PMBJP-9017,Anklet (Tubular Support) (Small),,,150.00,false,true,PMBJP,Pair in Mono-Pack,1,anklet,non_drug,true
PMBJP-9018,Anklet (Tubular Support) (Medium),,,150.00,false,true,PMBJP,Pair in Mono-Pack,1,anklet,non_drug,true
PMBJP-9019,Anklet (Tubular Support) (Large),,,155.00,false,true,PMBJP,Pair in Mono-Pack,1,anklet,non_drug,true
PMBJP-9020,Anklet (Tubular Support) (Extra Large),,,155.00,false,true,PMBJP,Pair in Mono-Pack,1,anklet,non_drug,true
PMBJP-9021,Elbow Support (Small),,,140.00,false,true,PMBJP,Pair in Mono-Pack,1,elbow support,non_drug,true
PMBJP-9022,Elbow Support (Medium),,,140.00,false,true,PMBJP,Pair in Mono-Pack,1,elbow support,non_drug,true
PMBJP-9023,Elbow Support (Large),,,150.00,false,true,PMBJP,Pair in Mono-Pack,1,elbow support,non_drug,true
PMBJP-9024,Elbow Support (Extra Large),,,150.00,false,true,PMBJP,Pair in Mono-Pack,1,elbow support,non_drug,true
PMBJP-9025,Combined Dressing Pad (10X10Cm),,,30.00,false,true,PMBJP,Five in Mono-Pack X 100,1,combined dressing pad,non_drug,true
PMBJP-9026,Combined Dressing Pad (10X20Cm),,,45.00,false,true,PMBJP,Five in Mono-Pack,1,combined dressing pad,non_drug,true
PMBJP-9027,Microfine/Hypodermic Needle for Insulin Pen Sterile Single-Use Needle for Insulin Pen Needles Measurement,,,0.00,false,true,PMBJP,Ten in Mono-Pack,1,microfine hypodermic needle insulin pen single- needle insulin pen needles measurement,non_drug,false
PMBJP-9028,Medical Steam Vaporizer,,,250.00,false,true,PMBJP,One in Mono-Pack,1,medical steam vaporizer,non_drug,true
PMBJP-9029,Digital Weighing Scale,,,0.00,false,true,PMBJP,One in Mono-Pack,1,digital weighing scale,non_drug,false
PMBJP-9030,Janaushadhi Suvidha (Oxo- Biodegradable Sanitary Napkins Regular Size with Wings),,,30.00,false,true,PMBJP,Pack of 10 Sanitary Napkins,1,janaushadhi suvidha,non_drug,true
PMBJP-9031,Janaushadhi Bachpan (Baby Diaper; Pant Style; Small (3Kg - 8Kg)),,3Kg; 8Kg,90.00,false,true,PMBJP,10's in Mono-Pack,1,janaushadhi bachpan baby diaper pant style small,non_drug,true
PMBJP-9032,Janaushadhi Bachpan (Baby Diaper; Pant Style; Medium (6Kg - 11Kg)),,6Kg; 11Kg,100.00,false,true,PMBJP,10's in Mono-Pack,1,janaushadhi bachpan baby diaper pant style medium,non_drug,true
PMBJP-9033,Janaushadhi Bachpan (Baby Diaper; Pant Style; Large (9Kg - 13Kg)),,9Kg; 13Kg,145.00,false,true,PMBJP,10's in Mono-Pack,1,janaushadhi bachpan baby diaper pant style large,non_drug,true
PMBJP-9034,Janaushadhi Swabhiman (Adult Diaper; Pant Style Small; Waist Size: 28 inch - 35 inch),,,0.00,false,true,PMBJP,10's in Mono-Pack,1,janaushadhi swabhiman,non_drug,false
PMBJP-9035,Janaushadhi Swabhiman (Adult Diaper; Pant Style Medium; Waist Size: 28 inch - 45 inch),,,370.00,false,true,PMBJP,10's in Mono-Pack,1,janaushadhi swabhiman,non_drug,true
PMBJP-9036,Janaushadhi Swabhiman (Adult Diaper; Pant Style Large; Waist Size: 38 inch - 54 inch),,,405.00,false,true,PMBJP,10's in Mono-Pack,1,janaushadhi swabhiman,non_drug,true
PMBJP-9037,Janaushadhi Swabhiman (Adult Diaper; Pant Style Extra Large; Waist Size: 48 inch - 65 inch),,,0.00,false,true,PMBJP,10's in Mono-Pack,1,janaushadhi swabhiman,non_drug,false
PMBJP-9038,Janaushadhi Bachpan (Baby Diaper; Pant Style; New Born (2Kg - 5Kg)),,2Kg; 5Kg,85.00,false,true,PMBJP,10's in Mono-Pack,1,janaushadhi bachpan baby diaper pant style new born,non_drug,true
PMBJP-9039,Knee Cap with patellar ring (Large),,,0.00,false,true,PMBJP,1's pair in sealed poly pack and in Mono-carton,1,knee cap patellar ring,non_drug,false
PMBJP-9040,Knee Cap with Patellar Ring (Medium),,,0.00,false,true,PMBJP,1's pair in sealed poly pack and in Mono-carton,1,knee cap patellar ring,non_drug,false
PMBJP-9041,Knee Cap with Patellar Ring (Small),,,0.00,false,true,PMBJP,1's pair in sealed poly pack and in Mono-carton,1,knee cap patellar ring,non_drug,false
PMBJP-9042,Nebulizer Mask with Tubing (Child),inhaler,,0.00,false,true,PMBJP,1's pack in sealed poly pack,1,mask tubing,non_drug,false
PMBJP-9043,Walker (Sit Assist-to-stand support),,,0.00,false,true,PMBJP,1's in sealed poly pack,1,walker,non_drug,false
PMBJP-9044,Elbow Crutch (Adjustable),,,0.00,false,true,PMBJP,1's in sealed poly pack,1,elbow crutch,non_drug,false
PMBJP-9045,Insulin/Medicine Cooling Case,,,0.00,false,true,PMBJP,"1 Cooling Case, 2 unit Gel Cool Pack, 1 Unit Insulin Pen Folder and 1 Carry Bag",1,insulin medicine cooling case,non_drug,false
PMBJP-9046,Cervical Collar - Hard,,,0.00,false,true,PMBJP,1's,1,cervical collar - hard,non_drug,false
PMBJP-9047,Range of Motion - Knee Brace,,,0.00,false,true,PMBJP,1's,1,range motion - knee brace,non_drug,false
PMBJP-9048,Range of Motion - Elbow Brace,,,0.00,false,true,PMBJP,1's,1,range motion - elbow brace,non_drug,false
PMBJP-9049,Disposable Maternity Pad Fixator,,,0.00,false,true,PMBJP,5's in a pack,1,maternity pad fixator,non_drug,false
PMBJP-9050,Non-Woven Adhesive Wound Dressing,,,0.00,false,true,PMBJP,3's in a pack,1,non-woven adhesive wound dressing,non_drug,false
PMBJP-9051,Finger Saperator - Hand,,,0.00,false,true,PMBJP,1 pair,1,finger saperator - hand,non_drug,false
PMBJP-9052,Finger Saperator - Feet,,,0.00,false,true,PMBJP,1 pair,1,finger saperator - feet,non_drug,false
PMBJP-9053,Cervical Collar - Hard (large),,,0.00,false,true,PMBJP,One in Mono-Carton,1,cervical collar - hard,non_drug,false
PMBJP-9054,Disposable Maternity Pad Fixator (Extra Large),,,0.00,false,true,PMBJP,5's in a pack,1,maternity pad fixator,non_drug,false
PMBJP-9055,Hydrophillic Foam Silver Wound Dressing (Non-Adhesive) 5cm x 5cm,,,0.00,false,true,PMBJP,Pack of 5 pcs,1,hydrophillic silver wound dressing cm x cm,non_drug,false
PMBJP-9056,Fibrin Sealant Kit I.P. (2inch X 4 inch),kit,,0.00,false,false,PMBJP,Pack of 2,1,fibrin sealant,ok,false
PMBJP-9057,Disposable Under Sheet,,,0.00,false,false,PMBJP,Pack of 10 pcs,1,under sheet,ok,false
PMBJP-9058,Foldable Commode Stool (U - Shape),,,0.00,false,true,PMBJP,One in Mono-Carton,1,foldable commode stool,non_drug,false
PMBJP-9059,Pregnancy Back Support Belt,,,0.00,false,true,PMBJP,One in Mono-Carton,1,pregnancy back support belt,non_drug,false
PMBJP-9060,Reinforced Adhesive Skin Closures,,,0.00,false,true,PMBJP,1/4 inch x 4 in 10 strips pack,1,reinforced adhesive skin closures,non_drug,false
PMBJP-9061,Foot Elevator Pillow with Adjustable Hook and Loop,,,0.00,true,true,PMBJP,One in Mono-Carton,2,foot elevator pillow adjustable hook|loop,non_drug,false
PMBJP-9062,Elastic Net Fixator Bandage,,,0.00,false,true,PMBJP,2 cm X 3 m in Monopack,1,elastic net fixator bandage,non_drug,false
PMBJP-9063,Elastic Net Fixator Bandage,,,0.00,false,true,PMBJP,3 cm X 3 m in Monopack,1,elastic net fixator bandage,non_drug,false
PMBJP-9064,Elastic Net Fixator Bandage,,,0.00,false,true,PMBJP,4 cm X 3 m in Monopack,1,elastic net fixator bandage,non_drug,false
PMBJP-9065,Elastic Net Fixator Bandage,,,0.00,false,true,PMBJP,5 cm X 3 m in Monopack,1,elastic net fixator bandage,non_drug,false
PMBJP-9066,Ankle binder Support (Medium),,,0.00,false,true,PMBJP,One in Mono-Carton,1,ankle binder support,non_drug,false
PMBJP-9067,Ankle binder Support (Large),,,0.00,false,true,PMBJP,One in Mono-Carton,1,ankle binder support,non_drug,false
