molecule_or_normalized_string,dosage_form_strength,ceiling_price,nlem_section,source_url_or_document,source_date,medicine_raw,unit_pack_size,so_no,date_of_notification,pdf_page,is_fdc,matches_pmbjp_molecule
halothane,Inhalation 1 ml,6.5,1.1.1,"Compendium-Prices-2022pdf-464b22085495ff4e3f8700c0e00cf45d.pdf -- NPPA, ""Compendium of Ceiling Prices of Scheduled Drugs as on 10.08.2022"", Schedule-I / NLEM 2015",2022-08-10,Halothane,1 ml,1499(E),30.03.2022,3,false,false
isoflurane,Inhalation 1 ml,11.61,1.1.2,"Compendium-Prices-2022pdf-464b22085495ff4e3f8700c0e00cf45d.pdf -- NPPA, ""Compendium of Ceiling Prices of Scheduled Drugs as on 10.08.2022"", Schedule-I / NLEM 2015",2022-08-10,Isoflurane,1 ml,1499(E),30.03.2022,3,false,false
ketamine,Injection 10 mg/ml 1 ml,11.76,1.1.3,"Compendium-Prices-2022pdf-464b22085495ff4e3f8700c0e00cf45d.pdf -- NPPA, ""Compendium of Ceiling Prices of Scheduled Drugs as on 10.08.2022"", Schedule-I / NLEM 2015",2022-08-10,Ketamine,1 ml,1499(E),30.03.2022,3,false,false
ketamine,Injection 50 mg/ml 1 ml,11.61,1.1.3,"Compendium-Prices-2022pdf-464b22085495ff4e3f8700c0e00cf45d.pdf -- NPPA, ""Compendium of Ceiling Prices of Scheduled Drugs as on 10.08.2022"", Schedule-I / NLEM 2015",2022-08-10,Ketamine,1 ml,1499(E),30.03.2022,3,false,false
nitrous oxide,Inhalation Cubic Meter,259.43,1.1.4,"Compendium-Prices-2022pdf-464b22085495ff4e3f8700c0e00cf45d.pdf -- NPPA, ""Compendium of Ceiling Prices of Scheduled Drugs as on 10.08.2022"", Schedule-I / NLEM 2015",2022-08-10,Nitrous oxide,Cubic Meter,1499(E),30.03.2022,3,false,false
oxygen,Inhalation (Medicinal gas),,1.1.5,"Compendium-Prices-2022pdf-464b22085495ff4e3f8700c0e00cf45d.pdf -- NPPA, ""Compendium of Ceiling Prices of Scheduled Drugs as on 10.08.2022"", Schedule-I / NLEM 2015",2022-08-10,Oxygen,Ceiling Prices fixed,,,3,false,false
propofol,Injection 10 mg/ml 1 ml,8.02,1.1.6,"Compendium-Prices-2022pdf-464b22085495ff4e3f8700c0e00cf45d.pdf -- NPPA, ""Compendium of Ceiling Prices of Scheduled Drugs as on 10.08.2022"", Schedule-I / NLEM 2015",2022-08-10,Propofol,1 ml,1499(E),30.03.2022,3,false,true
sevoflurane,Inhalation 1 ml,33.21,1.1.7,"Compendium-Prices-2022pdf-464b22085495ff4e3f8700c0e00cf45d.pdf -- NPPA, ""Compendium of Ceiling Prices of Scheduled Drugs as on 10.08.2022"", Schedule-I / NLEM 2015",2022-08-10,Sevoflurane,1 ml,1499(E),30.03.2022,3,false,false
thiopental,Powder for Injection 0.5 g Each Pack,45.23,1.1.8,"Compendium-Prices-2022pdf-464b22085495ff4e3f8700c0e00cf45d.pdf -- NPPA, ""Compendium of Ceiling Prices of Scheduled Drugs as on 10.08.2022"", Schedule-I / NLEM 2015",2022-08-10,Thiopentone,Each Pack,1499(E),30.03.2022,3,false,false
thiopental,Powder for Injection 1 g Each Pack,54.87,1.1.8,"Compendium-Prices-2022pdf-464b22085495ff4e3f8700c0e00cf45d.pdf -- NPPA, ""Compendium of Ceiling Prices of Scheduled Drugs as on 10.08.2022"", Schedule-I / NLEM 2015",2022-08-10,Thiopentone,Each Pack,1499(E),30.03.2022,3,false,false
bupivacaine,Injection 0.25% 1 ml,2.72,1.2.1,"Compendium-Prices-2022pdf-464b22085495ff4e3f8700c0e00cf45d.pdf -- NPPA, ""Compendium of Ceiling Prices of Scheduled Drugs as on 10.08.2022"", Schedule-I / NLEM 2015",2022-08-10,Bupivacaine,1 ml,1499(E),30.03.2022,3,false,true
bupivacaine,Injection 0.5% 1 ml,4.35,1.2.1,"Compendium-Prices-2022pdf-464b22085495ff4e3f8700c0e00cf45d.pdf -- NPPA, ""Compendium of Ceiling Prices of Scheduled Drugs as on 10.08.2022"", Schedule-I / NLEM 2015",2022-08-10,Bupivacaine,1 ml,1499(E),30.03.2022,3,false,true
bupivacaine,Injection 0.5% with 7.5% glucose 1 ml,6.89,1.2.1,"Compendium-Prices-2022pdf-464b22085495ff4e3f8700c0e00cf45d.pdf -- NPPA, ""Compendium of Ceiling Prices of Scheduled Drugs as on 10.08.2022"", Schedule-I / NLEM 2015",2022-08-10,Bupivacaine,1 ml,1499(E),30.03.2022,3,false,true
lidocaine,Topical forms 2-5% 1 gm or 1 ml,1.20,1.2.2,"Compendium-Prices-2022pdf-464b22085495ff4e3f8700c0e00cf45d.pdf -- NPPA, ""Compendium of Ceiling Prices of Scheduled Drugs as on 10.08.2022"", Schedule-I / NLEM 2015",2022-08-10,Lignocaine,1 gm or 1 ml,1499(E),30.03.2022,3,false,true
lidocaine,Injection 1% Each Pack,8.82,1.2.2,"Compendium-Prices-2022pdf-464b22085495ff4e3f8700c0e00cf45d.pdf -- NPPA, ""Compendium of Ceiling Prices of Scheduled Drugs as on 10.08.2022"", Schedule-I / NLEM 2015",2022-08-10,Lignocaine,Each Pack,1499(E),30.03.2022,3,false,true
lidocaine,Injection 2% 1 ml,1.10,1.2.2,"Compendium-Prices-2022pdf-464b22085495ff4e3f8700c0e00cf45d.pdf -- NPPA, ""Compendium of Ceiling Prices of Scheduled Drugs as on 10.08.2022"", Schedule-I / NLEM 2015",2022-08-10,Lignocaine,1 ml,1499(E),30.03.2022,3,false,true
lidocaine,Injection 5% with 7.5% Glucose 1 ml,4.09,1.2.2,"Compendium-Prices-2022pdf-464b22085495ff4e3f8700c0e00cf45d.pdf -- NPPA, ""Compendium of Ceiling Prices of Scheduled Drugs as on 10.08.2022"", Schedule-I / NLEM 2015",2022-08-10,Lignocaine,1 ml,1499(E),30.03.2022,3,false,true
lidocaine|epinephrine,Injection 1% (A) + 1:200000 (5 mcg/ml) (B) 1 ml,0.50,1.2.3,"Compendium-Prices-2022pdf-464b22085495ff4e3f8700c0e00cf45d.pdf -- NPPA, ""Compendium of Ceiling Prices of Scheduled Drugs as on 10.08.2022"", Schedule-I / NLEM 2015",2022-08-10,Lignocaine (A) + Adrenaline (B),1 ml,1499(E),30.03.2022,3,true,true
lidocaine|epinephrine,Injection 2% (A) + 1:200000 (5 mcg/ml) (B) 1 ml,1.02,1.2.3,"Compendium-Prices-2022pdf-464b22085495ff4e3f8700c0e00cf45d.pdf -- NPPA, ""Compendium of Ceiling Prices of Scheduled Drugs as on 10.08.2022"", Schedule-I / NLEM 2015",2022-08-10,Lignocaine (A) + Adrenaline (B),1 ml,1499(E),30.03.2022,3,true,true
prilocaine|lidocaine,Cream 2.5% (A) + 2.5% (B) 1 gm,22.71,1.2.4,"Compendium-Prices-2022pdf-464b22085495ff4e3f8700c0e00cf45d.pdf -- NPPA, ""Compendium of Ceiling Prices of Scheduled Drugs as on 10.08.2022"", Schedule-I / NLEM 2015",2022-08-10,Prilocaine (A) + Lignocaine (B),1 gm,1499(E),30.03.2022,3,true,true
atropine,Injection 0.6 mg/ml 1 ml,4.65,1.3.1,"Compendium-Prices-2022pdf-464b22085495ff4e3f8700c0e00cf45d.pdf -- NPPA, ""Compendium of Ceiling Prices of Scheduled Drugs as on 10.08.2022"", Schedule-I / NLEM 2015",2022-08-10,Atropine,1 ml,1499(E),30.03.2022,3,false,true
glycopyrrolate,Injection 0.2 mg/ml 1 ml,13.65,1.3.2,"Compendium-Prices-2022pdf-464b22085495ff4e3f8700c0e00cf45d.pdf -- NPPA, ""Compendium of Ceiling Prices of Scheduled Drugs as on 10.08.2022"", Schedule-I / NLEM 2015",2022-08-10,Glycopyrrolate,1 ml,1499(E),30.03.2022,3,false,true
midazolam,Tablet 7.5 mg 1 Tablet,24.92,1.3.3,"Compendium-Prices-2022pdf-464b22085495ff4e3f8700c0e00cf45d.pdf -- NPPA, ""Compendium of Ceiling Prices of Scheduled Drugs as on 10.08.2022"", Schedule-I / NLEM 2015",2022-08-10,Midazolam,1 Tablet,1499(E),30.03.2022,3,false,true
midazolam,Tablet 15 mg,,1.3.3,"Compendium-Prices-2022pdf-464b22085495ff4e3f8700c0e00cf45d.pdf -- NPPA, ""Compendium of Ceiling Prices of Scheduled Drugs as on 10.08.2022"", Schedule-I / NLEM 2015",2022-08-10,Midazolam,,,,3,false,true
midazolam,Oral liquid 2 mg/ml,,1.3.3,"Compendium-Prices-2022pdf-464b22085495ff4e3f8700c0e00cf45d.pdf -- NPPA, ""Compendium of Ceiling Prices of Scheduled Drugs as on 10.08.2022"", Schedule-I / NLEM 2015",2022-08-10,Midazolam,,,,3,false,true
midazolam,Injection 1 mg/ml 1 ml,6.56,1.3.3,"Compendium-Prices-2022pdf-464b22085495ff4e3f8700c0e00cf45d.pdf -- NPPA, ""Compendium of Ceiling Prices of Scheduled Drugs as on 10.08.2022"", Schedule-I / NLEM 2015",2022-08-10,Midazolam,1 ml,1499(E),30.03.2022,3,false,true
midazolam,Injection 5 mg/ml 1 ml,16.12,1.3.3,"Compendium-Prices-2022pdf-464b22085495ff4e3f8700c0e00cf45d.pdf -- NPPA, ""Compendium of Ceiling Prices of Scheduled Drugs as on 10.08.2022"", Schedule-I / NLEM 2015",2022-08-10,Midazolam,1 ml,1499(E),30.03.2022,3,false,true
morphine,Injection 10 mg/ml 1 ml,26.37,1.3.4,"Compendium-Prices-2022pdf-464b22085495ff4e3f8700c0e00cf45d.pdf -- NPPA, ""Compendium of Ceiling Prices of Scheduled Drugs as on 10.08.2022"", Schedule-I / NLEM 2015",2022-08-10,Morphine,1 ml,1499(E),30.03.2022,3,false,false
morphine,Injection 15 mg/ml used in 1 ml,32.91,1.3.4,"Compendium-Prices-2022pdf-464b22085495ff4e3f8700c0e00cf45d.pdf -- NPPA, ""Compendium of Ceiling Prices of Scheduled Drugs as on 10.08.2022"", Schedule-I / NLEM 2015",2022-08-10,Morphine,1 ml,1499(E),30.03.2022,3,false,false
acetylsalicylic acid,Tablet 300 mg to 500 mg,,2.1.1,"Compendium-Prices-2022pdf-464b22085495ff4e3f8700c0e00cf45d.pdf -- NPPA, ""Compendium of Ceiling Prices of Scheduled Drugs as on 10.08.2022"", Schedule-I / NLEM 2015",2022-08-10,Acetylsalicylic acid,,,,3,false,true
acetylsalicylic acid,Effervescent/ Dispersible/ Enteric coated Tablet 100 mg 1 Tablet,0.20,2.1.1,"Compendium-Prices-2022pdf-464b22085495ff4e3f8700c0e00cf45d.pdf -- NPPA, ""Compendium of Ceiling Prices of Scheduled Drugs as on 10.08.2022"", Schedule-I / NLEM 2015",2022-08-10,Acetylsalicylic acid,1 Tablet,1499(E),30.03.2022,3,false,true
acetylsalicylic acid,Effervescent/ 1 Tablet,1.36,2.1.1,"Compendium-Prices-2022pdf-464b22085495ff4e3f8700c0e00cf45d.pdf -- NPPA, ""Compendium of Ceiling Prices of Scheduled Drugs as on 10.08.2022"", Schedule-I / NLEM 2015",2022-08-10,Acetylsalicylic acid,1 Tablet,1499(E),30.03.2022,4,false,true
acetylsalicylic acid,Dispersible/Enteric coated,,2.1.1,"Compendium-Prices-2022pdf-464b22085495ff4e3f8700c0e00cf45d.pdf -- NPPA, ""Compendium of Ceiling Prices of Scheduled Drugs as on 10.08.2022"", Schedule-I / NLEM 2015",2022-08-10,Acetylsalicylic acid,,,,4,false,true
acetylsalicylic acid,Tablet 75 mg,,2.1.1,"Compendium-Prices-2022pdf-464b22085495ff4e3f8700c0e00cf45d.pdf -- NPPA, ""Compendium of Ceiling Prices of Scheduled Drugs as on 10.08.2022"", Schedule-I / NLEM 2015",2022-08-10,Acetylsalicylic acid,,,,4,false,true
acetylsalicylic acid,Tablet 100 mg 1 Tablet,0.19,2.1.1,"Compendium-Prices-2022pdf-464b22085495ff4e3f8700c0e00cf45d.pdf -- NPPA, ""Compendium of Ceiling Prices of Scheduled Drugs as on 10.08.2022"", Schedule-I / NLEM 2015",2022-08-10,Acetylsalicylic acid,1 Tablet,1499(E),30.03.2022,4,false,true
acetylsalicylic acid,Tablet 150 mg 1 Tablet,0.45,2.1.1,"Compendium-Prices-2022pdf-464b22085495ff4e3f8700c0e00cf45d.pdf -- NPPA, ""Compendium of Ceiling Prices of Scheduled Drugs as on 10.08.2022"", Schedule-I / NLEM 2015",2022-08-10,Acetylsalicylic acid,1 Tablet,1499(E),30.03.2022,4,false,true
acetylsalicylic acid,Tablet 325mg 1 Tablet,0.61,2.1.1,"Compendium-Prices-2022pdf-464b22085495ff4e3f8700c0e00cf45d.pdf -- NPPA, ""Compendium of Ceiling Prices of Scheduled Drugs as on 10.08.2022"", Schedule-I / NLEM 2015",2022-08-10,Acetylsalicylic acid,1 Tablet,1499(E),30.03.2022,4,false,true
acetylsalicylic acid,Tablet 350mg 1 Tablet,0.34,2.1.1,"Compendium-Prices-2022pdf-464b22085495ff4e3f8700c0e00cf45d.pdf -- NPPA, ""Compendium of Ceiling Prices of Scheduled Drugs as on 10.08.2022"", Schedule-I / NLEM 2015",2022-08-10,Acetylsalicylic acid,1 Tablet,1499(E),30.03.2022,4,false,true
acetylsalicylic acid,Tablet 75 mg 1 Tablet,0.34,2.1.1,"Compendium-Prices-2022pdf-464b22085495ff4e3f8700c0e00cf45d.pdf -- NPPA, ""Compendium of Ceiling Prices of Scheduled Drugs as on 10.08.2022"", Schedule-I / NLEM 2015",2022-08-10,Acetylsalicylic acid,1 Tablet,1499(E),30.03.2022,4,false,true
diclofenac,Tablet 50 mg 1 Tablet,2.13,2.1.2,"Compendium-Prices-2022pdf-464b22085495ff4e3f8700c0e00cf45d.pdf -- NPPA, ""Compendium of Ceiling Prices of Scheduled Drugs as on 10.08.2022"", Schedule-I / NLEM 2015",2022-08-10,Diclofenac,1 Tablet,1499(E),30.03.2022,4,false,true
diclofenac,Capsule 50 mg 1 Capsule,0.68,2.1.2,"Compendium-Prices-2022pdf-464b22085495ff4e3f8700c0e00cf45d.pdf -- NPPA, ""Compendium of Ceiling Prices of Scheduled Drugs as on 10.08.2022"", Schedule-I / NLEM 2015",2022-08-10,Diclofenac,1 Capsule,1499(E),30.03.2022,4,false,true
diclofenac,Injection 25 mg/ml 1 ml,1.63,2.1.2,"Compendium-Prices-2022pdf-464b22085495ff4e3f8700c0e00cf45d.pdf -- NPPA, ""Compendium of Ceiling Prices of Scheduled Drugs as on 10.08.2022"", Schedule-I / NLEM 2015",2022-08-10,Diclofenac,1 ml,1499(E),30.03.2022,4,false,true
ibuprofen,Tablet 200 mg 1 Tablet,0.65,2.1.3,"Compendium-Prices-2022pdf-464b22085495ff4e3f8700c0e00cf45d.pdf -- NPPA, ""Compendium of Ceiling Prices of Scheduled Drugs as on 10.08.2022"", Schedule-I / NLEM 2015",2022-08-10,Ibuprofen,1 Tablet,1499(E),30.03.2022,4,false,true
ibuprofen,Capsule 200 mg 1 soft gelatin,2.97,2.1.3,"Compendium-Prices-2022pdf-464b22085495ff4e3f8700c0e00cf45d.pdf -- NPPA, ""Compendium of Ceiling Prices of Scheduled Drugs as on 10.08.2022"", Schedule-I / NLEM 2015",2022-08-10,Ibuprofen,1 soft gelatin,1499(E),30.03.2022,4,false,true
ibuprofen,Tablet 400 mg 1 Tablet,1.15,2.1.3,"Compendium-Prices-2022pdf-464b22085495ff4e3f8700c0e00cf45d.pdf -- NPPA, ""Compendium of Ceiling Prices of Scheduled Drugs as on 10.08.2022"", Schedule-I / NLEM 2015",2022-08-10,Ibuprofen,1 Tablet,1499(E),30.03.2022,4,false,true
ibuprofen,Capsule 400 mg 1 Capsule,1.17,2.1.3,"Compendium-Prices-2022pdf-464b22085495ff4e3f8700c0e00cf45d.pdf -- NPPA, ""Compendium of Ceiling Prices of Scheduled Drugs as on 10.08.2022"", Schedule-I / NLEM 2015",2022-08-10,Ibuprofen,1 Capsule,1499(E),30.03.2022,4,false,true
ibuprofen,Oral liquid 100 mg/5 ml 1 ml,0.21,2.1.3,"Compendium-Prices-2022pdf-464b22085495ff4e3f8700c0e00cf45d.pdf -- NPPA, ""Compendium of Ceiling Prices of Scheduled Drugs as on 10.08.2022"", Schedule-I / NLEM 2015",2022-08-10,Ibuprofen,1 ml,1499(E),30.03.2022,4,false,true
mefenamic acid,Capsule 250 mg,,2.1.4,"Compendium-Prices-2022pdf-464b22085495ff4e3f8700c0e00cf45d.pdf -- NPPA, ""Compendium of Ceiling Prices of Scheduled Drugs as on 10.08.2022"", Schedule-I / NLEM 2015",2022-08-10,Mefenamic acid,,,,4,false,true
mefenamic acid,Capsule 500 mg,,2.1.4,"Compendium-Prices-2022pdf-464b22085495ff4e3f8700c0e00cf45d.pdf -- NPPA, ""Compendium of Ceiling Prices of Scheduled Drugs as on 10.08.2022"", Schedule-I / NLEM 2015",2022-08-10,Mefenamic acid,,,,4,false,true
mefenamic acid,Tablet 250 mg 1 Tablet,2.15,2.1.4,"Compendium-Prices-2022pdf-464b22085495ff4e3f8700c0e00cf45d.pdf -- NPPA, ""Compendium of Ceiling Prices of Scheduled Drugs as on 10.08.2022"", Schedule-I / NLEM 2015",2022-08-10,Mefenamic acid,1 Tablet,1499(E),30.03.2022,4,false,true
mefenamic acid,Tablet 500 mg 1 Tablet,2.72,2.1.4,"Compendium-Prices-2022pdf-464b22085495ff4e3f8700c0e00cf45d.pdf -- NPPA, ""Compendium of Ceiling Prices of Scheduled Drugs as on 10.08.2022"", Schedule-I / NLEM 2015",2022-08-10,Mefenamic acid,1 Tablet,1499(E),30.03.2022,4,false,true
mefenamic acid,Oral liquid 100 mg/5 ml 1 ml,0.58,2.1.4,"Compendium-Prices-2022pdf-464b22085495ff4e3f8700c0e00cf45d.pdf -- NPPA, ""Compendium of Ceiling Prices of Scheduled Drugs as on 10.08.2022"", Schedule-I / NLEM 2015",2022-08-10,Mefenamic acid,1 ml,1499(E),30.03.2022,4,false,true
acetaminophen,Tablet 500 mg 1 Tablet,1.01,2.1.5,"Compendium-Prices-2022pdf-464b22085495ff4e3f8700c0e00cf45d.pdf -- NPPA, ""Compendium of Ceiling Prices of Scheduled Drugs as on 10.08.2022"", Schedule-I / NLEM 2015",2022-08-10,Paracetamol,1 Tablet,1499(E),30.03.2022,4,false,true
acetaminophen,Tablet 650 mg 1 Tablet,2.04,2.1.5,"Compendium-Prices-2022pdf-464b22085495ff4e3f8700c0e00cf45d.pdf -- NPPA, ""Compendium of Ceiling Prices of Scheduled Drugs as on 10.08.2022"", Schedule-I / NLEM 2015",2022-08-10,Paracetamol,1 Tablet,1499(E),30.03.2022,4,false,true
acetaminophen,All licenced oral liquid dosage forms and strengths,,2.1.5,"Compendium-Prices-2022pdf-464b22085495ff4e3f8700c0e00cf45d.pdf -- NPPA, ""Compendium of Ceiling Prices of Scheduled Drugs as on 10.08.2022"", Schedule-I / NLEM 2015",2022-08-10,Paracetamol,,,,4,false,true
acetaminophen,Oral Liquid 100 mg/5ml 1 ml,0.56,2.1.5,"Compendium-Prices-2022pdf-464b22085495ff4e3f8700c0e00cf45d.pdf -- NPPA, ""Compendium of Ceiling Prices of Scheduled Drugs as on 10.08.2022"", Schedule-I / NLEM 2015",2022-08-10,Paracetamol,1 ml,1499(E),30.03.2022,4,false,true
acetaminophen,Oral Liquid 120 mg/5ml 1 ml,0.59,2.1.5,"Compendium-Prices-2022pdf-464b22085495ff4e3f8700c0e00cf45d.pdf -- NPPA, ""Compendium of Ceiling Prices of Scheduled Drugs as on 10.08.2022"", Schedule-I / NLEM 2015",2022-08-10,Paracetamol,1 ml,1499(E),30.03.2022,4,false,true
acetaminophen,Oral Liquid 125 mg/5ml 1 ml,0.38,2.1.5,"Compendium-Prices-2022pdf-464b22085495ff4e3f8700c0e00cf45d.pdf -- NPPA, ""Compendium of Ceiling Prices of Scheduled Drugs as on 10.08.2022"", Schedule-I / NLEM 2015",2022-08-10,Paracetamol,1 ml,1499(E),30.03.2022,4,false,true
acetaminophen,Oral Liquid 150 mg/5ml 1 ml,0.64,2.1.5,"Compendium-Prices-2022pdf-464b22085495ff4e3f8700c0e00cf45d.pdf -- NPPA, ""Compendium of Ceiling Prices of Scheduled Drugs as on 10.08.2022"", Schedule-I / NLEM 2015",2022-08-10,Paracetamol,1 ml,1499(E),30.03.2022,4,false,true
acetaminophen,Oral Liquid 250 mg/5ml 1 ml,0.66,2.1.5,"Compendium-Prices-2022pdf-464b22085495ff4e3f8700c0e00cf45d.pdf -- NPPA, ""Compendium of Ceiling Prices of Scheduled Drugs as on 10.08.2022"", Schedule-I / NLEM 2015",2022-08-10,Paracetamol,1 ml,1499(E),30.03.2022,4,false,true
acetaminophen,Oral Liquid 500 mg/5ml 1 ml,0.71,2.1.5,"Compendium-Prices-2022pdf-464b22085495ff4e3f8700c0e00cf45d.pdf -- NPPA, ""Compendium of Ceiling Prices of Scheduled Drugs as on 10.08.2022"", Schedule-I / NLEM 2015",2022-08-10,Paracetamol,1 ml,1499(E),30.03.2022,4,false,true
acetaminophen,Oral Liquid 650 mg/5ml 1 ml,0.58,2.1.5,"Compendium-Prices-2022pdf-464b22085495ff4e3f8700c0e00cf45d.pdf -- NPPA, ""Compendium of Ceiling Prices of Scheduled Drugs as on 10.08.2022"", Schedule-I / NLEM 2015",2022-08-10,Paracetamol,1 ml,1499(E),30.03.2022,4,false,true
acetaminophen,100 mg/ml (pediatric) 1 ml,1.79,2.1.5,"Compendium-Prices-2022pdf-464b22085495ff4e3f8700c0e00cf45d.pdf -- NPPA, ""Compendium of Ceiling Prices of Scheduled Drugs as on 10.08.2022"", Schedule-I / NLEM 2015",2022-08-10,Paracetamol,1 ml,1499(E),30.03.2022,4,false,true
acetaminophen,Injection 150 mg/ml Each Pack (,3.41,2.1.5,"Compendium-Prices-2022pdf-464b22085495ff4e3f8700c0e00cf45d.pdf -- NPPA, ""Compendium of Ceiling Prices of Scheduled Drugs as on 10.08.2022"", Schedule-I / NLEM 2015",2022-08-10,Paracetamol,Each Pack (,1499(E),30.03.2022,4,false,true
acetaminophen,Injection 150 mg/ml Each Pack (1 ml),4.66,2.1.5,"Compendium-Prices-2022pdf-464b22085495ff4e3f8700c0e00cf45d.pdf -- NPPA, ""Compendium of Ceiling Prices of Scheduled Drugs as on 10.08.2022"", Schedule-I / NLEM 2015",2022-08-10,Paracetamol,Each Pack (1 ml),1499(E),30.03.2022,4,false,true
acetaminophen,Injection 150 mg/ml Each Pack (2 ml),7.16,2.1.5,"Compendium-Prices-2022pdf-464b22085495ff4e3f8700c0e00cf45d.pdf -- NPPA, ""Compendium of Ceiling Prices of Scheduled Drugs as on 10.08.2022"", Schedule-I / NLEM 2015",2022-08-10,Paracetamol,Each Pack (2 ml),1499(E),30.03.2022,4,false,true
acetaminophen,Injection 150 mg/ml Each Pack (3 ml),9.67,2.1.5,"Compendium-Prices-2022pdf-464b22085495ff4e3f8700c0e00cf45d.pdf -- NPPA, ""Compendium of Ceiling Prices of Scheduled Drugs as on 10.08.2022"", Schedule-I / NLEM 2015",2022-08-10,Paracetamol,Each Pack (3 ml),1499(E),30.03.2022,4,false,true
acetaminophen,Injection 150 mg/ml Each Pack (4 ml),12.17,2.1.5,"Compendium-Prices-2022pdf-464b22085495ff4e3f8700c0e00cf45d.pdf -- NPPA, ""Compendium of Ceiling Prices of Scheduled Drugs as on 10.08.2022"", Schedule-I / NLEM 2015",2022-08-10,Paracetamol,Each Pack (4 ml),1499(E),30.03.2022,4,false,true
acetaminophen,Injection 150 mg/ml Each Pack (5 ml),14.68,2.1.5,"Compendium-Prices-2022pdf-464b22085495ff4e3f8700c0e00cf45d.pdf -- NPPA, ""Compendium of Ceiling Prices of Scheduled Drugs as on 10.08.2022"", Schedule-I / NLEM 2015",2022-08-10,Paracetamol,Each Pack (5 ml),1499(E),30.03.2022,4,false,true
acetaminophen,Injection 150 mg/ml Each Pack (7 ml),19.68,2.1.5,"Compendium-Prices-2022pdf-464b22085495ff4e3f8700c0e00cf45d.pdf -- NPPA, ""Compendium of Ceiling Prices of Scheduled Drugs as on 10.08.2022"", Schedule-I / NLEM 2015",2022-08-10,Paracetamol,Each Pack (7 ml),1499(E),30.03.2022,4,false,true
acetaminophen,Suppository 80 mg Each Suppository,7.22,2.1.5,"Compendium-Prices-2022pdf-464b22085495ff4e3f8700c0e00cf45d.pdf -- NPPA, ""Compendium of Ceiling Prices of Scheduled Drugs as on 10.08.2022"", Schedule-I / NLEM 2015",2022-08-10,Paracetamol,Each Suppository,1499(E),30.03.2022,4,false,true
acetaminophen,Suppository 170 mg Each Suppository,8.54,2.1.5,"Compendium-Prices-2022pdf-464b22085495ff4e3f8700c0e00cf45d.pdf -- NPPA, ""Compendium of Ceiling Prices of Scheduled Drugs as on 10.08.2022"", Schedule-I / NLEM 2015",2022-08-10,Paracetamol,Each Suppository,1499(E),30.03.2022,4,false,true
fentanyl,Injection 50 mcg/ml 1 ml,25.21,2.2.1,"Compendium-Prices-2022pdf-464b22085495ff4e3f8700c0e00cf45d.pdf -- NPPA, ""Compendium of Ceiling Prices of Scheduled Drugs as on 10.08.2022"", Schedule-I / NLEM 2015",2022-08-10,Fentanyl,1 ml,1499(E),30.03.2022,4,false,false
morphine,Tablet 10 mg 1 Tablet,5.91,2.2.2,"Compendium-Prices-2022pdf-464b22085495ff4e3f8700c0e00cf45d.pdf -- NPPA, ""Compendium of Ceiling Prices of Scheduled Drugs as on 10.08.2022"", Schedule-I / NLEM 2015",2022-08-10,Morphine,1 Tablet,1499(E),30.03.2022,4,false,false
morphine,SR Tablet 30 mg 1 Tablet,6.05,2.2.2,"Compendium-Prices-2022pdf-464b22085495ff4e3f8700c0e00cf45d.pdf -- NPPA, ""Compendium of Ceiling Prices of Scheduled Drugs as on 10.08.2022"", Schedule-I / NLEM 2015",2022-08-10,Morphine,1 Tablet,1499(E),30.03.2022,4,false,false
morphine,Injection 10 mg/ml 1 ml,26.37,2.2.2,"Compendium-Prices-2022pdf-464b22085495ff4e3f8700c0e00cf45d.pdf -- NPPA, ""Compendium of Ceiling Prices of Scheduled Drugs as on 10.08.2022"", Schedule-I / NLEM 2015",2022-08-10,Morphine,1 ml,1499(E),30.03.2022,4,false,false
morphine,Tablet 100 mg 1 Tablet,21.84,2.2.2,"Compendium-Prices-2022pdf-464b22085495ff4e3f8700c0e00cf45d.pdf -- NPPA, ""Compendium of Ceiling Prices of Scheduled Drugs as on 10.08.2022"", Schedule-I / NLEM 2015",2022-08-10,Morphine,1 Tablet,1499(E),30.03.2022,5,false,false
morphine,Tablet 50 mg 1 Tablet,8.95,2.2.2,"Compendium-Prices-2022pdf-464b22085495ff4e3f8700c0e00cf45d.pdf -- NPPA, ""Compendium of Ceiling Prices of Scheduled Drugs as on 10.08.2022"", Schedule-I / NLEM 2015",2022-08-10,Morphine,1 Tablet,1499(E),30.03.2022,5,false,false
morphine,Injection 50 mg/ml (20 ml Pack) 1 ml,1.38,2.2.2,"Compendium-Prices-2022pdf-464b22085495ff4e3f8700c0e00cf45d.pdf -- NPPA, ""Compendium of Ceiling Prices of Scheduled Drugs as on 10.08.2022"", Schedule-I / NLEM 2015",2022-08-10,Morphine,1 ml,1499(E),30.03.2022,5,false,false
morphine,Injection 50 mg/ml (upto 2 ml Pack) 1 ml,11.63,2.2.2,"Compendium-Prices-2022pdf-464b22085495ff4e3f8700c0e00cf45d.pdf -- NPPA, ""Compendium of Ceiling Prices of Scheduled Drugs as on 10.08.2022"", Schedule-I / NLEM 2015",2022-08-10,Morphine,1 ml,1499(E),30.03.2022,5,false,false
allopurinol,Tablet 100 mg 1 Tablet,2.12,2.3.1,"Compendium-Prices-2022pdf-464b22085495ff4e3f8700c0e00cf45d.pdf -- NPPA, ""Compendium of Ceiling Prices of Scheduled Drugs as on 10.08.2022"", Schedule-I / NLEM 2015",2022-08-10,Allopurinol,1 Tablet,1499(E),30.03.2022,5,false,true
allopurinol,Tablet 300 mg 1 Tablet,8.31,2.3.1,"Compendium-Prices-2022pdf-464b22085495ff4e3f8700c0e00cf45d.pdf -- NPPA, ""Compendium of Ceiling Prices of Scheduled Drugs as on 10.08.2022"", Schedule-I / NLEM 2015",2022-08-10,Allopurinol,1 Tablet,1499(E),30.03.2022,5,false,true
colchicine,Tablet 0.5 mg 1 Tablet,3.46,2.3.2,"Compendium-Prices-2022pdf-464b22085495ff4e3f8700c0e00cf45d.pdf -- NPPA, ""Compendium of Ceiling Prices of Scheduled Drugs as on 10.08.2022"", Schedule-I / NLEM 2015",2022-08-10,Colchicine,1 Tablet,1499(E),30.03.2022,5,false,true
azathioprine,Tablet 50 mg 1 Tablet,11.26,2.4.1,"Compendium-Prices-2022pdf-464b22085495ff4e3f8700c0e00cf45d.pdf -- NPPA, ""Compendium of Ceiling Prices of Scheduled Drugs as on 10.08.2022"", Schedule-I / NLEM 2015",2022-08-10,Azathioprine,1 Tablet,1499(E),30.03.2022,5,false,true
hydroxychloroquine,Tablet 200 mg 1 Tablet,6.58,2.4.2,"Compendium-Prices-2022pdf-464b22085495ff4e3f8700c0e00cf45d.pdf -- NPPA, ""Compendium of Ceiling Prices of Scheduled Drugs as on 10.08.2022"", Schedule-I / NLEM 2015",2022-08-10,Hydroxychloroquine,1 Tablet,1499(E),30.03.2022,5,false,true
hydroxychloroquine,Tablet 400 mg 1 Tablet,13.26,2.4.2,"Compendium-Prices-2022pdf-464b22085495ff4e3f8700c0e00cf45d.pdf -- NPPA, ""Compendium of Ceiling Prices of Scheduled Drugs as on 10.08.2022"", Schedule-I / NLEM 2015",2022-08-10,Hydroxychloroquine,1 Tablet,1499(E),30.03.2022,5,false,true
leflunomide,Tablet 10 mg 1 Tablet,11.11,2.4.3,"Compendium-Prices-2022pdf-464b22085495ff4e3f8700c0e00cf45d.pdf -- NPPA, ""Compendium of Ceiling Prices of Scheduled Drugs as on 10.08.2022"", Schedule-I / NLEM 2015",2022-08-10,Leflunomide,1 Tablet,1499(E),30.03.2022,5,false,true
leflunomide,Tablet 20 mg 1 Tablet,21.69,2.4.3,"Compendium-Prices-2022pdf-464b22085495ff4e3f8700c0e00cf45d.pdf -- NPPA, ""Compendium of Ceiling Prices of Scheduled Drugs as on 10.08.2022"", Schedule-I / NLEM 2015",2022-08-10,Leflunomide,1 Tablet,1499(E),30.03.2022,5,false,true
methotrexate,Injection 25 mg/ml 1 ml,53.41,2.4.4,"Compendium-Prices-2022pdf-464b22085495ff4e3f8700c0e00cf45d.pdf -- NPPA, ""Compendium of Ceiling Prices of Scheduled Drugs as on 10.08.2022"", Schedule-I / NLEM 2015",2022-08-10,Methotrexate,1 ml,1499(E),30.03.2022,5,false,true
methotrexate,Injection 50 mg/ml 1 ml,44.47,2.4.4,"Compendium-Prices-2022pdf-464b22085495ff4e3f8700c0e00cf45d.pdf -- NPPA, ""Compendium of Ceiling Prices of Scheduled Drugs as on 10.08.2022"", Schedule-I / NLEM 2015",2022-08-10,Methotrexate,1 ml,1499(E),30.03.2022,5,false,true
methotrexate,Tablet 10 mg 1 Tablet,13.48,2.4.4,"Compendium-Prices-2022pdf-464b22085495ff4e3f8700c0e00cf45d.pdf -- NPPA, ""Compendium of Ceiling Prices of Scheduled Drugs as on 10.08.2022"", Schedule-I / NLEM 2015",2022-08-10,Methotrexate,1 Tablet,1499(E),30.03.2022,5,false,true
methotrexate,Tablet 2.5 mg 1 Tablet,5.32,2.4.4,"Compendium-Prices-2022pdf-464b22085495ff4e3f8700c0e00cf45d.pdf -- NPPA, ""Compendium of Ceiling Prices of Scheduled Drugs as on 10.08.2022"", Schedule-I / NLEM 2015",2022-08-10,Methotrexate,1 Tablet,1499(E),30.03.2022,5,false,true
methotrexate,Tablet 7.5 mg 1 Tablet,12.86,2.4.4,"Compendium-Prices-2022pdf-464b22085495ff4e3f8700c0e00cf45d.pdf -- NPPA, ""Compendium of Ceiling Prices of Scheduled Drugs as on 10.08.2022"", Schedule-I / NLEM 2015",2022-08-10,Methotrexate,1 Tablet,1499(E),30.03.2022,5,false,true
methotrexate,Tablet 5 mg 1 Tablet,9.29,2.4.4,"Compendium-Prices-2022pdf-464b22085495ff4e3f8700c0e00cf45d.pdf -- NPPA, ""Compendium of Ceiling Prices of Scheduled Drugs as on 10.08.2022"", Schedule-I / NLEM 2015",2022-08-10,Methotrexate,1 Tablet,1499(E),30.03.2022,5,false,true
sulfasalazine,Tablet 500 mg 1 Tablet,4.42,2.4.5,"Compendium-Prices-2022pdf-464b22085495ff4e3f8700c0e00cf45d.pdf -- NPPA, ""Compendium of Ceiling Prices of Scheduled Drugs as on 10.08.2022"", Schedule-I / NLEM 2015",2022-08-10,Sulfasalazine,1 Tablet,1499(E),30.03.2022,5,false,true
epinephrine,Injection 1 mg/ml 1 ml,17.38,3.1,"Compendium-Prices-2022pdf-464b22085495ff4e3f8700c0e00cf45d.pdf -- NPPA, ""Compendium of Ceiling Prices of Scheduled Drugs as on 10.08.2022"", Schedule-I / NLEM 2015",2022-08-10,Adrenaline,1 ml,1499(E),30.03.2022,5,false,true
cetirizine,Tablet 10 mg 1 Tablet,1.84,3.2,"Compendium-Prices-2022pdf-464b22085495ff4e3f8700c0e00cf45d.pdf -- NPPA, ""Compendium of Ceiling Prices of Scheduled Drugs as on 10.08.2022"", Schedule-I / NLEM 2015",2022-08-10,Cetirizine,1 Tablet,1499(E),30.03.2022,5,false,true
cetirizine,Capsule 10 mg 1 Capsule,2.64,3.2,"Compendium-Prices-2022pdf-464b22085495ff4e3f8700c0e00cf45d.pdf -- NPPA, ""Compendium of Ceiling Prices of Scheduled Drugs as on 10.08.2022"", Schedule-I / NLEM 2015",2022-08-10,Cetirizine,1 Capsule,1499(E),30.03.2022,5,false,true
cetirizine,Oral liquid 5 mg/5 ml 1 ml,0.65,3.2,"Compendium-Prices-2022pdf-464b22085495ff4e3f8700c0e00cf45d.pdf -- NPPA, ""Compendium of Ceiling Prices of Scheduled Drugs as on 10.08.2022"", Schedule-I / NLEM 2015",2022-08-10,Cetirizine,1 ml,1499(E),30.03.2022,5,false,true
chlorpheniramine,Tablet 4 mg 1 Tablet,0.1,3.3,"Compendium-Prices-2022pdf-464b22085495ff4e3f8700c0e00cf45d.pdf -- NPPA, ""Compendium of Ceiling Prices of Scheduled Drugs as on 10.08.2022"", Schedule-I / NLEM 2015",2022-08-10,Chlorpheniramine,1 Tablet,1499(E),30.03.2022,5,false,true
chlorpheniramine,Oral liquid 2 mg/5 ml,,3.3,"Compendium-Prices-2022pdf-464b22085495ff4e3f8700c0e00cf45d.pdf -- NPPA, ""Compendium of Ceiling Prices of Scheduled Drugs as on 10.08.2022"", Schedule-I / NLEM 2015",2022-08-10,Chlorpheniramine,,,,5,false,true
dexamethasone,Tablet 0.5 mg 1 Tablet,0.21,3.4,"Compendium-Prices-2022pdf-464b22085495ff4e3f8700c0e00cf45d.pdf -- NPPA, ""Compendium of Ceiling Prices of Scheduled Drugs as on 10.08.2022"", Schedule-I / NLEM 2015",2022-08-10,Dexamethasone,1 Tablet,1499(E),30.03.2022,5,false,true
dexamethasone,Injection 4 mg/ml Each Pack (10,15.29,3.4,"Compendium-Prices-2022pdf-464b22085495ff4e3f8700c0e00cf45d.pdf -- NPPA, ""Compendium of Ceiling Prices of Scheduled Drugs as on 10.08.2022"", Schedule-I / NLEM 2015",2022-08-10,Dexamethasone,Each Pack (10,1499(E),30.03.2022,5,false,true
dexamethasone,Injection 4 mg/ml Each Pack (2 ml),10.35,3.4,"Compendium-Prices-2022pdf-464b22085495ff4e3f8700c0e00cf45d.pdf -- NPPA, ""Compendium of Ceiling Prices of Scheduled Drugs as on 10.08.2022"", Schedule-I / NLEM 2015",2022-08-10,Dexamethasone,Each Pack (2 ml),1499(E),30.03.2022,5,false,true
dexamethasone,Injection 4 mg/ml Each Pack (20,29.31,3.4,"Compendium-Prices-2022pdf-464b22085495ff4e3f8700c0e00cf45d.pdf -- NPPA, ""Compendium of Ceiling Prices of Scheduled Drugs as on 10.08.2022"", Schedule-I / NLEM 2015",2022-08-10,Dexamethasone,Each Pack (20,1499(E),30.03.2022,5,false,true
dexamethasone,Injection 4 mg/ml Each Pack (30,39.17,3.4,"Compendium-Prices-2022pdf-464b22085495ff4e3f8700c0e00cf45d.pdf -- NPPA, ""Compendium of Ceiling Prices of Scheduled Drugs as on 10.08.2022"", Schedule-I / NLEM 2015",2022-08-10,Dexamethasone,Each Pack (30,1499(E),30.03.2022,5,false,true
hydrocortisone,Powder for Injection 100 mg Each Pack,43.21,3.5,"Compendium-Prices-2022pdf-464b22085495ff4e3f8700c0e00cf45d.pdf -- NPPA, ""Compendium of Ceiling Prices of Scheduled Drugs as on 10.08.2022"", Schedule-I / NLEM 2015",2022-08-10,Hydrocortisone,Each Pack,1499(E),30.03.2022,5,false,true
pheniramine,Injection 22.75 mg/ml (2ml) 1 ml,2.54,3.6,"Compendium-Prices-2022pdf-464b22085495ff4e3f8700c0e00cf45d.pdf -- NPPA, ""Compendium of Ceiling Prices of Scheduled Drugs as on 10.08.2022"", Schedule-I / NLEM 2015",2022-08-10,Pheniramine,1 ml,1499(E),30.03.2022,5,false,true
pheniramine,Injection 22.75 mg/ml(10ml) 1 ml,1.89,3.6,"Compendium-Prices-2022pdf-464b22085495ff4e3f8700c0e00cf45d.pdf -- NPPA, ""Compendium of Ceiling Prices of Scheduled Drugs as on 10.08.2022"", Schedule-I / NLEM 2015",2022-08-10,Pheniramine,1 ml,1499(E),30.03.2022,5,false,true
prednisolone,Drops 1% 1 ml,5.58,3.7,"Compendium-Prices-2022pdf-464b22085495ff4e3f8700c0e00cf45d.pdf -- NPPA, ""Compendium of Ceiling Prices of Scheduled Drugs as on 10.08.2022"", Schedule-I / NLEM 2015",2022-08-10,Prednisolone,1 ml,1499(E),30.03.2022,5,false,true
prednisolone,Injection 20 mg/2ml 1 ml,3.98,3.7,"Compendium-Prices-2022pdf-464b22085495ff4e3f8700c0e00cf45d.pdf -- NPPA, ""Compendium of Ceiling Prices of Scheduled Drugs as on 10.08.2022"", Schedule-I / NLEM 2015",2022-08-10,Prednisolone,1 ml,1499(E),30.03.2022,5,false,true
prednisolone,Oral Liquid 15 mg/ 5ml 1 ml,0.83,3.7,"Compendium-Prices-2022pdf-464b22085495ff4e3f8700c0e00cf45d.pdf -- NPPA, ""Compendium of Ceiling Prices of Scheduled Drugs as on 10.08.2022"", Schedule-I / NLEM 2015",2022-08-10,Prednisolone,1 ml,1499(E),30.03.2022,5,false,true
prednisolone,Oral Liquid 5 mg/ 5ml 1 ml,0.48,3.7,"Compendium-Prices-2022pdf-464b22085495ff4e3f8700c0e00cf45d.pdf -- NPPA, ""Compendium of Ceiling Prices of Scheduled Drugs as on 10.08.2022"", Schedule-I / NLEM 2015",2022-08-10,Prednisolone,1 ml,1499(E),30.03.2022,5,false,true
prednisolone,Tablet 10 mg 1 Tablet,1.09,3.7,"Compendium-Prices-2022pdf-464b22085495ff4e3f8700c0e00cf45d.pdf -- NPPA, ""Compendium of Ceiling Prices of Scheduled Drugs as on 10.08.2022"", Schedule-I / NLEM 2015",2022-08-10,Prednisolone,1 Tablet,1499(E),30.03.2022,5,false,true
prednisolone,Tablet 20 mg 1 Tablet,2.17,3.7,"Compendium-Prices-2022pdf-464b22085495ff4e3f8700c0e00cf45d.pdf -- NPPA, ""Compendium of Ceiling Prices of Scheduled Drugs as on 10.08.2022"", Schedule-I / NLEM 2015",2022-08-10,Prednisolone,1 Tablet,1499(E),30.03.2022,5,false,true
prednisolone,Tablet 40 mg 1 Tablet,3.12,3.7,"Compendium-Prices-2022pdf-464b22085495ff4e3f8700c0e00cf45d.pdf -- NPPA, ""Compendium of Ceiling Prices of Scheduled Drugs as on 10.08.2022"", Schedule-I / NLEM 2015",2022-08-10,Prednisolone,1 Tablet,1499(E),30.03.2022,5,false,true
prednisolone,Tablet 5 mg 1 Tablet,0.62,3.7,"Compendium-Prices-2022pdf-464b22085495ff4e3f8700c0e00cf45d.pdf -- NPPA, ""Compendium of Ceiling Prices of Scheduled Drugs as on 10.08.2022"", Schedule-I / NLEM 2015",2022-08-10,Prednisolone,1 Tablet,1499(E),30.03.2022,5,false,true
prednisolone,Injection 0.6 mg/ml 1 ml,4.65,3.7,"Compendium-Prices-2022pdf-464b22085495ff4e3f8700c0e00cf45d.pdf -- NPPA, ""Compendium of Ceiling Prices of Scheduled Drugs as on 10.08.2022"", Schedule-I / NLEM 2015",2022-08-10,Prednisolone,1 ml,1499(E),30.03.2022,6,false,true
prednisolone,Drops 1% 1 ml,3.81,3.7,"Compendium-Prices-2022pdf-464b22085495ff4e3f8700c0e00cf45d.pdf -- NPPA, ""Compendium of Ceiling Prices of Scheduled Drugs as on 10.08.2022"", Schedule-I / NLEM 2015",2022-08-10,Prednisolone,1 ml,1499(E),30.03.2022,6,false,true
calcium,Injection 100 mg/ml 1 ml,0.61,4.2.2,"Compendium-Prices-2022pdf-464b22085495ff4e3f8700c0e00cf45d.pdf -- NPPA, ""Compendium of Ceiling Prices of Scheduled Drugs as on 10.08.2022"", Schedule-I / NLEM 2015",2022-08-10,Calcium gluconate,1 ml,1499(E),30.03.2022,6,false,true
deferoxamine,Powder for Injection 500 mg Each pack,178.55,4.2.3,"Compendium-Prices-2022pdf-464b22085495ff4e3f8700c0e00cf45d.pdf -- NPPA, ""Compendium of Ceiling Prices of Scheduled Drugs as on 10.08.2022"", Schedule-I / NLEM 2015",2022-08-10,Desferrioxamine,Each pack,1499(E),30.03.2022,6,false,false
dimercaprol,Injection 50 mg/ml 1 ml,222.22,4.2.4,"Compendium-Prices-2022pdf-464b22085495ff4e3f8700c0e00cf45d.pdf -- NPPA, ""Compendium of Ceiling Prices of Scheduled Drugs as on 10.08.2022"", Schedule-I / NLEM 2015",2022-08-10,Dimercaprol,1 ml,1499(E),30.03.2022,6,false,false
methylene blue,Injection 10 mg/ml 1 ML,24.20,4.2.5,"Compendium-Prices-2022pdf-464b22085495ff4e3f8700c0e00cf45d.pdf -- NPPA, ""Compendium of Ceiling Prices of Scheduled Drugs as on 10.08.2022"", Schedule-I / NLEM 2015",2022-08-10,Methylthioninium chloride (Methylene blue),1 ML,1499(E),30.03.2022,6,false,false
acetylcysteine,Sachet 200 mg 1 gm,9.99,4.2.6,"Compendium-Prices-2022pdf-464b22085495ff4e3f8700c0e00cf45d.pdf -- NPPA, ""Compendium of Ceiling Prices of Scheduled Drugs as on 10.08.2022"", Schedule-I / NLEM 2015",2022-08-10,N-acetylcysteine,1 gm,1499(E),30.03.2022,6,false,true
acetylcysteine,Injection 200 mg/ml 1 ml,24.88,4.2.6,"Compendium-Prices-2022pdf-464b22085495ff4e3f8700c0e00cf45d.pdf -- NPPA, ""Compendium of Ceiling Prices of Scheduled Drugs as on 10.08.2022"", Schedule-I / NLEM 2015",2022-08-10,N-acetylcysteine,1 ml,1499(E),30.03.2022,6,false,true
naloxone,Injection 0.4 mg/ml 1 ml,96.32,4.2.7,"Compendium-Prices-2022pdf-464b22085495ff4e3f8700c0e00cf45d.pdf -- NPPA, ""Compendium of Ceiling Prices of Scheduled Drugs as on 10.08.2022"", Schedule-I / NLEM 2015",2022-08-10,Naloxone,1 ml,1499(E),30.03.2022,6,false,false
neostigmine,Injection 0.5 mg/ml 1 ml,4.83,4.2.8,"Compendium-Prices-2022pdf-464b22085495ff4e3f8700c0e00cf45d.pdf -- NPPA, ""Compendium of Ceiling Prices of Scheduled Drugs as on 10.08.2022"", Schedule-I / NLEM 2015",2022-08-10,Neostigmine,1 ml,1499(E),30.03.2022,6,false,false
neostigmine,Tablet 15 mg 1 Tablet,5.18,4.2.8,"Compendium-Prices-2022pdf-464b22085495ff4e3f8700c0e00cf45d.pdf -- NPPA, ""Compendium of Ceiling Prices of Scheduled Drugs as on 10.08.2022"", Schedule-I / NLEM 2015",2022-08-10,Neostigmine,1 Tablet,1499(E),30.03.2022,6,false,false
penicillamine,Capsule 250 mg 1 Capsule,16.50,4.2.9,"Compendium-Prices-2022pdf-464b22085495ff4e3f8700c0e00cf45d.pdf -- NPPA, ""Compendium of Ceiling Prices of Scheduled Drugs as on 10.08.2022"", Schedule-I / NLEM 2015",2022-08-10,Penicillamine,1 Capsule,1499(E),30.03.2022,6,false,false
pralidoxime,Injection 25 mg/ml 1 ml,4.14,4.2.10,"Compendium-Prices-2022pdf-464b22085495ff4e3f8700c0e00cf45d.pdf -- NPPA, ""Compendium of Ceiling Prices of Scheduled Drugs as on 10.08.2022"", Schedule-I / NLEM 2015",2022-08-10,Pralidoxime chloride (2- PAM),1 ml,1499(E),30.03.2022,6,false,false
snake venom antiserum,,,4.2.11,"Compendium-Prices-2022pdf-464b22085495ff4e3f8700c0e00cf45d.pdf -- NPPA, ""Compendium of Ceiling Prices of Scheduled Drugs as on 10.08.2022"", Schedule-I / NLEM 2015",2022-08-10,Snake venom antiserum,,,,6,false,false
soluble polyvalent,Injection Each Pack (10,480.46,4.2.11,"Compendium-Prices-2022pdf-464b22085495ff4e3f8700c0e00cf45d.pdf -- NPPA, ""Compendium of Ceiling Prices of Scheduled Drugs as on 10.08.2022"", Schedule-I / NLEM 2015",2022-08-10,a) Soluble/ liquid polyvalent,Each Pack (10,1499(E),30.03.2022,6,false,false
lyophilized polyvalent,Powder for Injection 10 ml Pack,618.71,4.2.11,"Compendium-Prices-2022pdf-464b22085495ff4e3f8700c0e00cf45d.pdf -- NPPA, ""Compendium of Ceiling Prices of Scheduled Drugs as on 10.08.2022"", Schedule-I / NLEM 2015",2022-08-10,b) Lyophilized polyvalent,10 ml Pack,1499(E),30.03.2022,6,false,false
sodium nitrite,Injection 30 mg/ml 1 ml,28.85,4.2.12,"Compendium-Prices-2022pdf-464b22085495ff4e3f8700c0e00cf45d.pdf -- NPPA, ""Compendium of Ceiling Prices of Scheduled Drugs as on 10.08.2022"", Schedule-I / NLEM 2015",2022-08-10,Sodium nitrite,1 ml,1499(E),30.03.2022,6,false,false
sodium thiosulfate,Injection 100 mg/ml,,4.2.13,"Compendium-Prices-2022pdf-464b22085495ff4e3f8700c0e00cf45d.pdf -- NPPA, ""Compendium of Ceiling Prices of Scheduled Drugs as on 10.08.2022"", Schedule-I / NLEM 2015",2022-08-10,Sodium thiosulphate,,,,6,false,false
carbamazepine,Tablet 100 mg 1 Tablet,1.13,5.1,"Compendium-Prices-2022pdf-464b22085495ff4e3f8700c0e00cf45d.pdf -- NPPA, ""Compendium of Ceiling Prices of Scheduled Drugs as on 10.08.2022"", Schedule-I / NLEM 2015",2022-08-10,Carbamazepine,1 Tablet,1499(E),30.03.2022,6,false,true
carbamazepine,Tablet 200 mg 1 Tablet,1.55,5.1,"Compendium-Prices-2022pdf-464b22085495ff4e3f8700c0e00cf45d.pdf -- NPPA, ""Compendium of Ceiling Prices of Scheduled Drugs as on 10.08.2022"", Schedule-I / NLEM 2015",2022-08-10,Carbamazepine,1 Tablet,1499(E),30.03.2022,6,false,true
carbamazepine,CR Tablet 200 mg 1 Tablet,2.59,5.1,"Compendium-Prices-2022pdf-464b22085495ff4e3f8700c0e00cf45d.pdf -- NPPA, ""Compendium of Ceiling Prices of Scheduled Drugs as on 10.08.2022"", Schedule-I / NLEM 2015",2022-08-10,Carbamazepine,1 Tablet,1499(E),30.03.2022,6,false,true
carbamazepine,Tablet 400 mg 1 Tablet,3.67,5.1,"Compendium-Prices-2022pdf-464b22085495ff4e3f8700c0e00cf45d.pdf -- NPPA, ""Compendium of Ceiling Prices of Scheduled Drugs as on 10.08.2022"", Schedule-I / NLEM 2015",2022-08-10,Carbamazepine,1 Tablet,1499(E),30.03.2022,6,false,true
carbamazepine,CR Tablet 400 mg 1 Tablet,5.11,5.1,"Compendium-Prices-2022pdf-464b22085495ff4e3f8700c0e00cf45d.pdf -- NPPA, ""Compendium of Ceiling Prices of Scheduled Drugs as on 10.08.2022"", Schedule-I / NLEM 2015",2022-08-10,Carbamazepine,1 Tablet,1499(E),30.03.2022,6,false,true
carbamazepine,Oral liquid 100 mg/5 ml 1 ml,0.32,5.1,"Compendium-Prices-2022pdf-464b22085495ff4e3f8700c0e00cf45d.pdf -- NPPA, ""Compendium of Ceiling Prices of Scheduled Drugs as on 10.08.2022"", Schedule-I / NLEM 2015",2022-08-10,Carbamazepine,1 ml,1499(E),30.03.2022,6,false,true
carbamazepine,Oral liquid 200 mg/5 ml,,5.1,"Compendium-Prices-2022pdf-464b22085495ff4e3f8700c0e00cf45d.pdf -- NPPA, ""Compendium of Ceiling Prices of Scheduled Drugs as on 10.08.2022"", Schedule-I / NLEM 2015",2022-08-10,Carbamazepine,,,,6,false,true
clobazam,Tablet 5 mg 1 Tablet,5.70,5.2,"Compendium-Prices-2022pdf-464b22085495ff4e3f8700c0e00cf45d.pdf -- NPPA, ""Compendium of Ceiling Prices of Scheduled Drugs as on 10.08.2022"", Schedule-I / NLEM 2015",2022-08-10,Clobazam,1 Tablet,1499(E),30.03.2022,6,false,true
clobazam,Tablet 10 mg 1 Tablet,10.04,5.2,"Compendium-Prices-2022pdf-464b22085495ff4e3f8700c0e00cf45d.pdf -- NPPA, ""Compendium of Ceiling Prices of Scheduled Drugs as on 10.08.2022"", Schedule-I / NLEM 2015",2022-08-10,Clobazam,1 Tablet,1499(E),30.03.2022,6,false,true
diazepam,Injection 5 mg/ml 1 ml,6.72,5.3,"Compendium-Prices-2022pdf-464b22085495ff4e3f8700c0e00cf45d.pdf -- NPPA, ""Compendium of Ceiling Prices of Scheduled Drugs as on 10.08.2022"", Schedule-I / NLEM 2015",2022-08-10,Diazepam,1 ml,1499(E),30.03.2022,6,false,true
diazepam,Oral Liquid 2 mg/5ml 1 ml,3.03,5.3,"Compendium-Prices-2022pdf-464b22085495ff4e3f8700c0e00cf45d.pdf -- NPPA, ""Compendium of Ceiling Prices of Scheduled Drugs as on 10.08.2022"", Schedule-I / NLEM 2015",2022-08-10,Diazepam,1 ml,1499(E),30.03.2022,6,false,true
diazepam,Suppository 5 mg 1 Suppository,6.63,5.3,"Compendium-Prices-2022pdf-464b22085495ff4e3f8700c0e00cf45d.pdf -- NPPA, ""Compendium of Ceiling Prices of Scheduled Drugs as on 10.08.2022"", Schedule-I / NLEM 2015",2022-08-10,Diazepam,1 Suppository,1499(E),30.03.2022,6,false,true
diazepam,Tablet 2 mg 1 Tablet,1.67,5.3,"Compendium-Prices-2022pdf-464b22085495ff4e3f8700c0e00cf45d.pdf -- NPPA, ""Compendium of Ceiling Prices of Scheduled Drugs as on 10.08.2022"", Schedule-I / NLEM 2015",2022-08-10,Diazepam,1 Tablet,1499(E),30.03.2022,6,false,true
diazepam,Tablet 5 mg 1 Tablet,1.58,5.3,"Compendium-Prices-2022pdf-464b22085495ff4e3f8700c0e00cf45d.pdf -- NPPA, ""Compendium of Ceiling Prices of Scheduled Drugs as on 10.08.2022"", Schedule-I / NLEM 2015",2022-08-10,Diazepam,1 Tablet,1499(E),30.03.2022,6,false,true
levetiracetam,Tablet 250 mg 1 Tablet,6.49,5.4,"Compendium-Prices-2022pdf-464b22085495ff4e3f8700c0e00cf45d.pdf -- NPPA, ""Compendium of Ceiling Prices of Scheduled Drugs as on 10.08.2022"", Schedule-I / NLEM 2015",2022-08-10,Levetiracetam,1 Tablet,1499(E),30.03.2022,6,false,true
levetiracetam,Tablet 500 mg 1 Tablet,13.13,5.4,"Compendium-Prices-2022pdf-464b22085495ff4e3f8700c0e00cf45d.pdf -- NPPA, ""Compendium of Ceiling Prices of Scheduled Drugs as on 10.08.2022"", Schedule-I / NLEM 2015",2022-08-10,Levetiracetam,1 Tablet,1499(E),30.03.2022,6,false,true
levetiracetam,Tablet 750 mg 1 Tablet,20.19,5.4,"Compendium-Prices-2022pdf-464b22085495ff4e3f8700c0e00cf45d.pdf -- NPPA, ""Compendium of Ceiling Prices of Scheduled Drugs as on 10.08.2022"", Schedule-I / NLEM 2015",2022-08-10,Levetiracetam,1 Tablet,1499(E),30.03.2022,6,false,true
levetiracetam,ER Tablet 750 mg 1 Tablet,19.31,5.4,"Compendium-Prices-2022pdf-464b22085495ff4e3f8700c0e00cf45d.pdf -- NPPA, ""Compendium of Ceiling Prices of Scheduled Drugs as on 10.08.2022"", Schedule-I / NLEM 2015",2022-08-10,Levetiracetam,1 Tablet,1499(E),30.03.2022,6,false,true
levetiracetam,Oral liquid 100 mg/ml 1 ml,4.05,5.4,"Compendium-Prices-2022pdf-464b22085495ff4e3f8700c0e00cf45d.pdf -- NPPA, ""Compendium of Ceiling Prices of Scheduled Drugs as on 10.08.2022"", Schedule-I / NLEM 2015",2022-08-10,Levetiracetam,1 ml,1499(E),30.03.2022,6,false,true
levetiracetam,Injection 100 mg/ml 1 ml,24.22,5.4,"Compendium-Prices-2022pdf-464b22085495ff4e3f8700c0e00cf45d.pdf -- NPPA, ""Compendium of Ceiling Prices of Scheduled Drugs as on 10.08.2022"", Schedule-I / NLEM 2015",2022-08-10,Levetiracetam,1 ml,1499(E),30.03.2022,6,false,true
lorazepam,Tablet 1 mg 1 Tablet,2.29,5.5,"Compendium-Prices-2022pdf-464b22085495ff4e3f8700c0e00cf45d.pdf -- NPPA, ""Compendium of Ceiling Prices of Scheduled Drugs as on 10.08.2022"", Schedule-I / NLEM 2015",2022-08-10,Lorazepam,1 Tablet,1499(E),30.03.2022,6,false,true
lorazepam,Tablet 2 mg 1 Tablet,2.79,5.5,"Compendium-Prices-2022pdf-464b22085495ff4e3f8700c0e00cf45d.pdf -- NPPA, ""Compendium of Ceiling Prices of Scheduled Drugs as on 10.08.2022"", Schedule-I / NLEM 2015",2022-08-10,Lorazepam,1 Tablet,1499(E),30.03.2022,6,false,true
lorazepam,Injection 2 mg/ml 1 ml,8.63,5.5,"Compendium-Prices-2022pdf-464b22085495ff4e3f8700c0e00cf45d.pdf -- NPPA, ""Compendium of Ceiling Prices of Scheduled Drugs as on 10.08.2022"", Schedule-I / NLEM 2015",2022-08-10,Lorazepam,1 ml,1499(E),30.03.2022,6,false,true
magnesium,Injection 500 mg/ml 1 ml,5.31,5.6,"Compendium-Prices-2022pdf-464b22085495ff4e3f8700c0e00cf45d.pdf -- NPPA, ""Compendium of Ceiling Prices of Scheduled Drugs as on 10.08.2022"", Schedule-I / NLEM 2015",2022-08-10,Magnesium sulphate,1 ml,1499(E),30.03.2022,6,false,true
phenobarbital,Tablet 30 mg 1 Tablet,1.36,5.7,"Compendium-Prices-2022pdf-464b22085495ff4e3f8700c0e00cf45d.pdf -- NPPA, ""Compendium of Ceiling Prices of Scheduled Drugs as on 10.08.2022"", Schedule-I / NLEM 2015",2022-08-10,Phenobarbitone,1 Tablet,1499(E),30.03.2022,6,false,true
phenobarbital,Tablet 60 mg 1 Tablet,1.96,5.7,"Compendium-Prices-2022pdf-464b22085495ff4e3f8700c0e00cf45d.pdf -- NPPA, ""Compendium of Ceiling Prices of Scheduled Drugs as on 10.08.2022"", Schedule-I / NLEM 2015",2022-08-10,Phenobarbitone,1 Tablet,1499(E),30.03.2022,6,false,true
phenobarbital,Oral liquid 20 mg/5 ml 1 ml,0.49,5.7,"Compendium-Prices-2022pdf-464b22085495ff4e3f8700c0e00cf45d.pdf -- NPPA, ""Compendium of Ceiling Prices of Scheduled Drugs as on 10.08.2022"", Schedule-I / NLEM 2015",2022-08-10,Phenobarbitone,1 ml,1499(E),30.03.2022,6,false,true
phenobarbital,Injection 200 mg/ml 1 ml,21.28,5.7,"Compendium-Prices-2022pdf-464b22085495ff4e3f8700c0e00cf45d.pdf -- NPPA, ""Compendium of Ceiling Prices of Scheduled Drugs as on 10.08.2022"", Schedule-I / NLEM 2015",2022-08-10,Phenobarbitone,1 ml,1499(E),30.03.2022,6,false,true
phenytoin,Capsule 100 mg 1 Capsule,1.69,5.8,"Compendium-Prices-2022pdf-464b22085495ff4e3f8700c0e00cf45d.pdf -- NPPA, ""Compendium of Ceiling Prices of Scheduled Drugs as on 10.08.2022"", Schedule-I / NLEM 2015",2022-08-10,Phenytoin,1 Capsule,1499(E),30.03.2022,6,false,true
phenytoin,Injection 50 mg/ml 1 ml,5.97,5.8,"Compendium-Prices-2022pdf-464b22085495ff4e3f8700c0e00cf45d.pdf -- NPPA, ""Compendium of Ceiling Prices of Scheduled Drugs as on 10.08.2022"", Schedule-I / NLEM 2015",2022-08-10,Phenytoin,1 ml,1499(E),30.03.2022,7,false,true
phenytoin,Oral Liquid 125 mg/5ml 1 ml,1.00,5.8,"Compendium-Prices-2022pdf-464b22085495ff4e3f8700c0e00cf45d.pdf -- NPPA, ""Compendium of Ceiling Prices of Scheduled Drugs as on 10.08.2022"", Schedule-I / NLEM 2015",2022-08-10,Phenytoin,1 ml,1499(E),30.03.2022,7,false,true
phenytoin,Oral Liquid 30 mg/5ml 1 ml,0.34,5.8,"Compendium-Prices-2022pdf-464b22085495ff4e3f8700c0e00cf45d.pdf -- NPPA, ""Compendium of Ceiling Prices of Scheduled Drugs as on 10.08.2022"", Schedule-I / NLEM 2015",2022-08-10,Phenytoin,1 ml,1499(E),30.03.2022,7,false,true
phenytoin,ER Tablet 300 mg 1 Tablet,6.45,5.8,"Compendium-Prices-2022pdf-464b22085495ff4e3f8700c0e00cf45d.pdf -- NPPA, ""Compendium of Ceiling Prices of Scheduled Drugs as on 10.08.2022"", Schedule-I / NLEM 2015",2022-08-10,Phenytoin,1 Tablet,1499(E),30.03.2022,7,false,true
phenytoin,Tablet 100 mg 1 Tablet,1.73,5.8,"Compendium-Prices-2022pdf-464b22085495ff4e3f8700c0e00cf45d.pdf -- NPPA, ""Compendium of Ceiling Prices of Scheduled Drugs as on 10.08.2022"", Schedule-I / NLEM 2015",2022-08-10,Phenytoin,1 Tablet,1499(E),30.03.2022,7,false,true
phenytoin,Tablet 300 mg 1 Tablet,5.27,5.8,"Compendium-Prices-2022pdf-464b22085495ff4e3f8700c0e00cf45d.pdf -- NPPA, ""Compendium of Ceiling Prices of Scheduled Drugs as on 10.08.2022"", Schedule-I / NLEM 2015",2022-08-10,Phenytoin,1 Tablet,1499(E),30.03.2022,7,false,true
phenytoin,Tablet 50 mg 1 Tablet,0.82,5.8,"Compendium-Prices-2022pdf-464b22085495ff4e3f8700c0e00cf45d.pdf -- NPPA, ""Compendium of Ceiling Prices of Scheduled Drugs as on 10.08.2022"", Schedule-I / NLEM 2015",2022-08-10,Phenytoin,1 Tablet,1499(E),30.03.2022,7,false,true
valproic acid,Tablet 200 mg 1 Tablet,3.44,5.9,"Compendium-Prices-2022pdf-464b22085495ff4e3f8700c0e00cf45d.pdf -- NPPA, ""Compendium of Ceiling Prices of Scheduled Drugs as on 10.08.2022"", Schedule-I / NLEM 2015",2022-08-10,Sodium valproate,1 Tablet,1499(E),30.03.2022,7,false,true
valproic acid,Tablet 300 mg 1 Tablet,4.41,5.9,"Compendium-Prices-2022pdf-464b22085495ff4e3f8700c0e00cf45d.pdf -- NPPA, ""Compendium of Ceiling Prices of Scheduled Drugs as on 10.08.2022"", Schedule-I / NLEM 2015",2022-08-10,Sodium valproate,1 Tablet,1499(E),30.03.2022,7,false,true
valproic acid,CR Tablet 300 mg 1 Tablet,6.99,5.9,"Compendium-Prices-2022pdf-464b22085495ff4e3f8700c0e00cf45d.pdf -- NPPA, ""Compendium of Ceiling Prices of Scheduled Drugs as on 10.08.2022"", Schedule-I / NLEM 2015",2022-08-10,Sodium valproate,1 Tablet,1499(E),30.03.2022,7,false,true
valproic acid,Tablet 500 mg 1 Tablet,7.71,5.9,"Compendium-Prices-2022pdf-464b22085495ff4e3f8700c0e00cf45d.pdf -- NPPA, ""Compendium of Ceiling Prices of Scheduled Drugs as on 10.08.2022"", Schedule-I / NLEM 2015",2022-08-10,Sodium valproate,1 Tablet,1499(E),30.03.2022,7,false,true
valproic acid,CR Tablet 500 mg 1 Tablet,10.82,5.9,"Compendium-Prices-2022pdf-464b22085495ff4e3f8700c0e00cf45d.pdf -- NPPA, ""Compendium of Ceiling Prices of Scheduled Drugs as on 10.08.2022"", Schedule-I / NLEM 2015",2022-08-10,Sodium valproate,1 Tablet,1499(E),30.03.2022,7,false,true
valproic acid,Oral liquid 200 mg/5ml 1 ml,0.64,5.9,"Compendium-Prices-2022pdf-464b22085495ff4e3f8700c0e00cf45d.pdf -- NPPA, ""Compendium of Ceiling Prices of Scheduled Drugs as on 10.08.2022"", Schedule-I / NLEM 2015",2022-08-10,Sodium valproate,1 ml,1499(E),30.03.2022,7,false,true
valproic acid,Injection 100 mg/ml 1 ml,6.40,5.9,"Compendium-Prices-2022pdf-464b22085495ff4e3f8700c0e00cf45d.pdf -- NPPA, ""Compendium of Ceiling Prices of Scheduled Drugs as on 10.08.2022"", Schedule-I / NLEM 2015",2022-08-10,Sodium valproate,1 ml,1499(E),30.03.2022,7,false,true
albendazole,Tablet 400 mg 1 Tablet,8.55,6.1.1.1,"Compendium-Prices-2022pdf-464b22085495ff4e3f8700c0e00cf45d.pdf -- NPPA, ""Compendium of Ceiling Prices of Scheduled Drugs as on 10.08.2022"", Schedule-I / NLEM 2015",2022-08-10,Albendazole,1 Tablet,1499(E),30.03.2022,7,false,true
albendazole,Oral liquid 200 mg/5 ml 1 ml,1.77,6.1.1.1,"Compendium-Prices-2022pdf-464b22085495ff4e3f8700c0e00cf45d.pdf -- NPPA, ""Compendium of Ceiling Prices of Scheduled Drugs as on 10.08.2022"", Schedule-I / NLEM 2015",2022-08-10,Albendazole,1 ml,1499(E),30.03.2022,7,false,true
mebendazole,Tablet 100 mg 1 Tablet,3.26,6.1.1.2,"Compendium-Prices-2022pdf-464b22085495ff4e3f8700c0e00cf45d.pdf -- NPPA, ""Compendium of Ceiling Prices of Scheduled Drugs as on 10.08.2022"", Schedule-I / NLEM 2015",2022-08-10,Mebendazole,1 Tablet,1499(E),30.03.2022,7,false,true
mebendazole,Oral liquid 100 mg/5 ml 1 ml,0.85,6.1.1.2,"Compendium-Prices-2022pdf-464b22085495ff4e3f8700c0e00cf45d.pdf -- NPPA, ""Compendium of Ceiling Prices of Scheduled Drugs as on 10.08.2022"", Schedule-I / NLEM 2015",2022-08-10,Mebendazole,1 ml,1499(E),30.03.2022,7,false,true
diethylcarbamazine,Tablet 50 mg 1 Tablet,0.62,6.1.2.1,"Compendium-Prices-2022pdf-464b22085495ff4e3f8700c0e00cf45d.pdf -- NPPA, ""Compendium of Ceiling Prices of Scheduled Drugs as on 10.08.2022"", Schedule-I / NLEM 2015",2022-08-10,Diethylcarbamazine,1 Tablet,1499(E),30.03.2022,7,false,true
diethylcarbamazine,Tablet 100 mg 1 Tablet,1.57,6.1.2.1,"Compendium-Prices-2022pdf-464b22085495ff4e3f8700c0e00cf45d.pdf -- NPPA, ""Compendium of Ceiling Prices of Scheduled Drugs as on 10.08.2022"", Schedule-I / NLEM 2015",2022-08-10,Diethylcarbamazine,1 Tablet,1499(E),30.03.2022,7,false,true
diethylcarbamazine,Oral liquid 120 mg/5 ml 1 ml,0.54,6.1.2.1,"Compendium-Prices-2022pdf-464b22085495ff4e3f8700c0e00cf45d.pdf -- NPPA, ""Compendium of Ceiling Prices of Scheduled Drugs as on 10.08.2022"", Schedule-I / NLEM 2015",2022-08-10,Diethylcarbamazine,1 ml,1499(E),30.03.2022,7,false,true
praziquantel,Tablet 600 mg 1 tablet,38.57,6.1.3.1,"Compendium-Prices-2022pdf-464b22085495ff4e3f8700c0e00cf45d.pdf -- NPPA, ""Compendium of Ceiling Prices of Scheduled Drugs as on 10.08.2022"", Schedule-I / NLEM 2015",2022-08-10,Praziquantel,1 tablet,1499(E),30.03.2022,7,false,false
amoxicillin,Capsule 250 mg 1 Capsule,2.45,6.2.1.1,"Compendium-Prices-2022pdf-464b22085495ff4e3f8700c0e00cf45d.pdf -- NPPA, ""Compendium of Ceiling Prices of Scheduled Drugs as on 10.08.2022"", Schedule-I / NLEM 2015",2022-08-10,Amoxicillin,1 Capsule,1499(E),30.03.2022,7,false,true
amoxicillin,Capsule 500 mg 1 Capsule,7.17,6.2.1.1,"Compendium-Prices-2022pdf-464b22085495ff4e3f8700c0e00cf45d.pdf -- NPPA, ""Compendium of Ceiling Prices of Scheduled Drugs as on 10.08.2022"", Schedule-I / NLEM 2015",2022-08-10,Amoxicillin,1 Capsule,1499(E),30.03.2022,7,false,true
amoxicillin,Oral liquid 250 mg/5 ml 1 ml,1.50,6.2.1.1,"Compendium-Prices-2022pdf-464b22085495ff4e3f8700c0e00cf45d.pdf -- NPPA, ""Compendium of Ceiling Prices of Scheduled Drugs as on 10.08.2022"", Schedule-I / NLEM 2015",2022-08-10,Amoxicillin,1 ml,1499(E),30.03.2022,7,false,true
amoxicillin|clavulanate,Tablet 500 mg (A) + 125 mg (B) 1 Tablet,19.95,6.2.1.2,"Compendium-Prices-2022pdf-464b22085495ff4e3f8700c0e00cf45d.pdf -- NPPA, ""Compendium of Ceiling Prices of Scheduled Drugs as on 10.08.2022"", Schedule-I / NLEM 2015",2022-08-10,Amoxicillin (A) + Clavulanic acid (B),1 Tablet,1499(E),30.03.2022,7,true,true
amoxicillin|clavulanate,Oral liquid 200 mg (A) + 28.5 mg (B)/5 ml 1 ml,2.00,6.2.1.2,"Compendium-Prices-2022pdf-464b22085495ff4e3f8700c0e00cf45d.pdf -- NPPA, ""Compendium of Ceiling Prices of Scheduled Drugs as on 10.08.2022"", Schedule-I / NLEM 2015",2022-08-10,Amoxicillin (A) + Clavulanic acid (B),1 ml,1499(E),30.03.2022,7,true,true
amoxicillin|clavulanate,Dry Syrup 125 mg (A) + 31.25 (B)/5 ml 1 ml,2.40,6.2.1.2,"Compendium-Prices-2022pdf-464b22085495ff4e3f8700c0e00cf45d.pdf -- NPPA, ""Compendium of Ceiling Prices of Scheduled Drugs as on 10.08.2022"", Schedule-I / NLEM 2015",2022-08-10,Amoxicillin (A) + Clavulanic acid (B),1 ml,1499(E),30.03.2022,7,true,true
amoxicillin|clavulanate,Powder for Injection 500 mg (A) + 100 mg (B) Each Pack,99.96,6.2.1.2,"Compendium-Prices-2022pdf-464b22085495ff4e3f8700c0e00cf45d.pdf -- NPPA, ""Compendium of Ceiling Prices of Scheduled Drugs as on 10.08.2022"", Schedule-I / NLEM 2015",2022-08-10,Amoxicillin (A) + Clavulanic acid (B),Each Pack,1499(E),30.03.2022,7,true,true
amoxicillin|clavulanate,Powder for Injection 1 g (A) + Each Pack,139.44,6.2.1.2,"Compendium-Prices-2022pdf-464b22085495ff4e3f8700c0e00cf45d.pdf -- NPPA, ""Compendium of Ceiling Prices of Scheduled Drugs as on 10.08.2022"", Schedule-I / NLEM 2015",2022-08-10,Amoxicillin (A) + Clavulanic acid (B),Each Pack,1499(E),30.03.2022,7,true,true
amoxicillin|clavulanate,200 mg (B),,6.2.1.2,"Compendium-Prices-2022pdf-464b22085495ff4e3f8700c0e00cf45d.pdf -- NPPA, ""Compendium of Ceiling Prices of Scheduled Drugs as on 10.08.2022"", Schedule-I / NLEM 2015",2022-08-10,Amoxicillin (A) + Clavulanic acid (B),,,,7,true,true
ampicillin,Powder for Injection 500 mg Each Pack,14.60,6.2.1.3,"Compendium-Prices-2022pdf-464b22085495ff4e3f8700c0e00cf45d.pdf -- NPPA, ""Compendium of Ceiling Prices of Scheduled Drugs as on 10.08.2022"", Schedule-I / NLEM 2015",2022-08-10,Ampicillin,Each Pack,1499(E),30.03.2022,7,false,true
ampicillin,Powder for Injection 1 g Each Pack,23.69,6.2.1.3,"Compendium-Prices-2022pdf-464b22085495ff4e3f8700c0e00cf45d.pdf -- NPPA, ""Compendium of Ceiling Prices of Scheduled Drugs as on 10.08.2022"", Schedule-I / NLEM 2015",2022-08-10,Ampicillin,Each Pack,1499(E),30.03.2022,7,false,true
penicillin g benzathine,Powder for Injection 6 lac units Each Pack,13.39,6.2.1.4,"Compendium-Prices-2022pdf-464b22085495ff4e3f8700c0e00cf45d.pdf -- NPPA, ""Compendium of Ceiling Prices of Scheduled Drugs as on 10.08.2022"", Schedule-I / NLEM 2015",2022-08-10,Benzathine benzylpenicillin,Each Pack,1499(E),30.03.2022,7,false,false
penicillin g benzathine,Powder for Injection 12 lac units Each Pack,20.25,6.2.1.4,"Compendium-Prices-2022pdf-464b22085495ff4e3f8700c0e00cf45d.pdf -- NPPA, ""Compendium of Ceiling Prices of Scheduled Drugs as on 10.08.2022"", Schedule-I / NLEM 2015",2022-08-10,Benzathine benzylpenicillin,Each Pack,1499(E),30.03.2022,7,false,false
penicillin g,Powder for Injection 10 lac units Each Pack,8.66,6.2.1.5,"Compendium-Prices-2022pdf-464b22085495ff4e3f8700c0e00cf45d.pdf -- NPPA, ""Compendium of Ceiling Prices of Scheduled Drugs as on 10.08.2022"", Schedule-I / NLEM 2015",2022-08-10,Benzyl penicillin,Each Pack,1499(E),30.03.2022,7,false,true
cefadroxil,Tablet 500 mg 1 Tablet,4.47,6.2.1.6,"Compendium-Prices-2022pdf-464b22085495ff4e3f8700c0e00cf45d.pdf -- NPPA, ""Compendium of Ceiling Prices of Scheduled Drugs as on 10.08.2022"", Schedule-I / NLEM 2015",2022-08-10,Cefadroxil,1 Tablet,1499(E),30.03.2022,7,false,true
cefadroxil,Tablet 1 g 1 Tablet,6.98,6.2.1.6,"Compendium-Prices-2022pdf-464b22085495ff4e3f8700c0e00cf45d.pdf -- NPPA, ""Compendium of Ceiling Prices of Scheduled Drugs as on 10.08.2022"", Schedule-I / NLEM 2015",2022-08-10,Cefadroxil,1 Tablet,1499(E),30.03.2022,7,false,true
cefadroxil,Oral liquid 125 mg/5 ml 1 ml,0.70,6.2.1.6,"Compendium-Prices-2022pdf-464b22085495ff4e3f8700c0e00cf45d.pdf -- NPPA, ""Compendium of Ceiling Prices of Scheduled Drugs as on 10.08.2022"", Schedule-I / NLEM 2015",2022-08-10,Cefadroxil,1 ml,1499(E),30.03.2022,7,false,true
cefadroxil,Powder for Injection 1 g Each Pack,27.26,6.2.1.6,"Compendium-Prices-2022pdf-464b22085495ff4e3f8700c0e00cf45d.pdf -- NPPA, ""Compendium of Ceiling Prices of Scheduled Drugs as on 10.08.2022"", Schedule-I / NLEM 2015",2022-08-10,Cefadroxil,Each Pack,1499(E),30.03.2022,8,false,true
cefixime,Capsule 200 mg 1 Capsule,16.03,6.2.1.8,"Compendium-Prices-2022pdf-464b22085495ff4e3f8700c0e00cf45d.pdf -- NPPA, ""Compendium of Ceiling Prices of Scheduled Drugs as on 10.08.2022"", Schedule-I / NLEM 2015",2022-08-10,Cefixime,1 Capsule,1499(E),30.03.2022,8,false,true
cefixime,Capsule 400 mg 1 Capsule,32.47,6.2.1.8,"Compendium-Prices-2022pdf-464b22085495ff4e3f8700c0e00cf45d.pdf -- NPPA, ""Compendium of Ceiling Prices of Scheduled Drugs as on 10.08.2022"", Schedule-I / NLEM 2015",2022-08-10,Cefixime,1 Capsule,1499(E),30.03.2022,8,false,true
cefixime,Oral Liquid 100 mg/5ml 1 ml,2.39,6.2.1.8,"Compendium-Prices-2022pdf-464b22085495ff4e3f8700c0e00cf45d.pdf -- NPPA, ""Compendium of Ceiling Prices of Scheduled Drugs as on 10.08.2022"", Schedule-I / NLEM 2015",2022-08-10,Cefixime,1 ml,1499(E),30.03.2022,8,false,true
cefixime,Oral Liquid 50 mg/5ml 1 ml,1.62,6.2.1.8,"Compendium-Prices-2022pdf-464b22085495ff4e3f8700c0e00cf45d.pdf -- NPPA, ""Compendium of Ceiling Prices of Scheduled Drugs as on 10.08.2022"", Schedule-I / NLEM 2015",2022-08-10,Cefixime,1 ml,1499(E),30.03.2022,8,false,true
cefixime,Tablet 400 mg 1 Tablet,24.50,6.2.1.8,"Compendium-Prices-2022pdf-464b22085495ff4e3f8700c0e00cf45d.pdf -- NPPA, ""Compendium of Ceiling Prices of Scheduled Drugs as on 10.08.2022"", Schedule-I / NLEM 2015",2022-08-10,Cefixime,1 Tablet,1499(E),30.03.2022,8,false,true
cefixime,Tablet 200mg 1 Tablet,10.66,6.2.1.8,"Compendium-Prices-2022pdf-464b22085495ff4e3f8700c0e00cf45d.pdf -- NPPA, ""Compendium of Ceiling Prices of Scheduled Drugs as on 10.08.2022"", Schedule-I / NLEM 2015",2022-08-10,Cefixime,1 Tablet,1499(E),30.03.2022,8,false,true
cefotaxime,Powder for Injection 250 mg Each Pack,17.32,6.2.1.9,"Compendium-Prices-2022pdf-464b22085495ff4e3f8700c0e00cf45d.pdf -- NPPA, ""Compendium of Ceiling Prices of Scheduled Drugs as on 10.08.2022"", Schedule-I / NLEM 2015",2022-08-10,Cefotaxime,Each Pack,1499(E),30.03.2022,8,false,true
cefotaxime,Powder for Injection 500 mg Each Pack,22.78,6.2.1.9,"Compendium-Prices-2022pdf-464b22085495ff4e3f8700c0e00cf45d.pdf -- NPPA, ""Compendium of Ceiling Prices of Scheduled Drugs as on 10.08.2022"", Schedule-I / NLEM 2015",2022-08-10,Cefotaxime,Each Pack,1499(E),30.03.2022,8,false,true
cefotaxime,Powder for Injection 1 g Each Pack,38.10,6.2.1.9,"Compendium-Prices-2022pdf-464b22085495ff4e3f8700c0e00cf45d.pdf -- NPPA, ""Compendium of Ceiling Prices of Scheduled Drugs as on 10.08.2022"", Schedule-I / NLEM 2015",2022-08-10,Cefotaxime,Each Pack,1499(E),30.03.2022,8,false,true
ceftazidime,Powder for Injection 250 mg Each Pack,72.27,6.2.1.1.0,"Compendium-Prices-2022pdf-464b22085495ff4e3f8700c0e00cf45d.pdf -- NPPA, ""Compendium of Ceiling Prices of Scheduled Drugs as on 10.08.2022"", Schedule-I / NLEM 2015",2022-08-10,Ceftazidime,Each Pack,1499(E),30.03.2022,8,false,true
ceftazidime,Powder for Injection 1 g Each Pack,232.39,6.2.1.1.0,"Compendium-Prices-2022pdf-464b22085495ff4e3f8700c0e00cf45d.pdf -- NPPA, ""Compendium of Ceiling Prices of Scheduled Drugs as on 10.08.2022"", Schedule-I / NLEM 2015",2022-08-10,Ceftazidime,Each Pack,1499(E),30.03.2022,8,false,true
ceftriaxone,Powder for Injection 250 mg Each Pack,27.40,6.2.1.1.1,"Compendium-Prices-2022pdf-464b22085495ff4e3f8700c0e00cf45d.pdf -- NPPA, ""Compendium of Ceiling Prices of Scheduled Drugs as on 10.08.2022"", Schedule-I / NLEM 2015",2022-08-10,Ceftriaxone,Each Pack,1499(E),30.03.2022,8,false,true
ceftriaxone,Powder for Injection 500 mg Each Pack,50.06,6.2.1.1.1,"Compendium-Prices-2022pdf-464b22085495ff4e3f8700c0e00cf45d.pdf -- NPPA, ""Compendium of Ceiling Prices of Scheduled Drugs as on 10.08.2022"", Schedule-I / NLEM 2015",2022-08-10,Ceftriaxone,Each Pack,1499(E),30.03.2022,8,false,true
ceftriaxone,Powder for Injection 1 g Each Pack,59.86,6.2.1.1.1,"Compendium-Prices-2022pdf-464b22085495ff4e3f8700c0e00cf45d.pdf -- NPPA, ""Compendium of Ceiling Prices of Scheduled Drugs as on 10.08.2022"", Schedule-I / NLEM 2015",2022-08-10,Ceftriaxone,Each Pack,1499(E),30.03.2022,8,false,true
ceftriaxone,Powder for Injection 2 g Each Pack,142.29,6.2.1.1.1,"Compendium-Prices-2022pdf-464b22085495ff4e3f8700c0e00cf45d.pdf -- NPPA, ""Compendium of Ceiling Prices of Scheduled Drugs as on 10.08.2022"", Schedule-I / NLEM 2015",2022-08-10,Ceftriaxone,Each Pack,1499(E),30.03.2022,8,false,true
cloxacillin,Capsule 250mg 1 Capsule,1.26,6.2.1.1.2,"Compendium-Prices-2022pdf-464b22085495ff4e3f8700c0e00cf45d.pdf -- NPPA, ""Compendium of Ceiling Prices of Scheduled Drugs as on 10.08.2022"", Schedule-I / NLEM 2015",2022-08-10,Cloxacillin,1 Capsule,1499(E),30.03.2022,8,false,true
cloxacillin,Capsule 500mg 1 Capsule,2.12,6.2.1.1.2,"Compendium-Prices-2022pdf-464b22085495ff4e3f8700c0e00cf45d.pdf -- NPPA, ""Compendium of Ceiling Prices of Scheduled Drugs as on 10.08.2022"", Schedule-I / NLEM 2015",2022-08-10,Cloxacillin,1 Capsule,1499(E),30.03.2022,8,false,true
cloxacillin,Tablet 250mg 1 Tablet,1.92,6.2.1.1.2,"Compendium-Prices-2022pdf-464b22085495ff4e3f8700c0e00cf45d.pdf -- NPPA, ""Compendium of Ceiling Prices of Scheduled Drugs as on 10.08.2022"", Schedule-I / NLEM 2015",2022-08-10,Cloxacillin,1 Tablet,1499(E),30.03.2022,8,false,true
cloxacillin,Powder for Injection250mg Each Pack,4.93,6.2.1.1.2,"Compendium-Prices-2022pdf-464b22085495ff4e3f8700c0e00cf45d.pdf -- NPPA, ""Compendium of Ceiling Prices of Scheduled Drugs as on 10.08.2022"", Schedule-I / NLEM 2015",2022-08-10,Cloxacillin,Each Pack,1499(E),30.03.2022,8,false,true
piperacillin|tazobactam,Powder for Injection 1 g (A) + 125 mg(B) Each Pack,98.15,6.2.1.1.3,"Compendium-Prices-2022pdf-464b22085495ff4e3f8700c0e00cf45d.pdf -- NPPA, ""Compendium of Ceiling Prices of Scheduled Drugs as on 10.08.2022"", Schedule-I / NLEM 2015",2022-08-10,Piperacillin (A) + Tazobactam (B),Each Pack,1499(E),30.03.2022,8,true,true
piperacillin|tazobactam,Powder for Injection 2 g (A) + 250 mg(B) Each Pack,232.20,6.2.1.1.3,"Compendium-Prices-2022pdf-464b22085495ff4e3f8700c0e00cf45d.pdf -- NPPA, ""Compendium of Ceiling Prices of Scheduled Drugs as on 10.08.2022"", Schedule-I / NLEM 2015",2022-08-10,Piperacillin (A) + Tazobactam (B),Each Pack,1499(E),30.03.2022,8,true,true
piperacillin|tazobactam,Powder for Injection 4 g (A) + 500 mg(B) Each Pack,487.76,6.2.1.1.3,"Compendium-Prices-2022pdf-464b22085495ff4e3f8700c0e00cf45d.pdf -- NPPA, ""Compendium of Ceiling Prices of Scheduled Drugs as on 10.08.2022"", Schedule-I / NLEM 2015",2022-08-10,Piperacillin (A) + Tazobactam (B),Each Pack,1499(E),30.03.2022,8,true,true
azithromycin,Capsule 250 mg 1 Capsule,11.66,6.2.2.1,"Compendium-Prices-2022pdf-464b22085495ff4e3f8700c0e00cf45d.pdf -- NPPA, ""Compendium of Ceiling Prices of Scheduled Drugs as on 10.08.2022"", Schedule-I / NLEM 2015",2022-08-10,Azithromycin,1 Capsule,1499(E),30.03.2022,8,false,true
azithromycin,Capsule 500 mg 1 Capsule,18.41,6.2.2.1,"Compendium-Prices-2022pdf-464b22085495ff4e3f8700c0e00cf45d.pdf -- NPPA, ""Compendium of Ceiling Prices of Scheduled Drugs as on 10.08.2022"", Schedule-I / NLEM 2015",2022-08-10,Azithromycin,1 Capsule,1499(E),30.03.2022,8,false,true
azithromycin,Oral Liquid 200 mg/5ml 1 ml,3.42,6.2.2.1,"Compendium-Prices-2022pdf-464b22085495ff4e3f8700c0e00cf45d.pdf -- NPPA, ""Compendium of Ceiling Prices of Scheduled Drugs as on 10.08.2022"", Schedule-I / NLEM 2015",2022-08-10,Azithromycin,1 ml,1499(E),30.03.2022,8,false,true
azithromycin,Tablet 250mg 1 Tablet,11.72,6.2.2.1,"Compendium-Prices-2022pdf-464b22085495ff4e3f8700c0e00cf45d.pdf -- NPPA, ""Compendium of Ceiling Prices of Scheduled Drugs as on 10.08.2022"", Schedule-I / NLEM 2015",2022-08-10,Azithromycin,1 Tablet,1499(E),30.03.2022,8,false,true
azithromycin,Tablet 500mg 1 Tablet,23.64,6.2.2.1,"Compendium-Prices-2022pdf-464b22085495ff4e3f8700c0e00cf45d.pdf -- NPPA, ""Compendium of Ceiling Prices of Scheduled Drugs as on 10.08.2022"", Schedule-I / NLEM 2015",2022-08-10,Azithromycin,1 Tablet,1499(E),30.03.2022,8,false,true
azithromycin,Powder for Injection 500mg Each Pack,213.48,6.2.2.1,"Compendium-Prices-2022pdf-464b22085495ff4e3f8700c0e00cf45d.pdf -- NPPA, ""Compendium of Ceiling Prices of Scheduled Drugs as on 10.08.2022"", Schedule-I / NLEM 2015",2022-08-10,Azithromycin,Each Pack,1499(E),30.03.2022,8,false,true
ciprofloxacin,Ointment 0.3% 1 gm,1.26,6.2.2.2,"Compendium-Prices-2022pdf-464b22085495ff4e3f8700c0e00cf45d.pdf -- NPPA, ""Compendium of Ceiling Prices of Scheduled Drugs as on 10.08.2022"", Schedule-I / NLEM 2015",2022-08-10,Ciprofloxacin,1 gm,1499(E),30.03.2022,8,false,true
ciprofloxacin,Drops 0.30% 1 ml,1.69,6.2.2.2,"Compendium-Prices-2022pdf-464b22085495ff4e3f8700c0e00cf45d.pdf -- NPPA, ""Compendium of Ceiling Prices of Scheduled Drugs as on 10.08.2022"", Schedule-I / NLEM 2015",2022-08-10,Ciprofloxacin,1 ml,1499(E),30.03.2022,8,false,true
ciprofloxacin,Injection 200 mg/100ml 1 ml,0.19,6.2.2.2,"Compendium-Prices-2022pdf-464b22085495ff4e3f8700c0e00cf45d.pdf -- NPPA, ""Compendium of Ceiling Prices of Scheduled Drugs as on 10.08.2022"", Schedule-I / NLEM 2015",2022-08-10,Ciprofloxacin,1 ml,1499(E),30.03.2022,8,false,true
ciprofloxacin,Oral Liquid 250 mg/5ml 1 ml,0.70,6.2.2.2,"Compendium-Prices-2022pdf-464b22085495ff4e3f8700c0e00cf45d.pdf -- NPPA, ""Compendium of Ceiling Prices of Scheduled Drugs as on 10.08.2022"", Schedule-I / NLEM 2015",2022-08-10,Ciprofloxacin,1 ml,1499(E),30.03.2022,8,false,true
ciprofloxacin,Tablet 250mg 1 Tablet,2.30,6.2.2.2,"Compendium-Prices-2022pdf-464b22085495ff4e3f8700c0e00cf45d.pdf -- NPPA, ""Compendium of Ceiling Prices of Scheduled Drugs as on 10.08.2022"", Schedule-I / NLEM 2015",2022-08-10,Ciprofloxacin,1 Tablet,1499(E),30.03.2022,8,false,true
ciprofloxacin,Tablet 500mg 1 Tablet,4.05,6.2.2.2,"Compendium-Prices-2022pdf-464b22085495ff4e3f8700c0e00cf45d.pdf -- NPPA, ""Compendium of Ceiling Prices of Scheduled Drugs as on 10.08.2022"", Schedule-I / NLEM 2015",2022-08-10,Ciprofloxacin,1 Tablet,1499(E),30.03.2022,8,false,true
clarithromycin,Tablet 250 mg 1 Tablet,31.09,6.2.2.3,"Compendium-Prices-2022pdf-464b22085495ff4e3f8700c0e00cf45d.pdf -- NPPA, ""Compendium of Ceiling Prices of Scheduled Drugs as on 10.08.2022"", Schedule-I / NLEM 2015",2022-08-10,Clarithromycin,1 Tablet,1499(E),30.03.2022,8,false,true
clarithromycin,Tablet 500 mg 1 Tablet,54.80,6.2.2.3,"Compendium-Prices-2022pdf-464b22085495ff4e3f8700c0e00cf45d.pdf -- NPPA, ""Compendium of Ceiling Prices of Scheduled Drugs as on 10.08.2022"", Schedule-I / NLEM 2015",2022-08-10,Clarithromycin,1 Tablet,1499(E),30.03.2022,8,false,true
clarithromycin,Oral liquid 125mg/5 ml 1 ml,4.79,6.2.2.3,"Compendium-Prices-2022pdf-464b22085495ff4e3f8700c0e00cf45d.pdf -- NPPA, ""Compendium of Ceiling Prices of Scheduled Drugs as on 10.08.2022"", Schedule-I / NLEM 2015",2022-08-10,Clarithromycin,1 ml,1499(E),30.03.2022,8,false,true
co-trimoxazole sulphamethoxazole|trimethoprim,Tablet 400 mg (A) + 80 mg (B) 1 Tablet,0.86,6.2.2.4,"Compendium-Prices-2022pdf-464b22085495ff4e3f8700c0e00cf45d.pdf -- NPPA, ""Compendium of Ceiling Prices of Scheduled Drugs as on 10.08.2022"", Schedule-I / NLEM 2015",2022-08-10,Co-trimoxazole [Sulphamethoxazol e (A) +Trimethoprim (B)],1 Tablet,1499(E),30.03.2022,8,true,true
co-trimoxazole sulphamethoxazole|trimethoprim,Tablet 800 mg (A) + 160 mg (B) 1 Tablet,2.25,6.2.2.4,"Compendium-Prices-2022pdf-464b22085495ff4e3f8700c0e00cf45d.pdf -- NPPA, ""Compendium of Ceiling Prices of Scheduled Drugs as on 10.08.2022"", Schedule-I / NLEM 2015",2022-08-10,Co-trimoxazole [Sulphamethoxazol e (A) +Trimethoprim (B)],1 Tablet,1499(E),30.03.2022,8,true,true
co-trimoxazole sulphamethoxazole|trimethoprim,Oral liquid 200 mg (A) + 40 mg (B)/5 ml 1 ml,0.37,6.2.2.4,"Compendium-Prices-2022pdf-464b22085495ff4e3f8700c0e00cf45d.pdf -- NPPA, ""Compendium of Ceiling Prices of Scheduled Drugs as on 10.08.2022"", Schedule-I / NLEM 2015",2022-08-10,Co-trimoxazole [Sulphamethoxazol e (A) +Trimethoprim (B)],1 ml,1499(E),30.03.2022,8,true,true
co-trimoxazole sulphamethoxazole|trimethoprim,Injection 40 mg/ml Each Pack (10,19.95,6.2.2.4,"Compendium-Prices-2022pdf-464b22085495ff4e3f8700c0e00cf45d.pdf -- NPPA, ""Compendium of Ceiling Prices of Scheduled Drugs as on 10.08.2022"", Schedule-I / NLEM 2015",2022-08-10,Co-trimoxazole [Sulphamethoxazol e (A) +Trimethoprim (B)],Each Pack (10,1499(E),30.03.2022,9,true,true
co-trimoxazole sulphamethoxazole|trimethoprim,Injection 40 mg/ml Each Pack (2 ml),9.35,6.2.2.4,"Compendium-Prices-2022pdf-464b22085495ff4e3f8700c0e00cf45d.pdf -- NPPA, ""Compendium of Ceiling Prices of Scheduled Drugs as on 10.08.2022"", Schedule-I / NLEM 2015",2022-08-10,Co-trimoxazole [Sulphamethoxazol e (A) +Trimethoprim (B)],Each Pack (2 ml),1499(E),30.03.2022,9,true,true
co-trimoxazole sulphamethoxazole|trimethoprim,Injection 40 mg/ml Each Pack (20,30.24,6.2.2.4,"Compendium-Prices-2022pdf-464b22085495ff4e3f8700c0e00cf45d.pdf -- NPPA, ""Compendium of Ceiling Prices of Scheduled Drugs as on 10.08.2022"", Schedule-I / NLEM 2015",2022-08-10,Co-trimoxazole [Sulphamethoxazol e (A) +Trimethoprim (B)],Each Pack (20,1499(E),30.03.2022,9,true,true
co-trimoxazole sulphamethoxazole|trimethoprim,Injection 40 mg/ml Each Pack (30,33.10,6.2.2.4,"Compendium-Prices-2022pdf-464b22085495ff4e3f8700c0e00cf45d.pdf -- NPPA, ""Compendium of Ceiling Prices of Scheduled Drugs as on 10.08.2022"", Schedule-I / NLEM 2015",2022-08-10,Co-trimoxazole [Sulphamethoxazol e (A) +Trimethoprim (B)],Each Pack (30,1499(E),30.03.2022,9,true,true
co-trimoxazole sulphamethoxazole|trimethoprim,Drops 0.3% 1 ml,1.01,6.2.2.4,"Compendium-Prices-2022pdf-464b22085495ff4e3f8700c0e00cf45d.pdf -- NPPA, ""Compendium of Ceiling Prices of Scheduled Drugs as on 10.08.2022"", Schedule-I / NLEM 2015",2022-08-10,Co-trimoxazole [Sulphamethoxazol e (A) +Trimethoprim (B)],1 ml,1499(E),30.03.2022,9,true,true
metronidazole,Tablet 200 mg 1 Tablet,0.76,6.2.2.7,"Compendium-Prices-2022pdf-464b22085495ff4e3f8700c0e00cf45d.pdf -- NPPA, ""Compendium of Ceiling Prices of Scheduled Drugs as on 10.08.2022"", Schedule-I / NLEM 2015",2022-08-10,Metronidazole,1 Tablet,1499(E),30.03.2022,9,false,true
metronidazole,Tablet 400 mg 1 Tablet,1.42,6.2.2.7,"Compendium-Prices-2022pdf-464b22085495ff4e3f8700c0e00cf45d.pdf -- NPPA, ""Compendium of Ceiling Prices of Scheduled Drugs as on 10.08.2022"", Schedule-I / NLEM 2015",2022-08-10,Metronidazole,1 Tablet,1499(E),30.03.2022,9,false,true
metronidazole,Oral liquid 200 mg/5 ml 1 ml,0.50,6.2.2.7,"Compendium-Prices-2022pdf-464b22085495ff4e3f8700c0e00cf45d.pdf -- NPPA, ""Compendium of Ceiling Prices of Scheduled Drugs as on 10.08.2022"", Schedule-I / NLEM 2015",2022-08-10,Metronidazole,1 ml,1499(E),30.03.2022,9,false,true
metronidazole,Injection 500 mg/100 ml 1 ml,0.22,6.2.2.7,"Compendium-Prices-2022pdf-464b22085495ff4e3f8700c0e00cf45d.pdf -- NPPA, ""Compendium of Ceiling Prices of Scheduled Drugs as on 10.08.2022"", Schedule-I / NLEM 2015",2022-08-10,Metronidazole,1 ml,1499(E),30.03.2022,9,false,true
nitrofurantoin,Oral Liquid 25 mg/5ml 1 ml,0.91,6.2.2.8,"Compendium-Prices-2022pdf-464b22085495ff4e3f8700c0e00cf45d.pdf -- NPPA, ""Compendium of Ceiling Prices of Scheduled Drugs as on 10.08.2022"", Schedule-I / NLEM 2015",2022-08-10,Nitrofurantoin,1 ml,1499(E),30.03.2022,9,false,true
nitrofurantoin,Tablet 100 mg 1 Tablet,8.03,6.2.2.8,"Compendium-Prices-2022pdf-464b22085495ff4e3f8700c0e00cf45d.pdf -- NPPA, ""Compendium of Ceiling Prices of Scheduled Drugs as on 10.08.2022"", Schedule-I / NLEM 2015",2022-08-10,Nitrofurantoin,1 Tablet,1499(E),30.03.2022,9,false,true
nitrofurantoin,Capsule 100mg 1 Capsule,8.72,6.2.2.8,"Compendium-Prices-2022pdf-464b22085495ff4e3f8700c0e00cf45d.pdf -- NPPA, ""Compendium of Ceiling Prices of Scheduled Drugs as on 10.08.2022"", Schedule-I / NLEM 2015",2022-08-10,Nitrofurantoin,1 Capsule,1499(E),30.03.2022,9,false,true
vancomycin,Powder for Injection 1 gm Each Pack,528.43,6.2.2.9,"Compendium-Prices-2022pdf-464b22085495ff4e3f8700c0e00cf45d.pdf -- NPPA, ""Compendium of Ceiling Prices of Scheduled Drugs as on 10.08.2022"", Schedule-I / NLEM 2015",2022-08-10,Vancomycin,Each Pack,1499(E),30.03.2022,9,false,true
vancomycin,Powder for Injection 250 mg Each Pack,246.21,6.2.2.9,"Compendium-Prices-2022pdf-464b22085495ff4e3f8700c0e00cf45d.pdf -- NPPA, ""Compendium of Ceiling Prices of Scheduled Drugs as on 10.08.2022"", Schedule-I / NLEM 2015",2022-08-10,Vancomycin,Each Pack,1499(E),30.03.2022,9,false,true
vancomycin,Powder for Injection 500 mg Each Pack,317.83,6.2.2.9,"Compendium-Prices-2022pdf-464b22085495ff4e3f8700c0e00cf45d.pdf -- NPPA, ""Compendium of Ceiling Prices of Scheduled Drugs as on 10.08.2022"", Schedule-I / NLEM 2015",2022-08-10,Vancomycin,Each Pack,1499(E),30.03.2022,9,false,true
clofazimine,Capsule 50 mg 1 Capsule,2.41,6.2.3.1,"Compendium-Prices-2022pdf-464b22085495ff4e3f8700c0e00cf45d.pdf -- NPPA, ""Compendium of Ceiling Prices of Scheduled Drugs as on 10.08.2022"", Schedule-I / NLEM 2015",2022-08-10,Clofazimine,1 Capsule,1499(E),30.03.2022,9,false,false
clofazimine,Capsule 100 mg 1 Capsule,4.12,6.2.3.1,"Compendium-Prices-2022pdf-464b22085495ff4e3f8700c0e00cf45d.pdf -- NPPA, ""Compendium of Ceiling Prices of Scheduled Drugs as on 10.08.2022"", Schedule-I / NLEM 2015",2022-08-10,Clofazimine,1 Capsule,1499(E),30.03.2022,9,false,false
dapsone,Tablet 25 mg,,6.2.3.2,"Compendium-Prices-2022pdf-464b22085495ff4e3f8700c0e00cf45d.pdf -- NPPA, ""Compendium of Ceiling Prices of Scheduled Drugs as on 10.08.2022"", Schedule-I / NLEM 2015",2022-08-10,Dapsone,,,,9,false,false
dapsone,Tablet 50 mg,,6.2.3.2,"Compendium-Prices-2022pdf-464b22085495ff4e3f8700c0e00cf45d.pdf -- NPPA, ""Compendium of Ceiling Prices of Scheduled Drugs as on 10.08.2022"", Schedule-I / NLEM 2015",2022-08-10,Dapsone,,,,9,false,false
dapsone,Tablet 100 mg 1 Tablet,0.40,6.2.3.2,"Compendium-Prices-2022pdf-464b22085495ff4e3f8700c0e00cf45d.pdf -- NPPA, ""Compendium of Ceiling Prices of Scheduled Drugs as on 10.08.2022"", Schedule-I / NLEM 2015",2022-08-10,Dapsone,1 Tablet,1499(E),30.03.2022,9,false,false
rifampin,Capsule 150 mg 1 Capsule,2.23,6.2.3.3,"Compendium-Prices-2022pdf-464b22085495ff4e3f8700c0e00cf45d.pdf -- NPPA, ""Compendium of Ceiling Prices of Scheduled Drugs as on 10.08.2022"", Schedule-I / NLEM 2015",2022-08-10,Rifampicin,1 Capsule,1499(E),30.03.2022,9,false,false
rifampin,Capsule 300 mg 1 Capsule,4.22,6.2.3.3,"Compendium-Prices-2022pdf-464b22085495ff4e3f8700c0e00cf45d.pdf -- NPPA, ""Compendium of Ceiling Prices of Scheduled Drugs as on 10.08.2022"", Schedule-I / NLEM 2015",2022-08-10,Rifampicin,1 Capsule,1499(E),30.03.2022,9,false,false
rifampin,Capsule 450 mg 1 Capsule,5.48,6.2.3.3,"Compendium-Prices-2022pdf-464b22085495ff4e3f8700c0e00cf45d.pdf -- NPPA, ""Compendium of Ceiling Prices of Scheduled Drugs as on 10.08.2022"", Schedule-I / NLEM 2015",2022-08-10,Rifampicin,1 Capsule,1499(E),30.03.2022,9,false,false
rifampin,Capsule 600 mg 1 Capsule,12.87,6.2.3.3,"Compendium-Prices-2022pdf-464b22085495ff4e3f8700c0e00cf45d.pdf -- NPPA, ""Compendium of Ceiling Prices of Scheduled Drugs as on 10.08.2022"", Schedule-I / NLEM 2015",2022-08-10,Rifampicin,1 Capsule,1499(E),30.03.2022,9,false,false
rifampin,Oral Liquid 100 mg/5ml 1 ml,0.43,6.2.3.3,"Compendium-Prices-2022pdf-464b22085495ff4e3f8700c0e00cf45d.pdf -- NPPA, ""Compendium of Ceiling Prices of Scheduled Drugs as on 10.08.2022"", Schedule-I / NLEM 2015",2022-08-10,Rifampicin,1 ml,1499(E),30.03.2022,9,false,false
rifampin,Tablet 150 mg 1 Tablet,1.79,6.2.3.3,"Compendium-Prices-2022pdf-464b22085495ff4e3f8700c0e00cf45d.pdf -- NPPA, ""Compendium of Ceiling Prices of Scheduled Drugs as on 10.08.2022"", Schedule-I / NLEM 2015",2022-08-10,Rifampicin,1 Tablet,1499(E),30.03.2022,9,false,false
rifampin,Tablet 300 mg 1 Tablet,3.26,6.2.3.3,"Compendium-Prices-2022pdf-464b22085495ff4e3f8700c0e00cf45d.pdf -- NPPA, ""Compendium of Ceiling Prices of Scheduled Drugs as on 10.08.2022"", Schedule-I / NLEM 2015",2022-08-10,Rifampicin,1 Tablet,1499(E),30.03.2022,9,false,false
capreomycin,Powder for Injection 1 g Each Pack,384.60,6.2.4.1,"Compendium-Prices-2022pdf-464b22085495ff4e3f8700c0e00cf45d.pdf -- NPPA, ""Compendium of Ceiling Prices of Scheduled Drugs as on 10.08.2022"", Schedule-I / NLEM 2015",2022-08-10,Capreomycin,Each Pack,1499(E),30.03.2022,9,false,false
cycloserine,Capsule 250 mg 1 Capsule,60.28,6.2.4.2,"Compendium-Prices-2022pdf-464b22085495ff4e3f8700c0e00cf45d.pdf -- NPPA, ""Compendium of Ceiling Prices of Scheduled Drugs as on 10.08.2022"", Schedule-I / NLEM 2015",2022-08-10,Cycloserine,1 Capsule,1499(E),30.03.2022,9,false,false
cycloserine,Tablet 250 mg 1 Tablet,51.83,6.2.4.2,"Compendium-Prices-2022pdf-464b22085495ff4e3f8700c0e00cf45d.pdf -- NPPA, ""Compendium of Ceiling Prices of Scheduled Drugs as on 10.08.2022"", Schedule-I / NLEM 2015",2022-08-10,Cycloserine,1 Tablet,1499(E),30.03.2022,9,false,false
ethambutol,Tablet 200 mg 1 Tablet,1.17,6.2.4.3,"Compendium-Prices-2022pdf-464b22085495ff4e3f8700c0e00cf45d.pdf -- NPPA, ""Compendium of Ceiling Prices of Scheduled Drugs as on 10.08.2022"", Schedule-I / NLEM 2015",2022-08-10,Ethambutol,1 Tablet,1499(E),30.03.2022,9,false,false
ethambutol,Tablet 400 mg 1 Tablet,2.66,6.2.4.3,"Compendium-Prices-2022pdf-464b22085495ff4e3f8700c0e00cf45d.pdf -- NPPA, ""Compendium of Ceiling Prices of Scheduled Drugs as on 10.08.2022"", Schedule-I / NLEM 2015",2022-08-10,Ethambutol,1 Tablet,1499(E),30.03.2022,9,false,false
ethambutol,Tablet 600 mg 1 Tablet,3.93,6.2.4.3,"Compendium-Prices-2022pdf-464b22085495ff4e3f8700c0e00cf45d.pdf -- NPPA, ""Compendium of Ceiling Prices of Scheduled Drugs as on 10.08.2022"", Schedule-I / NLEM 2015",2022-08-10,Ethambutol,1 Tablet,1499(E),30.03.2022,9,false,false
ethambutol,Tablet 800 mg 1 Tablet,4.70,6.2.4.3,"Compendium-Prices-2022pdf-464b22085495ff4e3f8700c0e00cf45d.pdf -- NPPA, ""Compendium of Ceiling Prices of Scheduled Drugs as on 10.08.2022"", Schedule-I / NLEM 2015",2022-08-10,Ethambutol,1 Tablet,1499(E),30.03.2022,9,false,false
ethionamide,Tablet 125 mg,,6.2.4.4,"Compendium-Prices-2022pdf-464b22085495ff4e3f8700c0e00cf45d.pdf -- NPPA, ""Compendium of Ceiling Prices of Scheduled Drugs as on 10.08.2022"", Schedule-I / NLEM 2015",2022-08-10,Ethionamide,,,,9,false,false
ethionamide,Tablet 250 mg 1 Tablet,17.52,6.2.4.4,"Compendium-Prices-2022pdf-464b22085495ff4e3f8700c0e00cf45d.pdf -- NPPA, ""Compendium of Ceiling Prices of Scheduled Drugs as on 10.08.2022"", Schedule-I / NLEM 2015",2022-08-10,Ethionamide,1 Tablet,1499(E),30.03.2022,9,false,false
isoniazid,Tablet 50 mg,,6.2.4.5,"Compendium-Prices-2022pdf-464b22085495ff4e3f8700c0e00cf45d.pdf -- NPPA, ""Compendium of Ceiling Prices of Scheduled Drugs as on 10.08.2022"", Schedule-I / NLEM 2015",2022-08-10,Isoniazid,,,,9,false,false
isoniazid,Tablet 100 mg 1 Tablet,0.75,6.2.4.5,"Compendium-Prices-2022pdf-464b22085495ff4e3f8700c0e00cf45d.pdf -- NPPA, ""Compendium of Ceiling Prices of Scheduled Drugs as on 10.08.2022"", Schedule-I / NLEM 2015",2022-08-10,Isoniazid,1 Tablet,1499(E),30.03.2022,9,false,false
isoniazid,Tablet 300 mg 1 Tablet,1.33,6.2.4.5,"Compendium-Prices-2022pdf-464b22085495ff4e3f8700c0e00cf45d.pdf -- NPPA, ""Compendium of Ceiling Prices of Scheduled Drugs as on 10.08.2022"", Schedule-I / NLEM 2015",2022-08-10,Isoniazid,1 Tablet,1499(E),30.03.2022,9,false,false
isoniazid,Oral liquid 100 mg/5 ml,,6.2.4.5,"Compendium-Prices-2022pdf-464b22085495ff4e3f8700c0e00cf45d.pdf -- NPPA, ""Compendium of Ceiling Prices of Scheduled Drugs as on 10.08.2022"", Schedule-I / NLEM 2015",2022-08-10,Isoniazid,,,,9,false,false
kanamycin,Powder for Injection 1 gm Each Pack,43.42,6.2.4.6,"Compendium-Prices-2022pdf-464b22085495ff4e3f8700c0e00cf45d.pdf -- NPPA, ""Compendium of Ceiling Prices of Scheduled Drugs as on 10.08.2022"", Schedule-I / NLEM 2015",2022-08-10,Kanamycin,Each Pack,1499(E),30.03.2022,9,false,false
kanamycin,Powder for Injection 500 mg Each Pack,23.68,6.2.4.6,"Compendium-Prices-2022pdf-464b22085495ff4e3f8700c0e00cf45d.pdf -- NPPA, ""Compendium of Ceiling Prices of Scheduled Drugs as on 10.08.2022"", Schedule-I / NLEM 2015",2022-08-10,Kanamycin,Each Pack,1499(E),30.03.2022,9,false,false
kanamycin,Powder for Injection 750 mg Each Pack,40.46,6.2.4.6,"Compendium-Prices-2022pdf-464b22085495ff4e3f8700c0e00cf45d.pdf -- NPPA, ""Compendium of Ceiling Prices of Scheduled Drugs as on 10.08.2022"", Schedule-I / NLEM 2015",2022-08-10,Kanamycin,Each Pack,1499(E),30.03.2022,9,false,false
levofloxacin,Tablet 250 mg 1 Tablet,4.90,6.2.4.7,"Compendium-Prices-2022pdf-464b22085495ff4e3f8700c0e00cf45d.pdf -- NPPA, ""Compendium of Ceiling Prices of Scheduled Drugs as on 10.08.2022"", Schedule-I / NLEM 2015",2022-08-10,Levofloxacin,1 Tablet,1499(E),30.03.2022,9,false,true
levofloxacin,Tablet 750 mg 1 Tablet,12.14,6.2.4.7,"Compendium-Prices-2022pdf-464b22085495ff4e3f8700c0e00cf45d.pdf -- NPPA, ""Compendium of Ceiling Prices of Scheduled Drugs as on 10.08.2022"", Schedule-I / NLEM 2015",2022-08-10,Levofloxacin,1 Tablet,1499(E),30.03.2022,9,false,true
levofloxacin,Tablet 500mg 1 Tablet,8.95,6.2.4.7,"Compendium-Prices-2022pdf-464b22085495ff4e3f8700c0e00cf45d.pdf -- NPPA, ""Compendium of Ceiling Prices of Scheduled Drugs as on 10.08.2022"", Schedule-I / NLEM 2015",2022-08-10,Levofloxacin,1 Tablet,1499(E),30.03.2022,9,false,true
linezolid,Tablet 600 mg 1 Tablet,36.69,6.2.4.8,"Compendium-Prices-2022pdf-464b22085495ff4e3f8700c0e00cf45d.pdf -- NPPA, ""Compendium of Ceiling Prices of Scheduled Drugs as on 10.08.2022"", Schedule-I / NLEM 2015",2022-08-10,Linezolid,1 Tablet,1499(E),30.03.2022,9,false,true
moxifloxacin,Tablet 200 mg licensed),,6.2.4.9,"Compendium-Prices-2022pdf-464b22085495ff4e3f8700c0e00cf45d.pdf -- NPPA, ""Compendium of Ceiling Prices of Scheduled Drugs as on 10.08.2022"", Schedule-I / NLEM 2015",2022-08-10,Moxifloxacin,,,,9,false,true
pyrazinamide,Oral Liquid 250 mg/5ml 1 ml,0.68,6.2.4.1.1,"Compendium-Prices-2022pdf-464b22085495ff4e3f8700c0e00cf45d.pdf -- NPPA, ""Compendium of Ceiling Prices of Scheduled Drugs as on 10.08.2022"", Schedule-I / NLEM 2015",2022-08-10,Pyrazinamide,1 ml,1499(E),30.03.2022,10,false,true
pyrazinamide,Tablet 1000 mg 1 Tablet,10.47,6.2.4.1.1,"Compendium-Prices-2022pdf-464b22085495ff4e3f8700c0e00cf45d.pdf -- NPPA, ""Compendium of Ceiling Prices of Scheduled Drugs as on 10.08.2022"", Schedule-I / NLEM 2015",2022-08-10,Pyrazinamide,1 Tablet,1499(E),30.03.2022,10,false,true
pyrazinamide,Tablet 1500 mg 1 Tablet,11.60,6.2.4.1.1,"Compendium-Prices-2022pdf-464b22085495ff4e3f8700c0e00cf45d.pdf -- NPPA, ""Compendium of Ceiling Prices of Scheduled Drugs as on 10.08.2022"", Schedule-I / NLEM 2015",2022-08-10,Pyrazinamide,1 Tablet,1499(E),30.03.2022,10,false,true
pyrazinamide,Tablet 500 mg 1 Tablet,4.70,6.2.4.1.1,"Compendium-Prices-2022pdf-464b22085495ff4e3f8700c0e00cf45d.pdf -- NPPA, ""Compendium of Ceiling Prices of Scheduled Drugs as on 10.08.2022"", Schedule-I / NLEM 2015",2022-08-10,Pyrazinamide,1 Tablet,1499(E),30.03.2022,10,false,true
pyrazinamide,Tablet 750 mg 1 Tablet,7.14,6.2.4.1.1,"Compendium-Prices-2022pdf-464b22085495ff4e3f8700c0e00cf45d.pdf -- NPPA, ""Compendium of Ceiling Prices of Scheduled Drugs as on 10.08.2022"", Schedule-I / NLEM 2015",2022-08-10,Pyrazinamide,1 Tablet,1499(E),30.03.2022,10,false,true
rifabutin,Capsule 150mg 1 Capsule,44.04,6.2.4.1.2,"Compendium-Prices-2022pdf-464b22085495ff4e3f8700c0e00cf45d.pdf -- NPPA, ""Compendium of Ceiling Prices of Scheduled Drugs as on 10.08.2022"", Schedule-I / NLEM 2015",2022-08-10,Rifabutin,1 Capsule,1499(E),30.03.2022,10,false,false
rifabutin,Tablet 150mg 1 Tablet,41.13,6.2.4.1.2,"Compendium-Prices-2022pdf-464b22085495ff4e3f8700c0e00cf45d.pdf -- NPPA, ""Compendium of Ceiling Prices of Scheduled Drugs as on 10.08.2022"", Schedule-I / NLEM 2015",2022-08-10,Rifabutin,1 Tablet,1499(E),30.03.2022,10,false,false
rifampin,Capsule 150 mg 1 Capsule,2.23,6.2.4.1.3,"Compendium-Prices-2022pdf-464b22085495ff4e3f8700c0e00cf45d.pdf -- NPPA, ""Compendium of Ceiling Prices of Scheduled Drugs as on 10.08.2022"", Schedule-I / NLEM 2015",2022-08-10,Rifampicin,1 Capsule,1499(E),30.03.2022,10,false,false
rifampin,Capsule 300 mg 1 Capsule,4.22,6.2.4.1.3,"Compendium-Prices-2022pdf-464b22085495ff4e3f8700c0e00cf45d.pdf -- NPPA, ""Compendium of Ceiling Prices of Scheduled Drugs as on 10.08.2022"", Schedule-I / NLEM 2015",2022-08-10,Rifampicin,1 Capsule,1499(E),30.03.2022,10,false,false
rifampin,Capsule 450 mg 1 Capsule,5.48,6.2.4.1.3,"Compendium-Prices-2022pdf-464b22085495ff4e3f8700c0e00cf45d.pdf -- NPPA, ""Compendium of Ceiling Prices of Scheduled Drugs as on 10.08.2022"", Schedule-I / NLEM 2015",2022-08-10,Rifampicin,1 Capsule,1499(E),30.03.2022,10,false,false
rifampin,Capsule 600 mg 1 Capsule,12.87,6.2.4.1.3,"Compendium-Prices-2022pdf-464b22085495ff4e3f8700c0e00cf45d.pdf -- NPPA, ""Compendium of Ceiling Prices of Scheduled Drugs as on 10.08.2022"", Schedule-I / NLEM 2015",2022-08-10,Rifampicin,1 Capsule,1499(E),30.03.2022,10,false,false
rifampin,Oral Liquid 100 mg/5ml 1 ml,0.43,6.2.4.1.3,"Compendium-Prices-2022pdf-464b22085495ff4e3f8700c0e00cf45d.pdf -- NPPA, ""Compendium of Ceiling Prices of Scheduled Drugs as on 10.08.2022"", Schedule-I / NLEM 2015",2022-08-10,Rifampicin,1 ml,1499(E),30.03.2022,10,false,false
rifampin,Tablet 150 mg 1 Tablet,1.79,6.2.4.1.3,"Compendium-Prices-2022pdf-464b22085495ff4e3f8700c0e00cf45d.pdf -- NPPA, ""Compendium of Ceiling Prices of Scheduled Drugs as on 10.08.2022"", Schedule-I / NLEM 2015",2022-08-10,Rifampicin,1 Tablet,1499(E),30.03.2022,10,false,false
rifampin,Tablet 300 mg 1 Tablet,3.26,6.2.4.1.3,"Compendium-Prices-2022pdf-464b22085495ff4e3f8700c0e00cf45d.pdf -- NPPA, ""Compendium of Ceiling Prices of Scheduled Drugs as on 10.08.2022"", Schedule-I / NLEM 2015",2022-08-10,Rifampicin,1 Tablet,1499(E),30.03.2022,10,false,false
streptomycin,Powder for Injection 750 mg Each Pack,9.75,6.2.4.1.4,"Compendium-Prices-2022pdf-464b22085495ff4e3f8700c0e00cf45d.pdf -- NPPA, ""Compendium of Ceiling Prices of Scheduled Drugs as on 10.08.2022"", Schedule-I / NLEM 2015",2022-08-10,Streptomycin,Each Pack,1499(E),30.03.2022,10,false,false
streptomycin,Powder for Injection 1 g Each Pack,11.59,6.2.4.1.4,"Compendium-Prices-2022pdf-464b22085495ff4e3f8700c0e00cf45d.pdf -- NPPA, ""Compendium of Ceiling Prices of Scheduled Drugs as on 10.08.2022"", Schedule-I / NLEM 2015",2022-08-10,Streptomycin,Each Pack,1499(E),30.03.2022,10,false,false
amphotericin b,,,6.3.1,"Compendium-Prices-2022pdf-464b22085495ff4e3f8700c0e00cf45d.pdf -- NPPA, ""Compendium of Ceiling Prices of Scheduled Drugs as on 10.08.2022"", Schedule-I / NLEM 2015",2022-08-10,Amphotericin B,,,,10,false,false
amphotericin b,Powder for Injection 50 mg Each Pack,343.91,6.3.1,"Compendium-Prices-2022pdf-464b22085495ff4e3f8700c0e00cf45d.pdf -- NPPA, ""Compendium of Ceiling Prices of Scheduled Drugs as on 10.08.2022"", Schedule-I / NLEM 2015",2022-08-10,a) Amphotericin B (conventional),Each Pack,1499(E),30.03.2022,10,false,false
lipid liposomal amphotericin b,Powder for Injection 50 mg(Lipid) Each Pack,3558.99,6.3.1,"Compendium-Prices-2022pdf-464b22085495ff4e3f8700c0e00cf45d.pdf -- NPPA, ""Compendium of Ceiling Prices of Scheduled Drugs as on 10.08.2022"", Schedule-I / NLEM 2015",2022-08-10,b) Lipid/ Liposomal Amphotericin B,Each Pack,1499(E),30.03.2022,10,false,false
lipid liposomal amphotericin b,Powder for Injection 50 mg(Liposomal) Each Pack,8290.00,6.3.1,"Compendium-Prices-2022pdf-464b22085495ff4e3f8700c0e00cf45d.pdf -- NPPA, ""Compendium of Ceiling Prices of Scheduled Drugs as on 10.08.2022"", Schedule-I / NLEM 2015",2022-08-10,b) Lipid/ Liposomal Amphotericin B,Each Pack,1499(E),30.03.2022,10,false,false
clotrimazole,Pessary 100 mg 1 Pessary,9.65,6.3.2,"Compendium-Prices-2022pdf-464b22085495ff4e3f8700c0e00cf45d.pdf -- NPPA, ""Compendium of Ceiling Prices of Scheduled Drugs as on 10.08.2022"", Schedule-I / NLEM 2015",2022-08-10,Clotrimazole,1 Pessary,1499(E),30.03.2022,10,false,true
clotrimazole,Lotion 1% 1 ml,3.98,6.3.2,"Compendium-Prices-2022pdf-464b22085495ff4e3f8700c0e00cf45d.pdf -- NPPA, ""Compendium of Ceiling Prices of Scheduled Drugs as on 10.08.2022"", Schedule-I / NLEM 2015",2022-08-10,Clotrimazole,1 ml,1499(E),30.03.2022,10,false,true
fluconazole,Capsule 100 mg 1 Capsule,28.06,6.3.3,"Compendium-Prices-2022pdf-464b22085495ff4e3f8700c0e00cf45d.pdf -- NPPA, ""Compendium of Ceiling Prices of Scheduled Drugs as on 10.08.2022"", Schedule-I / NLEM 2015",2022-08-10,Fluconazole,1 Capsule,1499(E),30.03.2022,10,false,true
fluconazole,Capsule 150 mg 1 Capsule,20.59,6.3.3,"Compendium-Prices-2022pdf-464b22085495ff4e3f8700c0e00cf45d.pdf -- NPPA, ""Compendium of Ceiling Prices of Scheduled Drugs as on 10.08.2022"", Schedule-I / NLEM 2015",2022-08-10,Fluconazole,1 Capsule,1499(E),30.03.2022,10,false,true
fluconazole,Capsule 200 mg 1 Capsule,40.54,6.3.3,"Compendium-Prices-2022pdf-464b22085495ff4e3f8700c0e00cf45d.pdf -- NPPA, ""Compendium of Ceiling Prices of Scheduled Drugs as on 10.08.2022"", Schedule-I / NLEM 2015",2022-08-10,Fluconazole,1 Capsule,1499(E),30.03.2022,10,false,true
fluconazole,Oral Liquid 50mg/5ml 1 ml,2.90,6.3.3,"Compendium-Prices-2022pdf-464b22085495ff4e3f8700c0e00cf45d.pdf -- NPPA, ""Compendium of Ceiling Prices of Scheduled Drugs as on 10.08.2022"", Schedule-I / NLEM 2015",2022-08-10,Fluconazole,1 ml,1499(E),30.03.2022,10,false,true
fluconazole,Tablet 100 mg 1 Tablet,8.86,6.3.3,"Compendium-Prices-2022pdf-464b22085495ff4e3f8700c0e00cf45d.pdf -- NPPA, ""Compendium of Ceiling Prices of Scheduled Drugs as on 10.08.2022"", Schedule-I / NLEM 2015",2022-08-10,Fluconazole,1 Tablet,1499(E),30.03.2022,10,false,true
fluconazole,Tablet 150 mg 1 Tablet,13.15,6.3.3,"Compendium-Prices-2022pdf-464b22085495ff4e3f8700c0e00cf45d.pdf -- NPPA, ""Compendium of Ceiling Prices of Scheduled Drugs as on 10.08.2022"", Schedule-I / NLEM 2015",2022-08-10,Fluconazole,1 Tablet,1499(E),30.03.2022,10,false,true
fluconazole,Tablet 200 mg 1 Tablet,20.86,6.3.3,"Compendium-Prices-2022pdf-464b22085495ff4e3f8700c0e00cf45d.pdf -- NPPA, ""Compendium of Ceiling Prices of Scheduled Drugs as on 10.08.2022"", Schedule-I / NLEM 2015",2022-08-10,Fluconazole,1 Tablet,1499(E),30.03.2022,10,false,true
fluconazole,Tablet 400 mg 1 Tablet,34.69,6.3.3,"Compendium-Prices-2022pdf-464b22085495ff4e3f8700c0e00cf45d.pdf -- NPPA, ""Compendium of Ceiling Prices of Scheduled Drugs as on 10.08.2022"", Schedule-I / NLEM 2015",2022-08-10,Fluconazole,1 Tablet,1499(E),30.03.2022,10,false,true
fluconazole,Injection 200 mg/100 ml Each Pack,118.17,6.3.3,"Compendium-Prices-2022pdf-464b22085495ff4e3f8700c0e00cf45d.pdf -- NPPA, ""Compendium of Ceiling Prices of Scheduled Drugs as on 10.08.2022"", Schedule-I / NLEM 2015",2022-08-10,Fluconazole,Each Pack,1499(E),30.03.2022,10,false,true
griseofulvin,Tablet 125 mg 1 Tablet,0.91,6.3.4,"Compendium-Prices-2022pdf-464b22085495ff4e3f8700c0e00cf45d.pdf -- NPPA, ""Compendium of Ceiling Prices of Scheduled Drugs as on 10.08.2022"", Schedule-I / NLEM 2015",2022-08-10,Griseofulvin,1 Tablet,1499(E),30.03.2022,10,false,true
griseofulvin,Tablet 250 mg 1 Tablet,1.77,6.3.4,"Compendium-Prices-2022pdf-464b22085495ff4e3f8700c0e00cf45d.pdf -- NPPA, ""Compendium of Ceiling Prices of Scheduled Drugs as on 10.08.2022"", Schedule-I / NLEM 2015",2022-08-10,Griseofulvin,1 Tablet,1499(E),30.03.2022,10,false,true
griseofulvin,Tablet 375 mg 1 Tablet,4.77,6.3.4,"Compendium-Prices-2022pdf-464b22085495ff4e3f8700c0e00cf45d.pdf -- NPPA, ""Compendium of Ceiling Prices of Scheduled Drugs as on 10.08.2022"", Schedule-I / NLEM 2015",2022-08-10,Griseofulvin,1 Tablet,1499(E),30.03.2022,10,false,true
nystatin,"Tablet 500,000 IU",,6.3.5,"Compendium-Prices-2022pdf-464b22085495ff4e3f8700c0e00cf45d.pdf -- NPPA, ""Compendium of Ceiling Prices of Scheduled Drugs as on 10.08.2022"", Schedule-I / NLEM 2015",2022-08-10,Nystatin,,,,10,false,false
nystatin,"Pessary 100,000 IU",,6.3.5,"Compendium-Prices-2022pdf-464b22085495ff4e3f8700c0e00cf45d.pdf -- NPPA, ""Compendium of Ceiling Prices of Scheduled Drugs as on 10.08.2022"", Schedule-I / NLEM 2015",2022-08-10,Nystatin,,,,10,false,false
nystatin,"Oral Liquid 100, 000 IU/ml",,6.3.5,"Compendium-Prices-2022pdf-464b22085495ff4e3f8700c0e00cf45d.pdf -- NPPA, ""Compendium of Ceiling Prices of Scheduled Drugs as on 10.08.2022"", Schedule-I / NLEM 2015",2022-08-10,Nystatin,,,,10,false,false
acyclovir,Ointment 3% 1 gm,11.56,6.4.1.1,"Compendium-Prices-2022pdf-464b22085495ff4e3f8700c0e00cf45d.pdf -- NPPA, ""Compendium of Ceiling Prices of Scheduled Drugs as on 10.08.2022"", Schedule-I / NLEM 2015",2022-08-10,Acyclovir,1 gm,1499(E),30.03.2022,10,false,true
acyclovir,Oral Liquid 400 mg/5ml 1 ml,1.41,6.4.1.1,"Compendium-Prices-2022pdf-464b22085495ff4e3f8700c0e00cf45d.pdf -- NPPA, ""Compendium of Ceiling Prices of Scheduled Drugs as on 10.08.2022"", Schedule-I / NLEM 2015",2022-08-10,Acyclovir,1 ml,1499(E),30.03.2022,10,false,true
acyclovir,Tablet 200 mg 1 Tablet,7.52,6.4.1.1,"Compendium-Prices-2022pdf-464b22085495ff4e3f8700c0e00cf45d.pdf -- NPPA, ""Compendium of Ceiling Prices of Scheduled Drugs as on 10.08.2022"", Schedule-I / NLEM 2015",2022-08-10,Acyclovir,1 Tablet,1499(E),30.03.2022,10,false,true
acyclovir,Tablet 400 mg 1 Tablet,13.67,6.4.1.1,"Compendium-Prices-2022pdf-464b22085495ff4e3f8700c0e00cf45d.pdf -- NPPA, ""Compendium of Ceiling Prices of Scheduled Drugs as on 10.08.2022"", Schedule-I / NLEM 2015",2022-08-10,Acyclovir,1 Tablet,1499(E),30.03.2022,10,false,true
acyclovir,Powder for Injection 250 mg Each Pack,394.52,6.4.1.1,"Compendium-Prices-2022pdf-464b22085495ff4e3f8700c0e00cf45d.pdf -- NPPA, ""Compendium of Ceiling Prices of Scheduled Drugs as on 10.08.2022"", Schedule-I / NLEM 2015",2022-08-10,Acyclovir,Each Pack,1499(E),30.03.2022,10,false,true
acyclovir,Powder for Injection 500 mg Each Pack,509.56,6.4.1.1,"Compendium-Prices-2022pdf-464b22085495ff4e3f8700c0e00cf45d.pdf -- NPPA, ""Compendium of Ceiling Prices of Scheduled Drugs as on 10.08.2022"", Schedule-I / NLEM 2015",2022-08-10,Acyclovir,Each Pack,1499(E),30.03.2022,10,false,true
ganciclovir,Capsule 250 mg 1 Capsule,133.48,6.4.2.1,"Compendium-Prices-2022pdf-464b22085495ff4e3f8700c0e00cf45d.pdf -- NPPA, ""Compendium of Ceiling Prices of Scheduled Drugs as on 10.08.2022"", Schedule-I / NLEM 2015",2022-08-10,Ganciclovir,1 Capsule,1499(E),30.03.2022,10,false,false
abacavir,Tablet 60 mg,,6.4.3.1.1,"Compendium-Prices-2022pdf-464b22085495ff4e3f8700c0e00cf45d.pdf -- NPPA, ""Compendium of Ceiling Prices of Scheduled Drugs as on 10.08.2022"", Schedule-I / NLEM 2015",2022-08-10,Abacavir,,,,11,false,true
abacavir,Tablet 300 mg 1 Tablet,52.36,6.4.3.1.1,"Compendium-Prices-2022pdf-464b22085495ff4e3f8700c0e00cf45d.pdf -- NPPA, ""Compendium of Ceiling Prices of Scheduled Drugs as on 10.08.2022"", Schedule-I / NLEM 2015",2022-08-10,Abacavir,1 Tablet,1499(E),30.03.2022,11,false,true
abacavir|lamivudine,Tablet 60 mg (A) +30 mg (B) 1 Tablet,22.30,6.4.3.1.2,"Compendium-Prices-2022pdf-464b22085495ff4e3f8700c0e00cf45d.pdf -- NPPA, ""Compendium of Ceiling Prices of Scheduled Drugs as on 10.08.2022"", Schedule-I / NLEM 2015",2022-08-10,Abacavir (A) + Lamivudine (B),1 Tablet,1499(E),30.03.2022,11,true,true
abacavir|lamivudine,Tablet 600 mg (A)+ 300 mg (B) 1 Tablet,101.18,6.4.3.1.2,"Compendium-Prices-2022pdf-464b22085495ff4e3f8700c0e00cf45d.pdf -- NPPA, ""Compendium of Ceiling Prices of Scheduled Drugs as on 10.08.2022"", Schedule-I / NLEM 2015",2022-08-10,Abacavir (A) + Lamivudine (B),1 Tablet,1499(E),30.03.2022,11,true,true
lamivudine,Dispersible Tablet 30 mg (A) + 1 Tablet,5.49,6.4.3.1.3,"Compendium-Prices-2022pdf-464b22085495ff4e3f8700c0e00cf45d.pdf -- NPPA, ""Compendium of Ceiling Prices of Scheduled Drugs as on 10.08.2022"", Schedule-I / NLEM 2015",2022-08-10,Lamivudine (A) +,1 Tablet,1499(E),30.03.2022,11,false,true
nevirapine|stavudine,50 mg (B) + 6 mg (C),,6.4.3.1.3,"Compendium-Prices-2022pdf-464b22085495ff4e3f8700c0e00cf45d.pdf -- NPPA, ""Compendium of Ceiling Prices of Scheduled Drugs as on 10.08.2022"", Schedule-I / NLEM 2015",2022-08-10,Nevirapine (B) + Stavudine (C),,,,11,true,false
nevirapine|stavudine,Tablet 150 mg (A) + 200 mg (B) + 30 mg (C) 1 Tablet,17.32,6.4.3.1.3,"Compendium-Prices-2022pdf-464b22085495ff4e3f8700c0e00cf45d.pdf -- NPPA, ""Compendium of Ceiling Prices of Scheduled Drugs as on 10.08.2022"", Schedule-I / NLEM 2015",2022-08-10,Nevirapine (B) + Stavudine (C),1 Tablet,1499(E),30.03.2022,11,true,false
lamivudine|zidovudine,Tablet 30 mg (A) + 60 mg (B),,6.4.3.1.4,"Compendium-Prices-2022pdf-464b22085495ff4e3f8700c0e00cf45d.pdf -- NPPA, ""Compendium of Ceiling Prices of Scheduled Drugs as on 10.08.2022"", Schedule-I / NLEM 2015",2022-08-10,Lamivudine (A) + Zidovudine (B),,,,11,true,true
lamivudine|zidovudine,Tablet 150 mg (A) + 300 mg (B) 1 Tablet,22.28,6.4.3.1.4,"Compendium-Prices-2022pdf-464b22085495ff4e3f8700c0e00cf45d.pdf -- NPPA, ""Compendium of Ceiling Prices of Scheduled Drugs as on 10.08.2022"", Schedule-I / NLEM 2015",2022-08-10,Lamivudine (A) + Zidovudine (B),1 Tablet,1499(E),30.03.2022,11,true,true
stavudine,Dispersible Tablet 6 mg (A) +,,6.4.3.1.5,"Compendium-Prices-2022pdf-464b22085495ff4e3f8700c0e00cf45d.pdf -- NPPA, ""Compendium of Ceiling Prices of Scheduled Drugs as on 10.08.2022"", Schedule-I / NLEM 2015",2022-08-10,Stavudine (A) +,,,,11,false,false
lamivudine,30 mg (B),,6.4.3.1.5,"Compendium-Prices-2022pdf-464b22085495ff4e3f8700c0e00cf45d.pdf -- NPPA, ""Compendium of Ceiling Prices of Scheduled Drugs as on 10.08.2022"", Schedule-I / NLEM 2015",2022-08-10,Lamivudine (B),,,,11,false,true
lamivudine,Tablet 30 mg (A) + 150 mg (B) 1 Tablet,10.60,6.4.3.1.5,"Compendium-Prices-2022pdf-464b22085495ff4e3f8700c0e00cf45d.pdf -- NPPA, ""Compendium of Ceiling Prices of Scheduled Drugs as on 10.08.2022"", Schedule-I / NLEM 2015",2022-08-10,Lamivudine (B),1 Tablet,1499(E),30.03.2022,11,false,true
tenofovir|lamivudine,Tablet 300 mg (A) +300 mg (B) 1 Tablet,49.84,6.4.3.1.6,"Compendium-Prices-2022pdf-464b22085495ff4e3f8700c0e00cf45d.pdf -- NPPA, ""Compendium of Ceiling Prices of Scheduled Drugs as on 10.08.2022"", Schedule-I / NLEM 2015",2022-08-10,Tenofovir (A) + Lamivudine (B),1 Tablet,1499(E),30.03.2022,11,true,true
tenofovir|lamivudine|efavirenz,Tablet 300 mg (A) + 300 mg (B) + 600 mg © 1 Tablet,114.44,6.4.3.1.7,"Compendium-Prices-2022pdf-464b22085495ff4e3f8700c0e00cf45d.pdf -- NPPA, ""Compendium of Ceiling Prices of Scheduled Drugs as on 10.08.2022"", Schedule-I / NLEM 2015",2022-08-10,Tenofovir (A) + Lamivudine (B) + Efavirenz ©,1 Tablet,1499(E),30.03.2022,11,true,true
zidovudine,Tablet 300 mg 1 Tablet,15.83,6.4.3.1.8,"Compendium-Prices-2022pdf-464b22085495ff4e3f8700c0e00cf45d.pdf -- NPPA, ""Compendium of Ceiling Prices of Scheduled Drugs as on 10.08.2022"", Schedule-I / NLEM 2015",2022-08-10,Zidovudine,1 Tablet,1499(E),30.03.2022,11,false,false
zidovudine,Oral liquid 50 mg/5 ml,,6.4.3.1.8,"Compendium-Prices-2022pdf-464b22085495ff4e3f8700c0e00cf45d.pdf -- NPPA, ""Compendium of Ceiling Prices of Scheduled Drugs as on 10.08.2022"", Schedule-I / NLEM 2015",2022-08-10,Zidovudine,,,,11,false,false
zidovudine,Capsule 300 mg 1 Capsule,2.29,6.4.3.1.8,"Compendium-Prices-2022pdf-464b22085495ff4e3f8700c0e00cf45d.pdf -- NPPA, ""Compendium of Ceiling Prices of Scheduled Drugs as on 10.08.2022"", Schedule-I / NLEM 2015",2022-08-10,Zidovudine,1 Capsule,1499(E),30.03.2022,11,false,false
zidovudine|lamivudine|nevirapine,Tablet 60 mg (A) + 30 mg (B) + 50 mg (C),,6.4.3.1.9,"Compendium-Prices-2022pdf-464b22085495ff4e3f8700c0e00cf45d.pdf -- NPPA, ""Compendium of Ceiling Prices of Scheduled Drugs as on 10.08.2022"", Schedule-I / NLEM 2015",2022-08-10,Zidovudine (A) + Lamivudine (B) + Nevirapine ©,,,,11,true,true
zidovudine|lamivudine|nevirapine,Tablet 300 mg (A) + 150 mg (B) + 200 mg (C) 1 Tablet,22.37,6.4.3.1.9,"Compendium-Prices-2022pdf-464b22085495ff4e3f8700c0e00cf45d.pdf -- NPPA, ""Compendium of Ceiling Prices of Scheduled Drugs as on 10.08.2022"", Schedule-I / NLEM 2015",2022-08-10,Zidovudine (A) + Lamivudine (B) + Nevirapine ©,1 Tablet,1499(E),30.03.2022,11,true,true
efavirenz,Tablet 50 mg,,6.4.3.2.1,"Compendium-Prices-2022pdf-464b22085495ff4e3f8700c0e00cf45d.pdf -- NPPA, ""Compendium of Ceiling Prices of Scheduled Drugs as on 10.08.2022"", Schedule-I / NLEM 2015",2022-08-10,Efavirenz,,,,11,false,true
efavirenz,Capsule 200 mg 1 Capsule,26.73,6.4.3.2.1,"Compendium-Prices-2022pdf-464b22085495ff4e3f8700c0e00cf45d.pdf -- NPPA, ""Compendium of Ceiling Prices of Scheduled Drugs as on 10.08.2022"", Schedule-I / NLEM 2015",2022-08-10,Efavirenz,1 Capsule,1499(E),30.03.2022,11,false,true
efavirenz,Capsule 600 mg 1 Capsule,69.65,6.4.3.2.1,"Compendium-Prices-2022pdf-464b22085495ff4e3f8700c0e00cf45d.pdf -- NPPA, ""Compendium of Ceiling Prices of Scheduled Drugs as on 10.08.2022"", Schedule-I / NLEM 2015",2022-08-10,Efavirenz,1 Capsule,1499(E),30.03.2022,11,false,true
efavirenz,Tablet 200 mg 1 Tablet,25.18,6.4.3.2.1,"Compendium-Prices-2022pdf-464b22085495ff4e3f8700c0e00cf45d.pdf -- NPPA, ""Compendium of Ceiling Prices of Scheduled Drugs as on 10.08.2022"", Schedule-I / NLEM 2015",2022-08-10,Efavirenz,1 Tablet,1499(E),30.03.2022,11,false,true
efavirenz,Tablet 600 mg 1 Tablet,78.85,6.4.3.2.1,"Compendium-Prices-2022pdf-464b22085495ff4e3f8700c0e00cf45d.pdf -- NPPA, ""Compendium of Ceiling Prices of Scheduled Drugs as on 10.08.2022"", Schedule-I / NLEM 2015",2022-08-10,Efavirenz,1 Tablet,1499(E),30.03.2022,11,false,true
nevirapine,Dispersible Tablet 50 mg,,6.4.3.2.2,"Compendium-Prices-2022pdf-464b22085495ff4e3f8700c0e00cf45d.pdf -- NPPA, ""Compendium of Ceiling Prices of Scheduled Drugs as on 10.08.2022"", Schedule-I / NLEM 2015",2022-08-10,Nevirapine,,,,11,false,false
nevirapine,Tablet 200 mg 1 Tablet,15.89,6.4.3.2.2,"Compendium-Prices-2022pdf-464b22085495ff4e3f8700c0e00cf45d.pdf -- NPPA, ""Compendium of Ceiling Prices of Scheduled Drugs as on 10.08.2022"", Schedule-I / NLEM 2015",2022-08-10,Nevirapine,1 Tablet,1499(E),30.03.2022,11,false,false
nevirapine,Oral liquid 50 mg/5 ml 1 ml,0.93,6.4.3.2.2,"Compendium-Prices-2022pdf-464b22085495ff4e3f8700c0e00cf45d.pdf -- NPPA, ""Compendium of Ceiling Prices of Scheduled Drugs as on 10.08.2022"", Schedule-I / NLEM 2015",2022-08-10,Nevirapine,1 ml,1499(E),30.03.2022,11,false,false
raltegravir,Tablet 400 mg 1 Tablet,173.77,6.4.3.3.1,"Compendium-Prices-2022pdf-464b22085495ff4e3f8700c0e00cf45d.pdf -- NPPA, ""Compendium of Ceiling Prices of Scheduled Drugs as on 10.08.2022"", Schedule-I / NLEM 2015",2022-08-10,Raltegravir,1 Tablet,1499(E),30.03.2022,11,false,false
atazanavir|ritonavir,Tablet 300 mg (A) + 100 mg (B) 1 Tablet,109.61,6.4.3.4.1,"Compendium-Prices-2022pdf-464b22085495ff4e3f8700c0e00cf45d.pdf -- NPPA, ""Compendium of Ceiling Prices of Scheduled Drugs as on 10.08.2022"", Schedule-I / NLEM 2015",2022-08-10,Atazanavir (A) + Ritonavir (B) (B),1 Tablet,1499(E),30.03.2022,11,true,true
atazanavir|ritonavir,Tablet 200 mg (A) + 50 mg (B) 1 Tablet,50.59,6.4.3.4.1,"Compendium-Prices-2022pdf-464b22085495ff4e3f8700c0e00cf45d.pdf -- NPPA, ""Compendium of Ceiling Prices of Scheduled Drugs as on 10.08.2022"", Schedule-I / NLEM 2015",2022-08-10,Atazanavir (A) + Ritonavir (B) (B),1 Tablet,1499(E),30.03.2022,12,true,true
atazanavir|ritonavir,Oral liquid 400 mg (A) + 100 mg (B)/ 5ml,,6.4.3.4.1,"Compendium-Prices-2022pdf-464b22085495ff4e3f8700c0e00cf45d.pdf -- NPPA, ""Compendium of Ceiling Prices of Scheduled Drugs as on 10.08.2022"", Schedule-I / NLEM 2015",2022-08-10,Atazanavir (A) + Ritonavir (B) (B),,,,12,true,true
ritonavir,Capsule 100 mg 1 Capsule,31.34,6.4.3.4.4,"Compendium-Prices-2022pdf-464b22085495ff4e3f8700c0e00cf45d.pdf -- NPPA, ""Compendium of Ceiling Prices of Scheduled Drugs as on 10.08.2022"", Schedule-I / NLEM 2015",2022-08-10,Ritonavir,1 Capsule,1499(E),30.03.2022,12,false,true
ritonavir,Tablet 100 mg 1 Tablet,32.23,6.4.3.4.4,"Compendium-Prices-2022pdf-464b22085495ff4e3f8700c0e00cf45d.pdf -- NPPA, ""Compendium of Ceiling Prices of Scheduled Drugs as on 10.08.2022"", Schedule-I / NLEM 2015",2022-08-10,Ritonavir,1 Tablet,1499(E),30.03.2022,12,false,true
entecavir,Tablet 0.5 mg 1 Tablet,88.59,6.4.4.1,"Compendium-Prices-2022pdf-464b22085495ff4e3f8700c0e00cf45d.pdf -- NPPA, ""Compendium of Ceiling Prices of Scheduled Drugs as on 10.08.2022"", Schedule-I / NLEM 2015",2022-08-10,Entecavir,1 Tablet,1499(E),30.03.2022,12,false,true
entecavir,Tablet 1 mg 1 Tablet,140.76,6.4.4.1,"Compendium-Prices-2022pdf-464b22085495ff4e3f8700c0e00cf45d.pdf -- NPPA, ""Compendium of Ceiling Prices of Scheduled Drugs as on 10.08.2022"", Schedule-I / NLEM 2015",2022-08-10,Entecavir,1 Tablet,1499(E),30.03.2022,12,false,true
pegylated interferon alfa a,Injection 180 mcg Each Pack,8786.05,6.4.4.2,"Compendium-Prices-2022pdf-464b22085495ff4e3f8700c0e00cf45d.pdf -- NPPA, ""Compendium of Ceiling Prices of Scheduled Drugs as on 10.08.2022"", Schedule-I / NLEM 2015",2022-08-10,Pegylated interferon alfa 2a,Each Pack,1499(E),30.03.2022,12,false,false
pegylated interferon alfa b,Injection 100 mcg Each Pack,17371.08,6.4.4.2,"Compendium-Prices-2022pdf-464b22085495ff4e3f8700c0e00cf45d.pdf -- NPPA, ""Compendium of Ceiling Prices of Scheduled Drugs as on 10.08.2022"", Schedule-I / NLEM 2015",2022-08-10,Pegylated interferon alfa 2b,Each Pack,1499(E),30.03.2022,12,false,false
pegylated interferon alfa b,Injection 120 mcg Each Pack,16177.38,6.4.4.2,"Compendium-Prices-2022pdf-464b22085495ff4e3f8700c0e00cf45d.pdf -- NPPA, ""Compendium of Ceiling Prices of Scheduled Drugs as on 10.08.2022"", Schedule-I / NLEM 2015",2022-08-10,Pegylated interferon alfa 2b,Each Pack,1499(E),30.03.2022,12,false,false
pegylated interferon,Injection 80 mcg Each Pack,13887.68,6.4.4.2,"Compendium-Prices-2022pdf-464b22085495ff4e3f8700c0e00cf45d.pdf -- NPPA, ""Compendium of Ceiling Prices of Scheduled Drugs as on 10.08.2022"", Schedule-I / NLEM 2015",2022-08-10,Pegylated interferon,Each Pack,1499(E),30.03.2022,12,false,false
ribavirin,Capsule 200 mg 1 Capsule,92.88,6.4.4.3,"Compendium-Prices-2022pdf-464b22085495ff4e3f8700c0e00cf45d.pdf -- NPPA, ""Compendium of Ceiling Prices of Scheduled Drugs as on 10.08.2022"", Schedule-I / NLEM 2015",2022-08-10,Ribavirin,1 Capsule,1499(E),30.03.2022,12,false,true
sofosbuvir,Tablet 400 mg 1 Tablet,741.12,6.4.4.4,"Compendium-Prices-2022pdf-464b22085495ff4e3f8700c0e00cf45d.pdf -- NPPA, ""Compendium of Ceiling Prices of Scheduled Drugs as on 10.08.2022"", Schedule-I / NLEM 2015",2022-08-10,Sofosbuvir,1 Tablet,1499(E),30.03.2022,12,false,true
tenofovir,Tablet 300 mg Section 6.5–Antiprotozoal 1 Tablet,52.39,6.4.4.5,"Compendium-Prices-2022pdf-464b22085495ff4e3f8700c0e00cf45d.pdf -- NPPA, ""Compendium of Ceiling Prices of Scheduled Drugs as on 10.08.2022"", Schedule-I / NLEM 2015",2022-08-10,Tenofovir,1 Tablet,1499(E),30.03.2022,12,false,false
diloxanide,Tablet 500 mg 1 Tablet,1.17,6.5.1.1,"Compendium-Prices-2022pdf-464b22085495ff4e3f8700c0e00cf45d.pdf -- NPPA, ""Compendium of Ceiling Prices of Scheduled Drugs as on 10.08.2022"", Schedule-I / NLEM 2015",2022-08-10,Diloxanide furoate,1 Tablet,1499(E),30.03.2022,12,false,false
metronidazole,Injection 500mg/100ml 1 ml,0.22,6.5.1.2,"Compendium-Prices-2022pdf-464b22085495ff4e3f8700c0e00cf45d.pdf -- NPPA, ""Compendium of Ceiling Prices of Scheduled Drugs as on 10.08.2022"", Schedule-I / NLEM 2015",2022-08-10,Metronidazole,1 ml,1499(E),30.03.2022,12,false,true
metronidazole,Oral Liquid 200 mg/5ml 1 ml,0.50,6.5.1.2,"Compendium-Prices-2022pdf-464b22085495ff4e3f8700c0e00cf45d.pdf -- NPPA, ""Compendium of Ceiling Prices of Scheduled Drugs as on 10.08.2022"", Schedule-I / NLEM 2015",2022-08-10,Metronidazole,1 ml,1499(E),30.03.2022,12,false,true
metronidazole,Tablet 200 mg 1 Tablet,0.76,6.5.1.2,"Compendium-Prices-2022pdf-464b22085495ff4e3f8700c0e00cf45d.pdf -- NPPA, ""Compendium of Ceiling Prices of Scheduled Drugs as on 10.08.2022"", Schedule-I / NLEM 2015",2022-08-10,Metronidazole,1 Tablet,1499(E),30.03.2022,12,false,true
metronidazole,Tablet 400 mg 1 Tablet,1.42,6.5.1.2,"Compendium-Prices-2022pdf-464b22085495ff4e3f8700c0e00cf45d.pdf -- NPPA, ""Compendium of Ceiling Prices of Scheduled Drugs as on 10.08.2022"", Schedule-I / NLEM 2015",2022-08-10,Metronidazole,1 Tablet,1499(E),30.03.2022,12,false,true
amphotericin b,,,6.5.2.1,"Compendium-Prices-2022pdf-464b22085495ff4e3f8700c0e00cf45d.pdf -- NPPA, ""Compendium of Ceiling Prices of Scheduled Drugs as on 10.08.2022"", Schedule-I / NLEM 2015",2022-08-10,Amphotericin B,,,,12,false,false
amphotericin b,Powder for Injection 50 mg Each Pack,343.91,6.5.2.1,"Compendium-Prices-2022pdf-464b22085495ff4e3f8700c0e00cf45d.pdf -- NPPA, ""Compendium of Ceiling Prices of Scheduled Drugs as on 10.08.2022"", Schedule-I / NLEM 2015",2022-08-10,a) Amphotericin B (conventional),Each Pack,1499(E),30.03.2022,12,false,false
lipid liposomal amphotericin b,Powder for Injection 50 mg(Lipid) Each Pack,3558.99,6.5.2.1,"Compendium-Prices-2022pdf-464b22085495ff4e3f8700c0e00cf45d.pdf -- NPPA, ""Compendium of Ceiling Prices of Scheduled Drugs as on 10.08.2022"", Schedule-I / NLEM 2015",2022-08-10,b) Lipid/ Liposomal Amphotericin B,Each Pack,1499(E),30.03.2022,12,false,false
lipid liposomal amphotericin b,Powder for Injection 50 mg(Liposomal) Each Pack,8290.00,6.5.2.1,"Compendium-Prices-2022pdf-464b22085495ff4e3f8700c0e00cf45d.pdf -- NPPA, ""Compendium of Ceiling Prices of Scheduled Drugs as on 10.08.2022"", Schedule-I / NLEM 2015",2022-08-10,b) Lipid/ Liposomal Amphotericin B,Each Pack,1499(E),30.03.2022,12,false,false
miltefosine,Capsule 10 mg,,6.5.2.2,"Compendium-Prices-2022pdf-464b22085495ff4e3f8700c0e00cf45d.pdf -- NPPA, ""Compendium of Ceiling Prices of Scheduled Drugs as on 10.08.2022"", Schedule-I / NLEM 2015",2022-08-10,Miltefosine,,,,12,false,false
miltefosine,Capsule 50 mg,,6.5.2.2,"Compendium-Prices-2022pdf-464b22085495ff4e3f8700c0e00cf45d.pdf -- NPPA, ""Compendium of Ceiling Prices of Scheduled Drugs as on 10.08.2022"", Schedule-I / NLEM 2015",2022-08-10,Miltefosine,,,,12,false,false
paromomycin,Injection 375 mg/ml,,6.5.2.3,"Compendium-Prices-2022pdf-464b22085495ff4e3f8700c0e00cf45d.pdf -- NPPA, ""Compendium of Ceiling Prices of Scheduled Drugs as on 10.08.2022"", Schedule-I / NLEM 2015",2022-08-10,Paromomycin,,,,12,false,false
artemether|lumefantrine,Tablet 20 mg (A) + 120 mg (B) 1 Tablet,13.90,6.5.3.1.1,"Compendium-Prices-2022pdf-464b22085495ff4e3f8700c0e00cf45d.pdf -- NPPA, ""Compendium of Ceiling Prices of Scheduled Drugs as on 10.08.2022"", Schedule-I / NLEM 2015",2022-08-10,Artemether (A) + Lumefantrine (B),1 Tablet,1499(E),30.03.2022,12,true,true
artemether|lumefantrine,Tablet 40 mg (A) + 240 mg (B) 1 Tablet,17.92,6.5.3.1.1,"Compendium-Prices-2022pdf-464b22085495ff4e3f8700c0e00cf45d.pdf -- NPPA, ""Compendium of Ceiling Prices of Scheduled Drugs as on 10.08.2022"", Schedule-I / NLEM 2015",2022-08-10,Artemether (A) + Lumefantrine (B),1 Tablet,1499(E),30.03.2022,12,true,true
artemether|lumefantrine,Tablet 80 mg (A) + 480 mg (B) 1 Tablet,25.72,6.5.3.1.1,"Compendium-Prices-2022pdf-464b22085495ff4e3f8700c0e00cf45d.pdf -- NPPA, ""Compendium of Ceiling Prices of Scheduled Drugs as on 10.08.2022"", Schedule-I / NLEM 2015",2022-08-10,Artemether (A) + Lumefantrine (B),1 Tablet,1499(E),30.03.2022,12,true,true
artemether|lumefantrine,Oral liquid 80 mg (A) + 480 mg (B)/5 ml 1 ml,4.47,6.5.3.1.1,"Compendium-Prices-2022pdf-464b22085495ff4e3f8700c0e00cf45d.pdf -- NPPA, ""Compendium of Ceiling Prices of Scheduled Drugs as on 10.08.2022"", Schedule-I / NLEM 2015",2022-08-10,Artemether (A) + Lumefantrine (B),1 ml,1499(E),30.03.2022,12,true,true
artesunate,Powder for Injection 60 mg Each Pack,242.69,6.5.3.1.2,"Compendium-Prices-2022pdf-464b22085495ff4e3f8700c0e00cf45d.pdf -- NPPA, ""Compendium of Ceiling Prices of Scheduled Drugs as on 10.08.2022"", Schedule-I / NLEM 2015",2022-08-10,Artesunate,Each Pack,1499(E),30.03.2022,12,false,true
artesunate,Powder for Injection 120 mg Each Pack,462.04,6.5.3.1.2,"Compendium-Prices-2022pdf-464b22085495ff4e3f8700c0e00cf45d.pdf -- NPPA, ""Compendium of Ceiling Prices of Scheduled Drugs as on 10.08.2022"", Schedule-I / NLEM 2015",2022-08-10,Artesunate,Each Pack,1499(E),30.03.2022,12,false,true
artesunate|sulphadoxine - pyrimethamine,Combi pack (A+B),,6.5.3.1.3,"Compendium-Prices-2022pdf-464b22085495ff4e3f8700c0e00cf45d.pdf -- NPPA, ""Compendium of Ceiling Prices of Scheduled Drugs as on 10.08.2022"", Schedule-I / NLEM 2015",2022-08-10,Artesunate (A) + Sulphadoxine - Pyrimethamine (B),,,,12,true,true
artesunate|sulphadoxine - pyrimethamine,1 Tablet 50 mg (A) + 1 Combi Pack,23.56,6.5.3.1.3,"Compendium-Prices-2022pdf-464b22085495ff4e3f8700c0e00cf45d.pdf -- NPPA, ""Compendium of Ceiling Prices of Scheduled Drugs as on 10.08.2022"", Schedule-I / NLEM 2015",2022-08-10,Artesunate (A) + Sulphadoxine - Pyrimethamine (B),Combi Pack,1499(E),30.03.2022,13,true,true
artesunate|sulphadoxine - pyrimethamine,Tablet(500 mg + 25 mg) (B),,6.5.3.1.3,"Compendium-Prices-2022pdf-464b22085495ff4e3f8700c0e00cf45d.pdf -- NPPA, ""Compendium of Ceiling Prices of Scheduled Drugs as on 10.08.2022"", Schedule-I / NLEM 2015",2022-08-10,Artesunate (A) + Sulphadoxine - Pyrimethamine (B),,,,13,true,true
artesunate|sulphadoxine - pyrimethamine,1 Tablet 100 mg (A) + 1 Combi pack,32.75,6.5.3.1.3,"Compendium-Prices-2022pdf-464b22085495ff4e3f8700c0e00cf45d.pdf -- NPPA, ""Compendium of Ceiling Prices of Scheduled Drugs as on 10.08.2022"", Schedule-I / NLEM 2015",2022-08-10,Artesunate (A) + Sulphadoxine - Pyrimethamine (B),Combi pack,1499(E),30.03.2022,13,true,true
artesunate|sulphadoxine - pyrimethamine,Tablet(750 mg + 37.5 mg) (B),,6.5.3.1.3,"Compendium-Prices-2022pdf-464b22085495ff4e3f8700c0e00cf45d.pdf -- NPPA, ""Compendium of Ceiling Prices of Scheduled Drugs as on 10.08.2022"", Schedule-I / NLEM 2015",2022-08-10,Artesunate (A) + Sulphadoxine - Pyrimethamine (B),,,,13,true,true
artesunate|sulphadoxine - pyrimethamine,1 Tablet 150 mg (A) + 2 Combi pack,44.46,6.5.3.1.3,"Compendium-Prices-2022pdf-464b22085495ff4e3f8700c0e00cf45d.pdf -- NPPA, ""Compendium of Ceiling Prices of Scheduled Drugs as on 10.08.2022"", Schedule-I / NLEM 2015",2022-08-10,Artesunate (A) + Sulphadoxine - Pyrimethamine (B),Combi pack,1499(E),30.03.2022,13,true,true
artesunate|sulphadoxine - pyrimethamine,Tablet(500 mg + 25 mg) (B),,6.5.3.1.3,"Compendium-Prices-2022pdf-464b22085495ff4e3f8700c0e00cf45d.pdf -- NPPA, ""Compendium of Ceiling Prices of Scheduled Drugs as on 10.08.2022"", Schedule-I / NLEM 2015",2022-08-10,Artesunate (A) + Sulphadoxine - Pyrimethamine (B),,,,13,true,true
artesunate|sulphadoxine - pyrimethamine,1 Tablet 200 mg (A) + 2 Combi pack,40.54,6.5.3.1.3,"Compendium-Prices-2022pdf-464b22085495ff4e3f8700c0e00cf45d.pdf -- NPPA, ""Compendium of Ceiling Prices of Scheduled Drugs as on 10.08.2022"", Schedule-I / NLEM 2015",2022-08-10,Artesunate (A) + Sulphadoxine - Pyrimethamine (B),Combi pack,1499(E),30.03.2022,13,true,true
artesunate|sulphadoxine - pyrimethamine,Tablet(750 mg + 37.5 mg) (B),,6.5.3.1.3,"Compendium-Prices-2022pdf-464b22085495ff4e3f8700c0e00cf45d.pdf -- NPPA, ""Compendium of Ceiling Prices of Scheduled Drugs as on 10.08.2022"", Schedule-I / NLEM 2015",2022-08-10,Artesunate (A) + Sulphadoxine - Pyrimethamine (B),,,,13,true,true
chloroquine,Tablet 150 mg 1 Tablet,1.32,6.5.3.1.4,"Compendium-Prices-2022pdf-464b22085495ff4e3f8700c0e00cf45d.pdf -- NPPA, ""Compendium of Ceiling Prices of Scheduled Drugs as on 10.08.2022"", Schedule-I / NLEM 2015",2022-08-10,Chloroquine,1 Tablet,1499(E),30.03.2022,13,false,true
chloroquine,Oral liquid 50 mg/5 ml 1 ml,0.33,6.5.3.1.4,"Compendium-Prices-2022pdf-464b22085495ff4e3f8700c0e00cf45d.pdf -- NPPA, ""Compendium of Ceiling Prices of Scheduled Drugs as on 10.08.2022"", Schedule-I / NLEM 2015",2022-08-10,Chloroquine,1 ml,1499(E),30.03.2022,13,false,true
clindamycin,Capsule 150 mg 1 Capsule,16.07,6.5.3.1.5,"Compendium-Prices-2022pdf-464b22085495ff4e3f8700c0e00cf45d.pdf -- NPPA, ""Compendium of Ceiling Prices of Scheduled Drugs as on 10.08.2022"", Schedule-I / NLEM 2015",2022-08-10,Clindamycin,1 Capsule,1499(E),30.03.2022,13,false,true
clindamycin,Capsule 300 mg 1 Capsule,26.24,6.5.3.1.5,"Compendium-Prices-2022pdf-464b22085495ff4e3f8700c0e00cf45d.pdf -- NPPA, ""Compendium of Ceiling Prices of Scheduled Drugs as on 10.08.2022"", Schedule-I / NLEM 2015",2022-08-10,Clindamycin,1 Capsule,1499(E),30.03.2022,13,false,true
clindamycin,Tablet 300 mg 1 Tablet,16.93,6.5.3.1.5,"Compendium-Prices-2022pdf-464b22085495ff4e3f8700c0e00cf45d.pdf -- NPPA, ""Compendium of Ceiling Prices of Scheduled Drugs as on 10.08.2022"", Schedule-I / NLEM 2015",2022-08-10,Clindamycin,1 Tablet,1499(E),30.03.2022,13,false,true
primaquine,Tablet 15 mg 1 Tablet,5.07,6.5.3.1.6,"Compendium-Prices-2022pdf-464b22085495ff4e3f8700c0e00cf45d.pdf -- NPPA, ""Compendium of Ceiling Prices of Scheduled Drugs as on 10.08.2022"", Schedule-I / NLEM 2015",2022-08-10,Primaquine,1 Tablet,1499(E),30.03.2022,13,false,true
primaquine,Tablet 2.5 mg 1 Tablet,1.73,6.5.3.1.6,"Compendium-Prices-2022pdf-464b22085495ff4e3f8700c0e00cf45d.pdf -- NPPA, ""Compendium of Ceiling Prices of Scheduled Drugs as on 10.08.2022"", Schedule-I / NLEM 2015",2022-08-10,Primaquine,1 Tablet,1499(E),30.03.2022,13,false,true
primaquine,Tablet 7.5 mg 1 Tablet,2.35,6.5.3.1.6,"Compendium-Prices-2022pdf-464b22085495ff4e3f8700c0e00cf45d.pdf -- NPPA, ""Compendium of Ceiling Prices of Scheduled Drugs as on 10.08.2022"", Schedule-I / NLEM 2015",2022-08-10,Primaquine,1 Tablet,1499(E),30.03.2022,13,false,true
quinine,Tablet 300 mg 1 Tablet,6.36,6.5.3.1.7,"Compendium-Prices-2022pdf-464b22085495ff4e3f8700c0e00cf45d.pdf -- NPPA, ""Compendium of Ceiling Prices of Scheduled Drugs as on 10.08.2022"", Schedule-I / NLEM 2015",2022-08-10,Quinine,1 Tablet,1499(E),30.03.2022,13,false,true
quinine,Injection 300 mg/ml 1 ml,11.29,6.5.3.1.7,"Compendium-Prices-2022pdf-464b22085495ff4e3f8700c0e00cf45d.pdf -- NPPA, ""Compendium of Ceiling Prices of Scheduled Drugs as on 10.08.2022"", Schedule-I / NLEM 2015",2022-08-10,Quinine,1 ml,1499(E),30.03.2022,13,false,true
mefloquine,Tablet 250 mg 1 Tablet,56.60,6.5.3.2.1,"Compendium-Prices-2022pdf-464b22085495ff4e3f8700c0e00cf45d.pdf -- NPPA, ""Compendium of Ceiling Prices of Scheduled Drugs as on 10.08.2022"", Schedule-I / NLEM 2015",2022-08-10,Mefloquine,1 Tablet,1499(E),30.03.2022,13,false,true
co-trimoxazole sulphamethoxazole|trimethoprim,Tablet 400 mg (A) + 80 mg (B) 1 Tablet,0.86,6.5.4.1,"Compendium-Prices-2022pdf-464b22085495ff4e3f8700c0e00cf45d.pdf -- NPPA, ""Compendium of Ceiling Prices of Scheduled Drugs as on 10.08.2022"", Schedule-I / NLEM 2015",2022-08-10,Co-trimoxazole [Sulphamethoxazol e (A) +Trimethoprim (B)],1 Tablet,1499(E),30.03.2022,13,true,true
co-trimoxazole sulphamethoxazole|trimethoprim,Tablet 800 mg (A) + 160 mg (B) 1 Tablet,2.25,6.5.4.1,"Compendium-Prices-2022pdf-464b22085495ff4e3f8700c0e00cf45d.pdf -- NPPA, ""Compendium of Ceiling Prices of Scheduled Drugs as on 10.08.2022"", Schedule-I / NLEM 2015",2022-08-10,Co-trimoxazole [Sulphamethoxazol e (A) +Trimethoprim (B)],1 Tablet,1499(E),30.03.2022,13,true,true
co-trimoxazole sulphamethoxazole|trimethoprim,Oral liquid 200 mg (A) + 40 mg (B)/5 ml 1 ml,0.37,6.5.4.1,"Compendium-Prices-2022pdf-464b22085495ff4e3f8700c0e00cf45d.pdf -- NPPA, ""Compendium of Ceiling Prices of Scheduled Drugs as on 10.08.2022"", Schedule-I / NLEM 2015",2022-08-10,Co-trimoxazole [Sulphamethoxazol e (A) +Trimethoprim (B)],1 ml,1499(E),30.03.2022,13,true,true
pentamidine,Powder for Injection 200 mg,,6.5.4.2,"Compendium-Prices-2022pdf-464b22085495ff4e3f8700c0e00cf45d.pdf -- NPPA, ""Compendium of Ceiling Prices of Scheduled Drugs as on 10.08.2022"", Schedule-I / NLEM 2015",2022-08-10,Pentamidine,,,,13,false,false
acetylsalicylic acid,Tablet 300 mg to 500 mg,,7.1.1,"Compendium-Prices-2022pdf-464b22085495ff4e3f8700c0e00cf45d.pdf -- NPPA, ""Compendium of Ceiling Prices of Scheduled Drugs as on 10.08.2022"", Schedule-I / NLEM 2015",2022-08-10,Acetylsalicylic acid,,,,13,false,true
acetylsalicylic acid,Effervescent/,,7.1.1,"Compendium-Prices-2022pdf-464b22085495ff4e3f8700c0e00cf45d.pdf -- NPPA, ""Compendium of Ceiling Prices of Scheduled Drugs as on 10.08.2022"", Schedule-I / NLEM 2015",2022-08-10,Acetylsalicylic acid,,,,13,false,true
acetylsalicylic acid,Dispersible/Enteric coated,,7.1.1,"Compendium-Prices-2022pdf-464b22085495ff4e3f8700c0e00cf45d.pdf -- NPPA, ""Compendium of Ceiling Prices of Scheduled Drugs as on 10.08.2022"", Schedule-I / NLEM 2015",2022-08-10,Acetylsalicylic acid,,,,13,false,true
acetylsalicylic acid,Tablet 300 mg to 500 mg,,7.1.1,"Compendium-Prices-2022pdf-464b22085495ff4e3f8700c0e00cf45d.pdf -- NPPA, ""Compendium of Ceiling Prices of Scheduled Drugs as on 10.08.2022"", Schedule-I / NLEM 2015",2022-08-10,Acetylsalicylic acid,,,,13,false,true
acetaminophen,Oral Liquid 100 mg/5ml 1 ml,0.56,7.1.2,"Compendium-Prices-2022pdf-464b22085495ff4e3f8700c0e00cf45d.pdf -- NPPA, ""Compendium of Ceiling Prices of Scheduled Drugs as on 10.08.2022"", Schedule-I / NLEM 2015",2022-08-10,Paracetamol,1 ml,1499(E),30.03.2022,13,false,true
acetaminophen,Oral Liquid 120 mg/5ml 1 ml,0.59,7.1.2,"Compendium-Prices-2022pdf-464b22085495ff4e3f8700c0e00cf45d.pdf -- NPPA, ""Compendium of Ceiling Prices of Scheduled Drugs as on 10.08.2022"", Schedule-I / NLEM 2015",2022-08-10,Paracetamol,1 ml,1499(E),30.03.2022,13,false,true
acetaminophen,Oral Liquid 125 mg/5ml 1 ml,0.38,7.1.2,"Compendium-Prices-2022pdf-464b22085495ff4e3f8700c0e00cf45d.pdf -- NPPA, ""Compendium of Ceiling Prices of Scheduled Drugs as on 10.08.2022"", Schedule-I / NLEM 2015",2022-08-10,Paracetamol,1 ml,1499(E),30.03.2022,13,false,true
acetaminophen,Oral Liquid 150 mg/5ml 1 ml,0.64,7.1.2,"Compendium-Prices-2022pdf-464b22085495ff4e3f8700c0e00cf45d.pdf -- NPPA, ""Compendium of Ceiling Prices of Scheduled Drugs as on 10.08.2022"", Schedule-I / NLEM 2015",2022-08-10,Paracetamol,1 ml,1499(E),30.03.2022,13,false,true
acetaminophen,Oral Liquid 250 mg/5ml 1 ml,0.66,7.1.2,"Compendium-Prices-2022pdf-464b22085495ff4e3f8700c0e00cf45d.pdf -- NPPA, ""Compendium of Ceiling Prices of Scheduled Drugs as on 10.08.2022"", Schedule-I / NLEM 2015",2022-08-10,Paracetamol,1 ml,1499(E),30.03.2022,13,false,true
acetaminophen,Oral Liquid 500 mg/5ml 1 ml,0.71,7.1.2,"Compendium-Prices-2022pdf-464b22085495ff4e3f8700c0e00cf45d.pdf -- NPPA, ""Compendium of Ceiling Prices of Scheduled Drugs as on 10.08.2022"", Schedule-I / NLEM 2015",2022-08-10,Paracetamol,1 ml,1499(E),30.03.2022,13,false,true
acetaminophen,Oral Liquid 650 mg/5ml 1 ml,0.58,7.1.2,"Compendium-Prices-2022pdf-464b22085495ff4e3f8700c0e00cf45d.pdf -- NPPA, ""Compendium of Ceiling Prices of Scheduled Drugs as on 10.08.2022"", Schedule-I / NLEM 2015",2022-08-10,Paracetamol,1 ml,1499(E),30.03.2022,13,false,true
acetaminophen,Tablet 500 mg 1 Tablet,1.01,7.1.2,"Compendium-Prices-2022pdf-464b22085495ff4e3f8700c0e00cf45d.pdf -- NPPA, ""Compendium of Ceiling Prices of Scheduled Drugs as on 10.08.2022"", Schedule-I / NLEM 2015",2022-08-10,Paracetamol,1 Tablet,1499(E),30.03.2022,13,false,true
acetaminophen,Tablet 650 mg 1 Tablet,2.04,7.1.2,"Compendium-Prices-2022pdf-464b22085495ff4e3f8700c0e00cf45d.pdf -- NPPA, ""Compendium of Ceiling Prices of Scheduled Drugs as on 10.08.2022"", Schedule-I / NLEM 2015",2022-08-10,Paracetamol,1 Tablet,1499(E),30.03.2022,13,false,true
acetaminophen,Injection 150 mg/ml Each Pack (2 ml),7.16,7.1.2,"Compendium-Prices-2022pdf-464b22085495ff4e3f8700c0e00cf45d.pdf -- NPPA, ""Compendium of Ceiling Prices of Scheduled Drugs as on 10.08.2022"", Schedule-I / NLEM 2015",2022-08-10,Paracetamol,Each Pack (2 ml),1499(E),30.03.2022,14,false,true
acetaminophen,Injection 150 mg/ml Each Pack (3 ml),9.67,7.1.2,"Compendium-Prices-2022pdf-464b22085495ff4e3f8700c0e00cf45d.pdf -- NPPA, ""Compendium of Ceiling Prices of Scheduled Drugs as on 10.08.2022"", Schedule-I / NLEM 2015",2022-08-10,Paracetamol,Each Pack (3 ml),1499(E),30.03.2022,14,false,true
acetaminophen,Injection 150 mg/ml Each Pack (4 ml),12.17,7.1.2,"Compendium-Prices-2022pdf-464b22085495ff4e3f8700c0e00cf45d.pdf -- NPPA, ""Compendium of Ceiling Prices of Scheduled Drugs as on 10.08.2022"", Schedule-I / NLEM 2015",2022-08-10,Paracetamol,Each Pack (4 ml),1499(E),30.03.2022,14,false,true
acetaminophen,Injection 150 mg/ml Each Pack (5 ml),14.68,7.1.2,"Compendium-Prices-2022pdf-464b22085495ff4e3f8700c0e00cf45d.pdf -- NPPA, ""Compendium of Ceiling Prices of Scheduled Drugs as on 10.08.2022"", Schedule-I / NLEM 2015",2022-08-10,Paracetamol,Each Pack (5 ml),1499(E),30.03.2022,14,false,true
acetaminophen,Injection 150 mg/ml Each Pack (7 ml),19.68,7.1.2,"Compendium-Prices-2022pdf-464b22085495ff4e3f8700c0e00cf45d.pdf -- NPPA, ""Compendium of Ceiling Prices of Scheduled Drugs as on 10.08.2022"", Schedule-I / NLEM 2015",2022-08-10,Paracetamol,Each Pack (7 ml),1499(E),30.03.2022,14,false,true
acetaminophen,Suppository 170 mg Each Suppository,8.54,7.1.2,"Compendium-Prices-2022pdf-464b22085495ff4e3f8700c0e00cf45d.pdf -- NPPA, ""Compendium of Ceiling Prices of Scheduled Drugs as on 10.08.2022"", Schedule-I / NLEM 2015",2022-08-10,Paracetamol,Each Suppository,1499(E),30.03.2022,14,false,true
acetaminophen,Suppository 80 mg Each Suppository,7.22,7.1.2,"Compendium-Prices-2022pdf-464b22085495ff4e3f8700c0e00cf45d.pdf -- NPPA, ""Compendium of Ceiling Prices of Scheduled Drugs as on 10.08.2022"", Schedule-I / NLEM 2015",2022-08-10,Paracetamol,Each Suppository,1499(E),30.03.2022,14,false,true
sumatriptan,Tablet 25mg 1 Tablet,36.96,7.1.3,"Compendium-Prices-2022pdf-464b22085495ff4e3f8700c0e00cf45d.pdf -- NPPA, ""Compendium of Ceiling Prices of Scheduled Drugs as on 10.08.2022"", Schedule-I / NLEM 2015",2022-08-10,Sumatriptan,1 Tablet,1499(E),30.03.2022,14,false,true
sumatriptan,Tablet 50mg 1 Tablet,57.22,7.1.3,"Compendium-Prices-2022pdf-464b22085495ff4e3f8700c0e00cf45d.pdf -- NPPA, ""Compendium of Ceiling Prices of Scheduled Drugs as on 10.08.2022"", Schedule-I / NLEM 2015",2022-08-10,Sumatriptan,1 Tablet,1499(E),30.03.2022,14,false,true
sumatriptan,Injection 6 mg/ 0.5 ml,,7.1.3,"Compendium-Prices-2022pdf-464b22085495ff4e3f8700c0e00cf45d.pdf -- NPPA, ""Compendium of Ceiling Prices of Scheduled Drugs as on 10.08.2022"", Schedule-I / NLEM 2015",2022-08-10,Sumatriptan,,,,14,false,true
flunarizine,Tablet 5 mg 1 Tablet,3.06,7.2.1,"Compendium-Prices-2022pdf-464b22085495ff4e3f8700c0e00cf45d.pdf -- NPPA, ""Compendium of Ceiling Prices of Scheduled Drugs as on 10.08.2022"", Schedule-I / NLEM 2015",2022-08-10,Flunarizine,1 Tablet,1499(E),30.03.2022,14,false,true
flunarizine,Tablet 10 mg 1 Tablet,5.26,7.2.1,"Compendium-Prices-2022pdf-464b22085495ff4e3f8700c0e00cf45d.pdf -- NPPA, ""Compendium of Ceiling Prices of Scheduled Drugs as on 10.08.2022"", Schedule-I / NLEM 2015",2022-08-10,Flunarizine,1 Tablet,1499(E),30.03.2022,14,false,true
propranolol,Capsule 40 mg 1 Capsule,4.22,7.2.2,"Compendium-Prices-2022pdf-464b22085495ff4e3f8700c0e00cf45d.pdf -- NPPA, ""Compendium of Ceiling Prices of Scheduled Drugs as on 10.08.2022"", Schedule-I / NLEM 2015",2022-08-10,Propranolol,1 Capsule,1499(E),30.03.2022,14,false,true
propranolol,Capsule 80 mg 1 Capsule,6.41,7.2.2,"Compendium-Prices-2022pdf-464b22085495ff4e3f8700c0e00cf45d.pdf -- NPPA, ""Compendium of Ceiling Prices of Scheduled Drugs as on 10.08.2022"", Schedule-I / NLEM 2015",2022-08-10,Propranolol,1 Capsule,1499(E),30.03.2022,14,false,true
propranolol,Tablet 10 mg 1 Tablet,1.30,7.2.2,"Compendium-Prices-2022pdf-464b22085495ff4e3f8700c0e00cf45d.pdf -- NPPA, ""Compendium of Ceiling Prices of Scheduled Drugs as on 10.08.2022"", Schedule-I / NLEM 2015",2022-08-10,Propranolol,1 Tablet,1499(E),30.03.2022,14,false,true
propranolol,Tablet 40 mg 1 Tablet,3.06,7.2.2,"Compendium-Prices-2022pdf-464b22085495ff4e3f8700c0e00cf45d.pdf -- NPPA, ""Compendium of Ceiling Prices of Scheduled Drugs as on 10.08.2022"", Schedule-I / NLEM 2015",2022-08-10,Propranolol,1 Tablet,1499(E),30.03.2022,14,false,true
propranolol,Tablet 80 mg 1 Tablet,5.55,7.2.2,"Compendium-Prices-2022pdf-464b22085495ff4e3f8700c0e00cf45d.pdf -- NPPA, ""Compendium of Ceiling Prices of Scheduled Drugs as on 10.08.2022"", Schedule-I / NLEM 2015",2022-08-10,Propranolol,1 Tablet,1499(E),30.03.2022,14,false,true
fluorouracil,Injection 250 mg/5 ml 1 ml,2.59,8.1.1,"Compendium-Prices-2022pdf-464b22085495ff4e3f8700c0e00cf45d.pdf -- NPPA, ""Compendium of Ceiling Prices of Scheduled Drugs as on 10.08.2022"", Schedule-I / NLEM 2015",2022-08-10,5-Fluorouracil,1 ml,1499(E),30.03.2022,14,false,false
mercaptopurine,Tablet 50mg 1 Tablet,7.17,8.1.2,"Compendium-Prices-2022pdf-464b22085495ff4e3f8700c0e00cf45d.pdf -- NPPA, ""Compendium of Ceiling Prices of Scheduled Drugs as on 10.08.2022"", Schedule-I / NLEM 2015",2022-08-10,6-Mercaptopurine,1 Tablet,1499(E),30.03.2022,14,false,false
dactinomycin,Powder for Injection 0.5 mg Each Pack,352.13,8.1.3,"Compendium-Prices-2022pdf-464b22085495ff4e3f8700c0e00cf45d.pdf -- NPPA, ""Compendium of Ceiling Prices of Scheduled Drugs as on 10.08.2022"", Schedule-I / NLEM 2015",2022-08-10,Actinomycin D,Each Pack,1499(E),30.03.2022,14,false,false
tretinoin,Capsule 10 mg 1 Capsule,90.83,8.1.4,"Compendium-Prices-2022pdf-464b22085495ff4e3f8700c0e00cf45d.pdf -- NPPA, ""Compendium of Ceiling Prices of Scheduled Drugs as on 10.08.2022"", Schedule-I / NLEM 2015",2022-08-10,All-trans retinoic acid,1 Capsule,1499(E),30.03.2022,14,false,true
arsenic trioxide,Injection 1mg/ml 1 ml,60.29,8.1.5,"Compendium-Prices-2022pdf-464b22085495ff4e3f8700c0e00cf45d.pdf -- NPPA, ""Compendium of Ceiling Prices of Scheduled Drugs as on 10.08.2022"", Schedule-I / NLEM 2015",2022-08-10,Arsenic trioxide,1 ml,1499(E),30.03.2022,14,false,false
bleomycin,Powder for Injection 15 units Each Pack,689.25,8.1.6,"Compendium-Prices-2022pdf-464b22085495ff4e3f8700c0e00cf45d.pdf -- NPPA, ""Compendium of Ceiling Prices of Scheduled Drugs as on 10.08.2022"", Schedule-I / NLEM 2015",2022-08-10,Bleomycin,Each Pack,1499(E),30.03.2022,14,false,true
bortezomib,Powder for Injection 2mg Each Pack,13656.22,8.1.7,"Compendium-Prices-2022pdf-464b22085495ff4e3f8700c0e00cf45d.pdf -- NPPA, ""Compendium of Ceiling Prices of Scheduled Drugs as on 10.08.2022"", Schedule-I / NLEM 2015",2022-08-10,Bortezomib,Each Pack,1499(E),30.03.2022,14,false,true
folinic acid,Tablet 15 mg 1 Tablet,45.29,8.1.8,"Compendium-Prices-2022pdf-464b22085495ff4e3f8700c0e00cf45d.pdf -- NPPA, ""Compendium of Ceiling Prices of Scheduled Drugs as on 10.08.2022"", Schedule-I / NLEM 2015",2022-08-10,Calcium folinate,1 Tablet,1499(E),30.03.2022,14,false,true
folinic acid,Injection 3 mg/ml,,8.1.8,"Compendium-Prices-2022pdf-464b22085495ff4e3f8700c0e00cf45d.pdf -- NPPA, ""Compendium of Ceiling Prices of Scheduled Drugs as on 10.08.2022"", Schedule-I / NLEM 2015",2022-08-10,Calcium folinate,,,,14,false,true
capecitabine,Tablet 500 mg 1 Tablet,140.33,8.1.9,"Compendium-Prices-2022pdf-464b22085495ff4e3f8700c0e00cf45d.pdf -- NPPA, ""Compendium of Ceiling Prices of Scheduled Drugs as on 10.08.2022"", Schedule-I / NLEM 2015",2022-08-10,Capecitabine,1 Tablet,1499(E),30.03.2022,14,false,true
carboplatin,Injection 10 mg/ml 1 ml,59.08,8.1.10,"Compendium-Prices-2022pdf-464b22085495ff4e3f8700c0e00cf45d.pdf -- NPPA, ""Compendium of Ceiling Prices of Scheduled Drugs as on 10.08.2022"", Schedule-I / NLEM 2015",2022-08-10,Carboplatin,1 ml,1499(E),30.03.2022,14,false,true
chlorambucil,Tablet 2 mg 1 Tablet,40.98,8.1.11,"Compendium-Prices-2022pdf-464b22085495ff4e3f8700c0e00cf45d.pdf -- NPPA, ""Compendium of Ceiling Prices of Scheduled Drugs as on 10.08.2022"", Schedule-I / NLEM 2015",2022-08-10,Chlorambucil,1 Tablet,1499(E),30.03.2022,14,false,false
chlorambucil,Tablet 5 mg 1 Tablet,92.09,8.1.11,"Compendium-Prices-2022pdf-464b22085495ff4e3f8700c0e00cf45d.pdf -- NPPA, ""Compendium of Ceiling Prices of Scheduled Drugs as on 10.08.2022"", Schedule-I / NLEM 2015",2022-08-10,Chlorambucil,1 Tablet,1499(E),30.03.2022,14,false,false
cisplatin,Injection 1mg/ml 1 ml,7.65,8.1.12,"Compendium-Prices-2022pdf-464b22085495ff4e3f8700c0e00cf45d.pdf -- NPPA, ""Compendium of Ceiling Prices of Scheduled Drugs as on 10.08.2022"", Schedule-I / NLEM 2015",2022-08-10,Cisplatin,1 ml,1499(E),30.03.2022,14,false,true
cyclophosphamide,Tablet 50 mg 1 Tablet,4.50,8.1.13,"Compendium-Prices-2022pdf-464b22085495ff4e3f8700c0e00cf45d.pdf -- NPPA, ""Compendium of Ceiling Prices of Scheduled Drugs as on 10.08.2022"", Schedule-I / NLEM 2015",2022-08-10,Cyclophosphamide,1 Tablet,1499(E),30.03.2022,14,false,true
cyclophosphamide,Tablet 200 mg,,8.1.13,"Compendium-Prices-2022pdf-464b22085495ff4e3f8700c0e00cf45d.pdf -- NPPA, ""Compendium of Ceiling Prices of Scheduled Drugs as on 10.08.2022"", Schedule-I / NLEM 2015",2022-08-10,Cyclophosphamide,,,,14,false,true
cyclophosphamide,Powder for Injection 500 mg Each Pack,88.62,8.1.13,"Compendium-Prices-2022pdf-464b22085495ff4e3f8700c0e00cf45d.pdf -- NPPA, ""Compendium of Ceiling Prices of Scheduled Drugs as on 10.08.2022"", Schedule-I / NLEM 2015",2022-08-10,Cyclophosphamide,Each Pack,1499(E),30.03.2022,14,false,true
cytarabine,Injection 100 mg/ml Each Pack,220.59,8.1.14,"Compendium-Prices-2022pdf-464b22085495ff4e3f8700c0e00cf45d.pdf -- NPPA, ""Compendium of Ceiling Prices of Scheduled Drugs as on 10.08.2022"", Schedule-I / NLEM 2015",2022-08-10,Cytosine arabinoside,Each Pack,1499(E),30.03.2022,14,false,false
cytarabine,Powder for Injection 1000 mg Each Pack,1189.78,8.1.14,"Compendium-Prices-2022pdf-464b22085495ff4e3f8700c0e00cf45d.pdf -- NPPA, ""Compendium of Ceiling Prices of Scheduled Drugs as on 10.08.2022"", Schedule-I / NLEM 2015",2022-08-10,Cytosine arabinoside,Each Pack,1499(E),30.03.2022,14,false,false
cytarabine,Powder for Injection 500 mg Each Pack,568.66,8.1.14,"Compendium-Prices-2022pdf-464b22085495ff4e3f8700c0e00cf45d.pdf -- NPPA, ""Compendium of Ceiling Prices of Scheduled Drugs as on 10.08.2022"", Schedule-I / NLEM 2015",2022-08-10,Cytosine arabinoside,Each Pack,1499(E),30.03.2022,14,false,false
dacarbazine,Powder for Injection 200 mg Each Pack,487.79,8.1.15,"Compendium-Prices-2022pdf-464b22085495ff4e3f8700c0e00cf45d.pdf -- NPPA, ""Compendium of Ceiling Prices of Scheduled Drugs as on 10.08.2022"", Schedule-I / NLEM 2015",2022-08-10,Dacarbazine,Each Pack,1499(E),30.03.2022,14,false,true
dacarbazine,Powder for Injection 500 mg Each Pack,1100.41,8.1.15,"Compendium-Prices-2022pdf-464b22085495ff4e3f8700c0e00cf45d.pdf -- NPPA, ""Compendium of Ceiling Prices of Scheduled Drugs as on 10.08.2022"", Schedule-I / NLEM 2015",2022-08-10,Dacarbazine,Each Pack,1499(E),30.03.2022,14,false,true
daunorubicin,Injection 5 mg/ml,,8.1.16,"Compendium-Prices-2022pdf-464b22085495ff4e3f8700c0e00cf45d.pdf -- NPPA, ""Compendium of Ceiling Prices of Scheduled Drugs as on 10.08.2022"", Schedule-I / NLEM 2015",2022-08-10,Daunorubicin,,,,14,false,true
daunorubicin,Powder for I.V. Injection 20 mg (5 mg/ml) Each pack,270.01,8.1.16,"Compendium-Prices-2022pdf-464b22085495ff4e3f8700c0e00cf45d.pdf -- NPPA, ""Compendium of Ceiling Prices of Scheduled Drugs as on 10.08.2022"", Schedule-I / NLEM 2015",2022-08-10,Daunorubicin,Each pack,1499(E),30.03.2022,14,false,true
docetaxel,Powder for Injection 20 mg Each Pack,3323.65,8.1.17,"Compendium-Prices-2022pdf-464b22085495ff4e3f8700c0e00cf45d.pdf -- NPPA, ""Compendium of Ceiling Prices of Scheduled Drugs as on 10.08.2022"", Schedule-I / NLEM 2015",2022-08-10,Docetaxel,Each Pack,1499(E),30.03.2022,14,false,true
docetaxel,Capsule 100 mg,,8.1.17,"Compendium-Prices-2022pdf-464b22085495ff4e3f8700c0e00cf45d.pdf -- NPPA, ""Compendium of Ceiling Prices of Scheduled Drugs as on 10.08.2022"", Schedule-I / NLEM 2015",2022-08-10,Docetaxel,,,,15,false,true
docetaxel,Injection 20 mg/ml 1 ml,39.81,8.1.17,"Compendium-Prices-2022pdf-464b22085495ff4e3f8700c0e00cf45d.pdf -- NPPA, ""Compendium of Ceiling Prices of Scheduled Drugs as on 10.08.2022"", Schedule-I / NLEM 2015",2022-08-10,Docetaxel,1 ml,1499(E),30.03.2022,15,false,true
gefitinib,Tablet 250 mg 1 Tablet,475.90,8.1.20,"Compendium-Prices-2022pdf-464b22085495ff4e3f8700c0e00cf45d.pdf -- NPPA, ""Compendium of Ceiling Prices of Scheduled Drugs as on 10.08.2022"", Schedule-I / NLEM 2015",2022-08-10,Gefitinib,1 Tablet,1499(E),30.03.2022,15,false,true
gemcitabine,Powder for Injection 1 gm Each Pack,5890.65,8.1.21,"Compendium-Prices-2022pdf-464b22085495ff4e3f8700c0e00cf45d.pdf -- NPPA, ""Compendium of Ceiling Prices of Scheduled Drugs as on 10.08.2022"", Schedule-I / NLEM 2015",2022-08-10,Gemcitabine,Each Pack,1499(E),30.03.2022,15,false,true
gemcitabine,Powder for Injection 200mg Each Pack,1300.95,8.1.21,"Compendium-Prices-2022pdf-464b22085495ff4e3f8700c0e00cf45d.pdf -- NPPA, ""Compendium of Ceiling Prices of Scheduled Drugs as on 10.08.2022"", Schedule-I / NLEM 2015",2022-08-10,Gemcitabine,Each Pack,1499(E),30.03.2022,15,false,true
ifosfamide,Powder for Injection 1g Each Pack,401.77,8.1.22,"Compendium-Prices-2022pdf-464b22085495ff4e3f8700c0e00cf45d.pdf -- NPPA, ""Compendium of Ceiling Prices of Scheduled Drugs as on 10.08.2022"", Schedule-I / NLEM 2015",2022-08-10,Ifosfamide,Each Pack,1499(E),30.03.2022,15,false,true
ifosfamide,Powder for Injection 2g Each Pack,1054.59,8.1.22,"Compendium-Prices-2022pdf-464b22085495ff4e3f8700c0e00cf45d.pdf -- NPPA, ""Compendium of Ceiling Prices of Scheduled Drugs as on 10.08.2022"", Schedule-I / NLEM 2015",2022-08-10,Ifosfamide,Each Pack,1499(E),30.03.2022,15,false,true
imatinib,Capsule 100 mg 1 Capsule,86.20,8.1.23,"Compendium-Prices-2022pdf-464b22085495ff4e3f8700c0e00cf45d.pdf -- NPPA, ""Compendium of Ceiling Prices of Scheduled Drugs as on 10.08.2022"", Schedule-I / NLEM 2015",2022-08-10,Imatinib,1 Capsule,1499(E),30.03.2022,15,false,true
imatinib,Capsule 400 mg 1 Capsule,283.61,8.1.23,"Compendium-Prices-2022pdf-464b22085495ff4e3f8700c0e00cf45d.pdf -- NPPA, ""Compendium of Ceiling Prices of Scheduled Drugs as on 10.08.2022"", Schedule-I / NLEM 2015",2022-08-10,Imatinib,1 Capsule,1499(E),30.03.2022,15,false,true
imatinib,Tablet 100 mg 1 Tablet,88.18,8.1.23,"Compendium-Prices-2022pdf-464b22085495ff4e3f8700c0e00cf45d.pdf -- NPPA, ""Compendium of Ceiling Prices of Scheduled Drugs as on 10.08.2022"", Schedule-I / NLEM 2015",2022-08-10,Imatinib,1 Tablet,1499(E),30.03.2022,15,false,true
imatinib,Tablet 400 mg 1 Tablet,255.28,8.1.23,"Compendium-Prices-2022pdf-464b22085495ff4e3f8700c0e00cf45d.pdf -- NPPA, ""Compendium of Ceiling Prices of Scheduled Drugs as on 10.08.2022"", Schedule-I / NLEM 2015",2022-08-10,Imatinib,1 Tablet,1499(E),30.03.2022,15,false,true
asparaginase,Powder for Injection 10000 KU Each Pack,1782.47,8.1.24,"Compendium-Prices-2022pdf-464b22085495ff4e3f8700c0e00cf45d.pdf -- NPPA, ""Compendium of Ceiling Prices of Scheduled Drugs as on 10.08.2022"", Schedule-I / NLEM 2015",2022-08-10,L-Asparaginase,Each Pack,1499(E),30.03.2022,15,false,false
asparaginase,Powder for Injection 5000KU Each Pack,1150.56,8.1.24,"Compendium-Prices-2022pdf-464b22085495ff4e3f8700c0e00cf45d.pdf -- NPPA, ""Compendium of Ceiling Prices of Scheduled Drugs as on 10.08.2022"", Schedule-I / NLEM 2015",2022-08-10,L-Asparaginase,Each Pack,1499(E),30.03.2022,15,false,false
melphalan,Tablet 2 mg 1 Tablet,108.93,8.1.25,"Compendium-Prices-2022pdf-464b22085495ff4e3f8700c0e00cf45d.pdf -- NPPA, ""Compendium of Ceiling Prices of Scheduled Drugs as on 10.08.2022"", Schedule-I / NLEM 2015",2022-08-10,Melphalan,1 Tablet,1499(E),30.03.2022,15,false,false
melphalan,Tablet 5 mg 1 Tablet,186.83,8.1.25,"Compendium-Prices-2022pdf-464b22085495ff4e3f8700c0e00cf45d.pdf -- NPPA, ""Compendium of Ceiling Prices of Scheduled Drugs as on 10.08.2022"", Schedule-I / NLEM 2015",2022-08-10,Melphalan,1 Tablet,1499(E),30.03.2022,15,false,false
mesna,Injection 100 mg/ml 1 ml,18.62,8.1.26,"Compendium-Prices-2022pdf-464b22085495ff4e3f8700c0e00cf45d.pdf -- NPPA, ""Compendium of Ceiling Prices of Scheduled Drugs as on 10.08.2022"", Schedule-I / NLEM 2015",2022-08-10,Mesna,1 ml,1499(E),30.03.2022,15,false,false
mesna,Tablet 2.5 mg,,8.1.26,"Compendium-Prices-2022pdf-464b22085495ff4e3f8700c0e00cf45d.pdf -- NPPA, ""Compendium of Ceiling Prices of Scheduled Drugs as on 10.08.2022"", Schedule-I / NLEM 2015",2022-08-10,Mesna,,,,15,false,false
methotrexate,Injection 25 mg/ml 1 ml,53.41,8.1.27,"Compendium-Prices-2022pdf-464b22085495ff4e3f8700c0e00cf45d.pdf -- NPPA, ""Compendium of Ceiling Prices of Scheduled Drugs as on 10.08.2022"", Schedule-I / NLEM 2015",2022-08-10,Methotrexate,1 ml,1499(E),30.03.2022,15,false,true
methotrexate,Injection 50 mg/ml 1 ml,44.47,8.1.27,"Compendium-Prices-2022pdf-464b22085495ff4e3f8700c0e00cf45d.pdf -- NPPA, ""Compendium of Ceiling Prices of Scheduled Drugs as on 10.08.2022"", Schedule-I / NLEM 2015",2022-08-10,Methotrexate,1 ml,1499(E),30.03.2022,15,false,true
methotrexate,Tablet 10 mg 1 Tablet,13.48,8.1.27,"Compendium-Prices-2022pdf-464b22085495ff4e3f8700c0e00cf45d.pdf -- NPPA, ""Compendium of Ceiling Prices of Scheduled Drugs as on 10.08.2022"", Schedule-I / NLEM 2015",2022-08-10,Methotrexate,1 Tablet,1499(E),30.03.2022,15,false,true
methotrexate,Tablet 2.5 mg 1 Tablet,5.32,8.1.27,"Compendium-Prices-2022pdf-464b22085495ff4e3f8700c0e00cf45d.pdf -- NPPA, ""Compendium of Ceiling Prices of Scheduled Drugs as on 10.08.2022"", Schedule-I / NLEM 2015",2022-08-10,Methotrexate,1 Tablet,1499(E),30.03.2022,15,false,true
methotrexate,Tablet 7.5 mg 1 Tablet,12.86,8.1.27,"Compendium-Prices-2022pdf-464b22085495ff4e3f8700c0e00cf45d.pdf -- NPPA, ""Compendium of Ceiling Prices of Scheduled Drugs as on 10.08.2022"", Schedule-I / NLEM 2015",2022-08-10,Methotrexate,1 Tablet,1499(E),30.03.2022,15,false,true
methotrexate,Tablet 5 mg 1 Tablet,9.29,8.1.27,"Compendium-Prices-2022pdf-464b22085495ff4e3f8700c0e00cf45d.pdf -- NPPA, ""Compendium of Ceiling Prices of Scheduled Drugs as on 10.08.2022"", Schedule-I / NLEM 2015",2022-08-10,Methotrexate,1 Tablet,1499(E),30.03.2022,15,false,true
oxaliplatin,Injection 100mg(as licensed) Each Pack,4962.10,8.1.28,"Compendium-Prices-2022pdf-464b22085495ff4e3f8700c0e00cf45d.pdf -- NPPA, ""Compendium of Ceiling Prices of Scheduled Drugs as on 10.08.2022"", Schedule-I / NLEM 2015",2022-08-10,Oxaliplatin,Each Pack,1499(E),30.03.2022,15,false,false
oxaliplatin,Injection 50mg(as licensed) Each Pack,2885.84,8.1.28,"Compendium-Prices-2022pdf-464b22085495ff4e3f8700c0e00cf45d.pdf -- NPPA, ""Compendium of Ceiling Prices of Scheduled Drugs as on 10.08.2022"", Schedule-I / NLEM 2015",2022-08-10,Oxaliplatin,Each Pack,1499(E),30.03.2022,15,false,false
paclitaxel,Injection 100 mg/16.7 ml 1 ml,228.33,8.1.29,"Compendium-Prices-2022pdf-464b22085495ff4e3f8700c0e00cf45d.pdf -- NPPA, ""Compendium of Ceiling Prices of Scheduled Drugs as on 10.08.2022"", Schedule-I / NLEM 2015",2022-08-10,Paclitaxel,1 ml,1499(E),30.03.2022,15,false,true
paclitaxel,Injection 30 mg/ 5ml 1 ml,228.33,8.1.29,"Compendium-Prices-2022pdf-464b22085495ff4e3f8700c0e00cf45d.pdf -- NPPA, ""Compendium of Ceiling Prices of Scheduled Drugs as on 10.08.2022"", Schedule-I / NLEM 2015",2022-08-10,Paclitaxel,1 ml,1499(E),30.03.2022,15,false,true
procarbazine,Capsule 50 mg 1 Capsule,38.38,8.1.30,"Compendium-Prices-2022pdf-464b22085495ff4e3f8700c0e00cf45d.pdf -- NPPA, ""Compendium of Ceiling Prices of Scheduled Drugs as on 10.08.2022"", Schedule-I / NLEM 2015",2022-08-10,Procarbazine,1 Capsule,1499(E),30.03.2022,15,false,false
procarbazine,Tablet 50 mg 1 Tablet,52.30,8.1.30,"Compendium-Prices-2022pdf-464b22085495ff4e3f8700c0e00cf45d.pdf -- NPPA, ""Compendium of Ceiling Prices of Scheduled Drugs as on 10.08.2022"", Schedule-I / NLEM 2015",2022-08-10,Procarbazine,1 Tablet,1499(E),30.03.2022,15,false,false
rituximab,Injection 10 mg/ml 1 ml,842.18,8.1.31,"Compendium-Prices-2022pdf-464b22085495ff4e3f8700c0e00cf45d.pdf -- NPPA, ""Compendium of Ceiling Prices of Scheduled Drugs as on 10.08.2022"", Schedule-I / NLEM 2015",2022-08-10,Rituximab,1 ml,1499(E),30.03.2022,15,false,true
temozolomide,Capsule 100 mg 1 Capsule,2313.54,8.1.32,"Compendium-Prices-2022pdf-464b22085495ff4e3f8700c0e00cf45d.pdf -- NPPA, ""Compendium of Ceiling Prices of Scheduled Drugs as on 10.08.2022"", Schedule-I / NLEM 2015",2022-08-10,Temozolomide,1 Capsule,1499(E),30.03.2022,15,false,true
temozolomide,Capsule 20 mg 1 Capsule,662.24,8.1.32,"Compendium-Prices-2022pdf-464b22085495ff4e3f8700c0e00cf45d.pdf -- NPPA, ""Compendium of Ceiling Prices of Scheduled Drugs as on 10.08.2022"", Schedule-I / NLEM 2015",2022-08-10,Temozolomide,1 Capsule,1499(E),30.03.2022,15,false,true
temozolomide,Capsule 250 mg 1 Capsule,5203.58,8.1.32,"Compendium-Prices-2022pdf-464b22085495ff4e3f8700c0e00cf45d.pdf -- NPPA, ""Compendium of Ceiling Prices of Scheduled Drugs as on 10.08.2022"", Schedule-I / NLEM 2015",2022-08-10,Temozolomide,1 Capsule,1499(E),30.03.2022,15,false,true
temozolomide,Tablet 100 mg 1 Tablet,1717.31,8.1.32,"Compendium-Prices-2022pdf-464b22085495ff4e3f8700c0e00cf45d.pdf -- NPPA, ""Compendium of Ceiling Prices of Scheduled Drugs as on 10.08.2022"", Schedule-I / NLEM 2015",2022-08-10,Temozolomide,1 Tablet,1499(E),30.03.2022,15,false,true
temozolomide,Tablet 20 mg 1 Tablet,416.06,8.1.32,"Compendium-Prices-2022pdf-464b22085495ff4e3f8700c0e00cf45d.pdf -- NPPA, ""Compendium of Ceiling Prices of Scheduled Drugs as on 10.08.2022"", Schedule-I / NLEM 2015",2022-08-10,Temozolomide,1 Tablet,1499(E),30.03.2022,15,false,true
temozolomide,Tablet 250 mg 1 Tablet,4250.50,8.1.32,"Compendium-Prices-2022pdf-464b22085495ff4e3f8700c0e00cf45d.pdf -- NPPA, ""Compendium of Ceiling Prices of Scheduled Drugs as on 10.08.2022"", Schedule-I / NLEM 2015",2022-08-10,Temozolomide,1 Tablet,1499(E),30.03.2022,15,false,true
thalidomide,Capsule 100 mg 1 Capsule,67.84,8.1.33,"Compendium-Prices-2022pdf-464b22085495ff4e3f8700c0e00cf45d.pdf -- NPPA, ""Compendium of Ceiling Prices of Scheduled Drugs as on 10.08.2022"", Schedule-I / NLEM 2015",2022-08-10,Thalidomide,1 Capsule,1499(E),30.03.2022,15,false,true
thalidomide,Capsule 50 mg 1 Capsule,39.19,8.1.33,"Compendium-Prices-2022pdf-464b22085495ff4e3f8700c0e00cf45d.pdf -- NPPA, ""Compendium of Ceiling Prices of Scheduled Drugs as on 10.08.2022"", Schedule-I / NLEM 2015",2022-08-10,Thalidomide,1 Capsule,1499(E),30.03.2022,15,false,true
trastuzumab,Injection 440 mg/50 ml Each Pack,66790.46,8.1.34,"Compendium-Prices-2022pdf-464b22085495ff4e3f8700c0e00cf45d.pdf -- NPPA, ""Compendium of Ceiling Prices of Scheduled Drugs as on 10.08.2022"", Schedule-I / NLEM 2015",2022-08-10,Trastuzumab,Each Pack,1499(E),30.03.2022,15,false,false
vinblastine,Injection 1 mg/ml 1 ml,22.78,8.1.35,"Compendium-Prices-2022pdf-464b22085495ff4e3f8700c0e00cf45d.pdf -- NPPA, ""Compendium of Ceiling Prices of Scheduled Drugs as on 10.08.2022"", Schedule-I / NLEM 2015",2022-08-10,Vinblastine,1 ml,1499(E),30.03.2022,15,false,false
vincristine,Injection 1 mg/ml 1 ml,57.86,8.1.36,"Compendium-Prices-2022pdf-464b22085495ff4e3f8700c0e00cf45d.pdf -- NPPA, ""Compendium of Ceiling Prices of Scheduled Drugs as on 10.08.2022"", Schedule-I / NLEM 2015",2022-08-10,Vincristine,1 ml,1499(E),30.03.2022,15,false,true
bicalutamide,Tablet 50 mg 1 Tablet,76.18,8.2.1,"Compendium-Prices-2022pdf-464b22085495ff4e3f8700c0e00cf45d.pdf -- NPPA, ""Compendium of Ceiling Prices of Scheduled Drugs as on 10.08.2022"", Schedule-I / NLEM 2015",2022-08-10,Bicalutamide,1 Tablet,1499(E),30.03.2022,15,false,true
letrozole,Tablet 2.5 mg 1 Tablet,45.27,8.2.2,"Compendium-Prices-2022pdf-464b22085495ff4e3f8700c0e00cf45d.pdf -- NPPA, ""Compendium of Ceiling Prices of Scheduled Drugs as on 10.08.2022"", Schedule-I / NLEM 2015",2022-08-10,Letrozole,1 Tablet,1499(E),30.03.2022,15,false,true
prednisolone,Drops 1% 1 ml,5.58,8.2.3,"Compendium-Prices-2022pdf-464b22085495ff4e3f8700c0e00cf45d.pdf -- NPPA, ""Compendium of Ceiling Prices of Scheduled Drugs as on 10.08.2022"", Schedule-I / NLEM 2015",2022-08-10,Prednisolone,1 ml,1499(E),30.03.2022,15,false,true
prednisolone,Injection 20 mg/2ml 1 ml,3.98,8.2.3,"Compendium-Prices-2022pdf-464b22085495ff4e3f8700c0e00cf45d.pdf -- NPPA, ""Compendium of Ceiling Prices of Scheduled Drugs as on 10.08.2022"", Schedule-I / NLEM 2015",2022-08-10,Prednisolone,1 ml,1499(E),30.03.2022,15,false,true
prednisolone,Oral Liquid 15 mg/ 5ml 1 ml,0.83,8.2.3,"Compendium-Prices-2022pdf-464b22085495ff4e3f8700c0e00cf45d.pdf -- NPPA, ""Compendium of Ceiling Prices of Scheduled Drugs as on 10.08.2022"", Schedule-I / NLEM 2015",2022-08-10,Prednisolone,1 ml,1499(E),30.03.2022,15,false,true
prednisolone,Oral Liquid 5 mg/ 5ml 1 ml,0.48,8.2.3,"Compendium-Prices-2022pdf-464b22085495ff4e3f8700c0e00cf45d.pdf -- NPPA, ""Compendium of Ceiling Prices of Scheduled Drugs as on 10.08.2022"", Schedule-I / NLEM 2015",2022-08-10,Prednisolone,1 ml,1499(E),30.03.2022,15,false,true
prednisolone,Tablet 10 mg 1 Tablet,1.09,8.2.3,"Compendium-Prices-2022pdf-464b22085495ff4e3f8700c0e00cf45d.pdf -- NPPA, ""Compendium of Ceiling Prices of Scheduled Drugs as on 10.08.2022"", Schedule-I / NLEM 2015",2022-08-10,Prednisolone,1 Tablet,1499(E),30.03.2022,15,false,true
prednisolone,Tablet 20 mg 1 Tablet,2.17,8.2.3,"Compendium-Prices-2022pdf-464b22085495ff4e3f8700c0e00cf45d.pdf -- NPPA, ""Compendium of Ceiling Prices of Scheduled Drugs as on 10.08.2022"", Schedule-I / NLEM 2015",2022-08-10,Prednisolone,1 Tablet,1499(E),30.03.2022,15,false,true
prednisolone,Tablet 40 mg 1 Tablet,3.12,8.2.3,"Compendium-Prices-2022pdf-464b22085495ff4e3f8700c0e00cf45d.pdf -- NPPA, ""Compendium of Ceiling Prices of Scheduled Drugs as on 10.08.2022"", Schedule-I / NLEM 2015",2022-08-10,Prednisolone,1 Tablet,1499(E),30.03.2022,15,false,true
prednisolone,Tablet 5 mg 1 Tablet,0.62,8.2.3,"Compendium-Prices-2022pdf-464b22085495ff4e3f8700c0e00cf45d.pdf -- NPPA, ""Compendium of Ceiling Prices of Scheduled Drugs as on 10.08.2022"", Schedule-I / NLEM 2015",2022-08-10,Prednisolone,1 Tablet,1499(E),30.03.2022,15,false,true
tamoxifen,Tablet 10 mg 1 Tablet,2.86,8.2.4,"Compendium-Prices-2022pdf-464b22085495ff4e3f8700c0e00cf45d.pdf -- NPPA, ""Compendium of Ceiling Prices of Scheduled Drugs as on 10.08.2022"", Schedule-I / NLEM 2015",2022-08-10,Tamoxifen,1 Tablet,1499(E),30.03.2022,15,false,true
azathioprine,Tablet 50 mg 1 Tablet,11.26,8.3.1,"Compendium-Prices-2022pdf-464b22085495ff4e3f8700c0e00cf45d.pdf -- NPPA, ""Compendium of Ceiling Prices of Scheduled Drugs as on 10.08.2022"", Schedule-I / NLEM 2015",2022-08-10,Azathioprine,1 Tablet,1499(E),30.03.2022,16,false,true
cyclosporine,Capsule10 mg,,8.3.2,"Compendium-Prices-2022pdf-464b22085495ff4e3f8700c0e00cf45d.pdf -- NPPA, ""Compendium of Ceiling Prices of Scheduled Drugs as on 10.08.2022"", Schedule-I / NLEM 2015",2022-08-10,Cyclosporine,,,,16,false,true
cyclosporine,Capsule 25 mg 1 Capsule,30.55,8.3.2,"Compendium-Prices-2022pdf-464b22085495ff4e3f8700c0e00cf45d.pdf -- NPPA, ""Compendium of Ceiling Prices of Scheduled Drugs as on 10.08.2022"", Schedule-I / NLEM 2015",2022-08-10,Cyclosporine,1 Capsule,1499(E),30.03.2022,16,false,true
cyclosporine,Capsule 50 mg 1 Capsule,58.45,8.3.2,"Compendium-Prices-2022pdf-464b22085495ff4e3f8700c0e00cf45d.pdf -- NPPA, ""Compendium of Ceiling Prices of Scheduled Drugs as on 10.08.2022"", Schedule-I / NLEM 2015",2022-08-10,Cyclosporine,1 Capsule,1499(E),30.03.2022,16,false,true
cyclosporine,Capsule 100 mg 1 Capsule,113.81,8.3.2,"Compendium-Prices-2022pdf-464b22085495ff4e3f8700c0e00cf45d.pdf -- NPPA, ""Compendium of Ceiling Prices of Scheduled Drugs as on 10.08.2022"", Schedule-I / NLEM 2015",2022-08-10,Cyclosporine,1 Capsule,1499(E),30.03.2022,16,false,true
cyclosporine,Injection 50 mg/ml 1 ml,299.48,8.3.2,"Compendium-Prices-2022pdf-464b22085495ff4e3f8700c0e00cf45d.pdf -- NPPA, ""Compendium of Ceiling Prices of Scheduled Drugs as on 10.08.2022"", Schedule-I / NLEM 2015",2022-08-10,Cyclosporine,1 ml,1499(E),30.03.2022,16,false,true
cyclosporine,Oral Liquid 100 mg/ml 1 ml,104.95,8.3.2,"Compendium-Prices-2022pdf-464b22085495ff4e3f8700c0e00cf45d.pdf -- NPPA, ""Compendium of Ceiling Prices of Scheduled Drugs as on 10.08.2022"", Schedule-I / NLEM 2015",2022-08-10,Cyclosporine,1 ml,1499(E),30.03.2022,16,false,true
mycophenolate,Tablet 250 mg 1 Tablet,46.10,8.3.3,"Compendium-Prices-2022pdf-464b22085495ff4e3f8700c0e00cf45d.pdf -- NPPA, ""Compendium of Ceiling Prices of Scheduled Drugs as on 10.08.2022"", Schedule-I / NLEM 2015",2022-08-10,Mycophenolate mofetil,1 Tablet,1499(E),30.03.2022,16,false,true
mycophenolate,Tablet 500 mg 1 Tablet,91.19,8.3.3,"Compendium-Prices-2022pdf-464b22085495ff4e3f8700c0e00cf45d.pdf -- NPPA, ""Compendium of Ceiling Prices of Scheduled Drugs as on 10.08.2022"", Schedule-I / NLEM 2015",2022-08-10,Mycophenolate mofetil,1 Tablet,1499(E),30.03.2022,16,false,true
tacrolimus,Capsule 0.5 mg 1 Capsule,24.56,8.3.4,"Compendium-Prices-2022pdf-464b22085495ff4e3f8700c0e00cf45d.pdf -- NPPA, ""Compendium of Ceiling Prices of Scheduled Drugs as on 10.08.2022"", Schedule-I / NLEM 2015",2022-08-10,Tacrolimus,1 Capsule,1499(E),30.03.2022,16,false,true
tacrolimus,Capsule 1 mg 1 Capsule,43.38,8.3.4,"Compendium-Prices-2022pdf-464b22085495ff4e3f8700c0e00cf45d.pdf -- NPPA, ""Compendium of Ceiling Prices of Scheduled Drugs as on 10.08.2022"", Schedule-I / NLEM 2015",2022-08-10,Tacrolimus,1 Capsule,1499(E),30.03.2022,16,false,true
tacrolimus,Capsule 2 mg 1 Capsule,84.97,8.3.4,"Compendium-Prices-2022pdf-464b22085495ff4e3f8700c0e00cf45d.pdf -- NPPA, ""Compendium of Ceiling Prices of Scheduled Drugs as on 10.08.2022"", Schedule-I / NLEM 2015",2022-08-10,Tacrolimus,1 Capsule,1499(E),30.03.2022,16,false,true
tacrolimus,Tablet 0.5 mg 1 Tablet,20.80,8.3.4,"Compendium-Prices-2022pdf-464b22085495ff4e3f8700c0e00cf45d.pdf -- NPPA, ""Compendium of Ceiling Prices of Scheduled Drugs as on 10.08.2022"", Schedule-I / NLEM 2015",2022-08-10,Tacrolimus,1 Tablet,1499(E),30.03.2022,16,false,true
tacrolimus,Tablet 1 mg 1 Tablet,38.20,8.3.4,"Compendium-Prices-2022pdf-464b22085495ff4e3f8700c0e00cf45d.pdf -- NPPA, ""Compendium of Ceiling Prices of Scheduled Drugs as on 10.08.2022"", Schedule-I / NLEM 2015",2022-08-10,Tacrolimus,1 Tablet,1499(E),30.03.2022,16,false,true
tacrolimus,Tablet 2 mg 1 Tablet,75.46,8.3.4,"Compendium-Prices-2022pdf-464b22085495ff4e3f8700c0e00cf45d.pdf -- NPPA, ""Compendium of Ceiling Prices of Scheduled Drugs as on 10.08.2022"", Schedule-I / NLEM 2015",2022-08-10,Tacrolimus,1 Tablet,1499(E),30.03.2022,16,false,true
allopurinol,Tablet 100 mg 1 Tablet,2.12,8.4.1,"Compendium-Prices-2022pdf-464b22085495ff4e3f8700c0e00cf45d.pdf -- NPPA, ""Compendium of Ceiling Prices of Scheduled Drugs as on 10.08.2022"", Schedule-I / NLEM 2015",2022-08-10,Allopurinol,1 Tablet,1499(E),30.03.2022,16,false,true
allopurinol,Tablet 300 mg 1 Tablet,8.31,8.4.1,"Compendium-Prices-2022pdf-464b22085495ff4e3f8700c0e00cf45d.pdf -- NPPA, ""Compendium of Ceiling Prices of Scheduled Drugs as on 10.08.2022"", Schedule-I / NLEM 2015",2022-08-10,Allopurinol,1 Tablet,1499(E),30.03.2022,16,false,true
amitriptyline,Tablet 10 mg 1 Tablet,2.54,8.4.2,"Compendium-Prices-2022pdf-464b22085495ff4e3f8700c0e00cf45d.pdf -- NPPA, ""Compendium of Ceiling Prices of Scheduled Drugs as on 10.08.2022"", Schedule-I / NLEM 2015",2022-08-10,Amitriptyline,1 Tablet,1499(E),30.03.2022,16,false,true
amitriptyline,Tablet 25 mg 1 Tablet,2.50,8.4.2,"Compendium-Prices-2022pdf-464b22085495ff4e3f8700c0e00cf45d.pdf -- NPPA, ""Compendium of Ceiling Prices of Scheduled Drugs as on 10.08.2022"", Schedule-I / NLEM 2015",2022-08-10,Amitriptyline,1 Tablet,1499(E),30.03.2022,16,false,true
amitriptyline,Tablet 50 mg 1 Tablet,6.45,8.4.2,"Compendium-Prices-2022pdf-464b22085495ff4e3f8700c0e00cf45d.pdf -- NPPA, ""Compendium of Ceiling Prices of Scheduled Drugs as on 10.08.2022"", Schedule-I / NLEM 2015",2022-08-10,Amitriptyline,1 Tablet,1499(E),30.03.2022,16,false,true
amitriptyline,Tablet 75 mg 1 Tablet,6.23,8.4.2,"Compendium-Prices-2022pdf-464b22085495ff4e3f8700c0e00cf45d.pdf -- NPPA, ""Compendium of Ceiling Prices of Scheduled Drugs as on 10.08.2022"", Schedule-I / NLEM 2015",2022-08-10,Amitriptyline,1 Tablet,1499(E),30.03.2022,16,false,true
dexamethasone,Tablet 0.5 mg 1 Tablet,0.21,8.4.3,"Compendium-Prices-2022pdf-464b22085495ff4e3f8700c0e00cf45d.pdf -- NPPA, ""Compendium of Ceiling Prices of Scheduled Drugs as on 10.08.2022"", Schedule-I / NLEM 2015",2022-08-10,Dexamethasone,1 Tablet,1499(E),30.03.2022,16,false,true
dexamethasone,Injection 4 mg/ml Each Pack (10,15.29,8.4.3,"Compendium-Prices-2022pdf-464b22085495ff4e3f8700c0e00cf45d.pdf -- NPPA, ""Compendium of Ceiling Prices of Scheduled Drugs as on 10.08.2022"", Schedule-I / NLEM 2015",2022-08-10,Dexamethasone,Each Pack (10,1499(E),30.03.2022,16,false,true
dexamethasone,Injection 4 mg/ml Each Pack (2 ml),10.35,8.4.3,"Compendium-Prices-2022pdf-464b22085495ff4e3f8700c0e00cf45d.pdf -- NPPA, ""Compendium of Ceiling Prices of Scheduled Drugs as on 10.08.2022"", Schedule-I / NLEM 2015",2022-08-10,Dexamethasone,Each Pack (2 ml),1499(E),30.03.2022,16,false,true
dexamethasone,Injection 4 mg/ml Each Pack (20,29.31,8.4.3,"Compendium-Prices-2022pdf-464b22085495ff4e3f8700c0e00cf45d.pdf -- NPPA, ""Compendium of Ceiling Prices of Scheduled Drugs as on 10.08.2022"", Schedule-I / NLEM 2015",2022-08-10,Dexamethasone,Each Pack (20,1499(E),30.03.2022,16,false,true
dexamethasone,Injection 4 mg/ml Each Pack (30,39.17,8.4.3,"Compendium-Prices-2022pdf-464b22085495ff4e3f8700c0e00cf45d.pdf -- NPPA, ""Compendium of Ceiling Prices of Scheduled Drugs as on 10.08.2022"", Schedule-I / NLEM 2015",2022-08-10,Dexamethasone,Each Pack (30,1499(E),30.03.2022,16,false,true
diazepam,Injection 5 mg/ml 1 ml,6.72,8.4.4,"Compendium-Prices-2022pdf-464b22085495ff4e3f8700c0e00cf45d.pdf -- NPPA, ""Compendium of Ceiling Prices of Scheduled Drugs as on 10.08.2022"", Schedule-I / NLEM 2015",2022-08-10,Diazepam,1 ml,1499(E),30.03.2022,16,false,true
diazepam,Oral Liquid 2 mg/5ml 1 ml,3.03,8.4.4,"Compendium-Prices-2022pdf-464b22085495ff4e3f8700c0e00cf45d.pdf -- NPPA, ""Compendium of Ceiling Prices of Scheduled Drugs as on 10.08.2022"", Schedule-I / NLEM 2015",2022-08-10,Diazepam,1 ml,1499(E),30.03.2022,16,false,true
diazepam,Suppository 5 mg 1 Suppository,6.63,8.4.4,"Compendium-Prices-2022pdf-464b22085495ff4e3f8700c0e00cf45d.pdf -- NPPA, ""Compendium of Ceiling Prices of Scheduled Drugs as on 10.08.2022"", Schedule-I / NLEM 2015",2022-08-10,Diazepam,1 Suppository,1499(E),30.03.2022,16,false,true
diazepam,Tablet 2 mg 1 Tablet,1.67,8.4.4,"Compendium-Prices-2022pdf-464b22085495ff4e3f8700c0e00cf45d.pdf -- NPPA, ""Compendium of Ceiling Prices of Scheduled Drugs as on 10.08.2022"", Schedule-I / NLEM 2015",2022-08-10,Diazepam,1 Tablet,1499(E),30.03.2022,16,false,true
diazepam,Tablet 5 mg 1 Tablet,1.58,8.4.4,"Compendium-Prices-2022pdf-464b22085495ff4e3f8700c0e00cf45d.pdf -- NPPA, ""Compendium of Ceiling Prices of Scheduled Drugs as on 10.08.2022"", Schedule-I / NLEM 2015",2022-08-10,Diazepam,1 Tablet,1499(E),30.03.2022,16,false,true
filgrastim,Injection 300 mcg Each pack,1523.73,8.4.5,"Compendium-Prices-2022pdf-464b22085495ff4e3f8700c0e00cf45d.pdf -- NPPA, ""Compendium of Ceiling Prices of Scheduled Drugs as on 10.08.2022"", Schedule-I / NLEM 2015",2022-08-10,Filgrastim,Each pack,1499(E),30.03.2022,16,false,true
fluoxetine,Capsule 10 mg 1 Capsule,3.30,8.4.6,"Compendium-Prices-2022pdf-464b22085495ff4e3f8700c0e00cf45d.pdf -- NPPA, ""Compendium of Ceiling Prices of Scheduled Drugs as on 10.08.2022"", Schedule-I / NLEM 2015",2022-08-10,Fluoxetine,1 Capsule,1499(E),30.03.2022,16,false,true
fluoxetine,Capsule 20 mg 1 Capsule,4.05,8.4.6,"Compendium-Prices-2022pdf-464b22085495ff4e3f8700c0e00cf45d.pdf -- NPPA, ""Compendium of Ceiling Prices of Scheduled Drugs as on 10.08.2022"", Schedule-I / NLEM 2015",2022-08-10,Fluoxetine,1 Capsule,1499(E),30.03.2022,16,false,true
fluoxetine,Capsule 40 mg 1 Capsule,6.15,8.4.6,"Compendium-Prices-2022pdf-464b22085495ff4e3f8700c0e00cf45d.pdf -- NPPA, ""Compendium of Ceiling Prices of Scheduled Drugs as on 10.08.2022"", Schedule-I / NLEM 2015",2022-08-10,Fluoxetine,1 Capsule,1499(E),30.03.2022,16,false,true
fluoxetine,Capsule 60 mg 1 Capsule,10.87,8.4.6,"Compendium-Prices-2022pdf-464b22085495ff4e3f8700c0e00cf45d.pdf -- NPPA, ""Compendium of Ceiling Prices of Scheduled Drugs as on 10.08.2022"", Schedule-I / NLEM 2015",2022-08-10,Fluoxetine,1 Capsule,1499(E),30.03.2022,16,false,true
fluoxetine,Tablet 10 mg 1 Tablet,2.77,8.4.6,"Compendium-Prices-2022pdf-464b22085495ff4e3f8700c0e00cf45d.pdf -- NPPA, ""Compendium of Ceiling Prices of Scheduled Drugs as on 10.08.2022"", Schedule-I / NLEM 2015",2022-08-10,Fluoxetine,1 Tablet,1499(E),30.03.2022,16,false,true
fluoxetine,Tablet 20 mg 1 Tablet,4.40,8.4.6,"Compendium-Prices-2022pdf-464b22085495ff4e3f8700c0e00cf45d.pdf -- NPPA, ""Compendium of Ceiling Prices of Scheduled Drugs as on 10.08.2022"", Schedule-I / NLEM 2015",2022-08-10,Fluoxetine,1 Tablet,1499(E),30.03.2022,16,false,true
fluoxetine,Tablet 40 mg 1 Tablet,5.93,8.4.6,"Compendium-Prices-2022pdf-464b22085495ff4e3f8700c0e00cf45d.pdf -- NPPA, ""Compendium of Ceiling Prices of Scheduled Drugs as on 10.08.2022"", Schedule-I / NLEM 2015",2022-08-10,Fluoxetine,1 Tablet,1499(E),30.03.2022,16,false,true
fluoxetine,Tablet 60 mg 1 Tablet,8.22,8.4.6,"Compendium-Prices-2022pdf-464b22085495ff4e3f8700c0e00cf45d.pdf -- NPPA, ""Compendium of Ceiling Prices of Scheduled Drugs as on 10.08.2022"", Schedule-I / NLEM 2015",2022-08-10,Fluoxetine,1 Tablet,1499(E),30.03.2022,16,false,true
haloperidol,Injection 5 mg/ml 1 ml,6.47,8.4.7,"Compendium-Prices-2022pdf-464b22085495ff4e3f8700c0e00cf45d.pdf -- NPPA, ""Compendium of Ceiling Prices of Scheduled Drugs as on 10.08.2022"", Schedule-I / NLEM 2015",2022-08-10,Haloperidol,1 ml,1499(E),30.03.2022,16,false,false
haloperidol,Oral Liquid 2 mg/ 5ml 1 ml,2.28,8.4.7,"Compendium-Prices-2022pdf-464b22085495ff4e3f8700c0e00cf45d.pdf -- NPPA, ""Compendium of Ceiling Prices of Scheduled Drugs as on 10.08.2022"", Schedule-I / NLEM 2015",2022-08-10,Haloperidol,1 ml,1499(E),30.03.2022,16,false,false
haloperidol,Tablet 1.5 mg 1 Tablet,1.84,8.4.7,"Compendium-Prices-2022pdf-464b22085495ff4e3f8700c0e00cf45d.pdf -- NPPA, ""Compendium of Ceiling Prices of Scheduled Drugs as on 10.08.2022"", Schedule-I / NLEM 2015",2022-08-10,Haloperidol,1 Tablet,1499(E),30.03.2022,16,false,false
haloperidol,Tablet 10 mg 1 Tablet,4.90,8.4.7,"Compendium-Prices-2022pdf-464b22085495ff4e3f8700c0e00cf45d.pdf -- NPPA, ""Compendium of Ceiling Prices of Scheduled Drugs as on 10.08.2022"", Schedule-I / NLEM 2015",2022-08-10,Haloperidol,1 Tablet,1499(E),30.03.2022,16,false,false
haloperidol,Tablet 20 mg 1 Tablet,5.47,8.4.7,"Compendium-Prices-2022pdf-464b22085495ff4e3f8700c0e00cf45d.pdf -- NPPA, ""Compendium of Ceiling Prices of Scheduled Drugs as on 10.08.2022"", Schedule-I / NLEM 2015",2022-08-10,Haloperidol,1 Tablet,1499(E),30.03.2022,16,false,false
haloperidol,Tablet 5 mg 1 Tablet,3.82,8.4.7,"Compendium-Prices-2022pdf-464b22085495ff4e3f8700c0e00cf45d.pdf -- NPPA, ""Compendium of Ceiling Prices of Scheduled Drugs as on 10.08.2022"", Schedule-I / NLEM 2015",2022-08-10,Haloperidol,1 Tablet,1499(E),30.03.2022,16,false,false
lactulose,Oral liquid 10 g/15 ml 1 ml,1.22,8.4.8,"Compendium-Prices-2022pdf-464b22085495ff4e3f8700c0e00cf45d.pdf -- NPPA, ""Compendium of Ceiling Prices of Scheduled Drugs as on 10.08.2022"", Schedule-I / NLEM 2015",2022-08-10,Lactulose,1 ml,1499(E),30.03.2022,16,false,true
loperamide,Capsule 2 mg 1 Capsule,3.98,8.4.9,"Compendium-Prices-2022pdf-464b22085495ff4e3f8700c0e00cf45d.pdf -- NPPA, ""Compendium of Ceiling Prices of Scheduled Drugs as on 10.08.2022"", Schedule-I / NLEM 2015",2022-08-10,Loperamide,1 Capsule,1499(E),30.03.2022,16,false,true
loperamide,Tablet 2 mg 1 Tablet,2.19,8.4.9,"Compendium-Prices-2022pdf-464b22085495ff4e3f8700c0e00cf45d.pdf -- NPPA, ""Compendium of Ceiling Prices of Scheduled Drugs as on 10.08.2022"", Schedule-I / NLEM 2015",2022-08-10,Loperamide,1 Tablet,1499(E),30.03.2022,16,false,true
metoclopramide,Injection 5 mg/ml (10 ml 1 ml,1.58,8.4.10,"Compendium-Prices-2022pdf-464b22085495ff4e3f8700c0e00cf45d.pdf -- NPPA, ""Compendium of Ceiling Prices of Scheduled Drugs as on 10.08.2022"", Schedule-I / NLEM 2015",2022-08-10,Metoclopramide,1 ml,1499(E),30.03.2022,16,false,true
metoclopramide,Oral Liquid 5 mg/5ml 1 ml,0.49,8.4.10,"Compendium-Prices-2022pdf-464b22085495ff4e3f8700c0e00cf45d.pdf -- NPPA, ""Compendium of Ceiling Prices of Scheduled Drugs as on 10.08.2022"", Schedule-I / NLEM 2015",2022-08-10,Metoclopramide,1 ml,1499(E),30.03.2022,17,false,true
metoclopramide,Tablet 10 mg 1 Tablet,1.30,8.4.10,"Compendium-Prices-2022pdf-464b22085495ff4e3f8700c0e00cf45d.pdf -- NPPA, ""Compendium of Ceiling Prices of Scheduled Drugs as on 10.08.2022"", Schedule-I / NLEM 2015",2022-08-10,Metoclopramide,1 Tablet,1499(E),30.03.2022,17,false,true
midazolam,Injection 1 mg/ml 1 ml,6.56,8.4.11,"Compendium-Prices-2022pdf-464b22085495ff4e3f8700c0e00cf45d.pdf -- NPPA, ""Compendium of Ceiling Prices of Scheduled Drugs as on 10.08.2022"", Schedule-I / NLEM 2015",2022-08-10,Midazolam,1 ml,1499(E),30.03.2022,17,false,true
midazolam,Injection 5 mg/ml 1 ml,16.12,8.4.11,"Compendium-Prices-2022pdf-464b22085495ff4e3f8700c0e00cf45d.pdf -- NPPA, ""Compendium of Ceiling Prices of Scheduled Drugs as on 10.08.2022"", Schedule-I / NLEM 2015",2022-08-10,Midazolam,1 ml,1499(E),30.03.2022,17,false,true
midazolam,Tablet 7.5mg 1 Tablet,24.92,8.4.11,"Compendium-Prices-2022pdf-464b22085495ff4e3f8700c0e00cf45d.pdf -- NPPA, ""Compendium of Ceiling Prices of Scheduled Drugs as on 10.08.2022"", Schedule-I / NLEM 2015",2022-08-10,Midazolam,1 Tablet,1499(E),30.03.2022,17,false,true
morphine,Injection 10 mg/ml 1 ml,26.37,8.4.12,"Compendium-Prices-2022pdf-464b22085495ff4e3f8700c0e00cf45d.pdf -- NPPA, ""Compendium of Ceiling Prices of Scheduled Drugs as on 10.08.2022"", Schedule-I / NLEM 2015",2022-08-10,Morphine,1 ml,1499(E),30.03.2022,17,false,false
morphine,Injection 15 mg/ml 1 ml,32.91,8.4.12,"Compendium-Prices-2022pdf-464b22085495ff4e3f8700c0e00cf45d.pdf -- NPPA, ""Compendium of Ceiling Prices of Scheduled Drugs as on 10.08.2022"", Schedule-I / NLEM 2015",2022-08-10,Morphine,1 ml,1499(E),30.03.2022,17,false,false
morphine,SR Tablet 30 mg 1 Tablet,6.05,8.4.12,"Compendium-Prices-2022pdf-464b22085495ff4e3f8700c0e00cf45d.pdf -- NPPA, ""Compendium of Ceiling Prices of Scheduled Drugs as on 10.08.2022"", Schedule-I / NLEM 2015",2022-08-10,Morphine,1 Tablet,1499(E),30.03.2022,17,false,false
morphine,Tablet 10 mg 1 Tablet,5.91,8.4.12,"Compendium-Prices-2022pdf-464b22085495ff4e3f8700c0e00cf45d.pdf -- NPPA, ""Compendium of Ceiling Prices of Scheduled Drugs as on 10.08.2022"", Schedule-I / NLEM 2015",2022-08-10,Morphine,1 Tablet,1499(E),30.03.2022,17,false,false
ondansetron,Injection 2 mg/ml 1 ml,6.49,8.4.13,"Compendium-Prices-2022pdf-464b22085495ff4e3f8700c0e00cf45d.pdf -- NPPA, ""Compendium of Ceiling Prices of Scheduled Drugs as on 10.08.2022"", Schedule-I / NLEM 2015",2022-08-10,Ondansetron,1 ml,1499(E),30.03.2022,17,false,true
ondansetron,Oral Liquid 2 mg/5ml 1 ml,1.26,8.4.13,"Compendium-Prices-2022pdf-464b22085495ff4e3f8700c0e00cf45d.pdf -- NPPA, ""Compendium of Ceiling Prices of Scheduled Drugs as on 10.08.2022"", Schedule-I / NLEM 2015",2022-08-10,Ondansetron,1 ml,1499(E),30.03.2022,17,false,true
ondansetron,Tablet 4 mg 1 Tablet,5.23,8.4.13,"Compendium-Prices-2022pdf-464b22085495ff4e3f8700c0e00cf45d.pdf -- NPPA, ""Compendium of Ceiling Prices of Scheduled Drugs as on 10.08.2022"", Schedule-I / NLEM 2015",2022-08-10,Ondansetron,1 Tablet,1499(E),30.03.2022,17,false,true
ondansetron,Tablet 8 mg 1 Tablet,10.83,8.4.13,"Compendium-Prices-2022pdf-464b22085495ff4e3f8700c0e00cf45d.pdf -- NPPA, ""Compendium of Ceiling Prices of Scheduled Drugs as on 10.08.2022"", Schedule-I / NLEM 2015",2022-08-10,Ondansetron,1 Tablet,1499(E),30.03.2022,17,false,true
tramadol,Capsule 50 mg 1 Capsule,5.01,8.4.14,"Compendium-Prices-2022pdf-464b22085495ff4e3f8700c0e00cf45d.pdf -- NPPA, ""Compendium of Ceiling Prices of Scheduled Drugs as on 10.08.2022"", Schedule-I / NLEM 2015",2022-08-10,Tramadol,1 Capsule,1499(E),30.03.2022,17,false,true
tramadol,Injection 50 mg/ml (20 ml Pack) 1 ml,1.38,8.4.14,"Compendium-Prices-2022pdf-464b22085495ff4e3f8700c0e00cf45d.pdf -- NPPA, ""Compendium of Ceiling Prices of Scheduled Drugs as on 10.08.2022"", Schedule-I / NLEM 2015",2022-08-10,Tramadol,1 ml,1499(E),30.03.2022,17,false,true
tramadol,Injection 50 mg/ml (upto 2 ml Pack) 1 ml,11.63,8.4.14,"Compendium-Prices-2022pdf-464b22085495ff4e3f8700c0e00cf45d.pdf -- NPPA, ""Compendium of Ceiling Prices of Scheduled Drugs as on 10.08.2022"", Schedule-I / NLEM 2015",2022-08-10,Tramadol,1 ml,1499(E),30.03.2022,17,false,true
tramadol,Tablet 100 mg 1 Tablet,21.84,8.4.14,"Compendium-Prices-2022pdf-464b22085495ff4e3f8700c0e00cf45d.pdf -- NPPA, ""Compendium of Ceiling Prices of Scheduled Drugs as on 10.08.2022"", Schedule-I / NLEM 2015",2022-08-10,Tramadol,1 Tablet,1499(E),30.03.2022,17,false,true
tramadol,Tablet 50 mg 1 Tablet,8.95,8.4.14,"Compendium-Prices-2022pdf-464b22085495ff4e3f8700c0e00cf45d.pdf -- NPPA, ""Compendium of Ceiling Prices of Scheduled Drugs as on 10.08.2022"", Schedule-I / NLEM 2015",2022-08-10,Tramadol,1 Tablet,1499(E),30.03.2022,17,false,true
tramadol,Capsule 100 mg 1 Capsule,10.66,8.4.14,"Compendium-Prices-2022pdf-464b22085495ff4e3f8700c0e00cf45d.pdf -- NPPA, ""Compendium of Ceiling Prices of Scheduled Drugs as on 10.08.2022"", Schedule-I / NLEM 2015",2022-08-10,Tramadol,1 Capsule,1499(E),30.03.2022,17,false,true
zoledronic acid,Powder for Injection 4 mg Each Pack,4664.74,8.4.15,"Compendium-Prices-2022pdf-464b22085495ff4e3f8700c0e00cf45d.pdf -- NPPA, ""Compendium of Ceiling Prices of Scheduled Drugs as on 10.08.2022"", Schedule-I / NLEM 2015",2022-08-10,Zoledronic acid,Each Pack,1499(E),30.03.2022,17,false,true
levodopa|carbidopa,CR Tablet 100 mg(A) + 25 mg(B) 1 Tablet,3.70,9.1,"Compendium-Prices-2022pdf-464b22085495ff4e3f8700c0e00cf45d.pdf -- NPPA, ""Compendium of Ceiling Prices of Scheduled Drugs as on 10.08.2022"", Schedule-I / NLEM 2015",2022-08-10,Levodopa (A) + Carbidopa (B),1 Tablet,1499(E),30.03.2022,17,true,true
levodopa|carbidopa,Tablet 100 mg(A) + 10 mg(B) 1 Tablet,1.73,9.1,"Compendium-Prices-2022pdf-464b22085495ff4e3f8700c0e00cf45d.pdf -- NPPA, ""Compendium of Ceiling Prices of Scheduled Drugs as on 10.08.2022"", Schedule-I / NLEM 2015",2022-08-10,Levodopa (A) + Carbidopa (B),1 Tablet,1499(E),30.03.2022,17,true,true
levodopa|carbidopa,Tablet 100 mg(A) + 25 mg(B) 1 Tablet,2.50,9.1,"Compendium-Prices-2022pdf-464b22085495ff4e3f8700c0e00cf45d.pdf -- NPPA, ""Compendium of Ceiling Prices of Scheduled Drugs as on 10.08.2022"", Schedule-I / NLEM 2015",2022-08-10,Levodopa (A) + Carbidopa (B),1 Tablet,1499(E),30.03.2022,17,true,true
levodopa|carbidopa,Tablet 250 mg(A) + 25 mg(B) 1 Tablet,4.15,9.1,"Compendium-Prices-2022pdf-464b22085495ff4e3f8700c0e00cf45d.pdf -- NPPA, ""Compendium of Ceiling Prices of Scheduled Drugs as on 10.08.2022"", Schedule-I / NLEM 2015",2022-08-10,Levodopa (A) + Carbidopa (B),1 Tablet,1499(E),30.03.2022,17,true,true
levodopa|carbidopa,CR Tablet 200 mg(A) + 50 mg(B) 1 Tablet,4.56,9.1,"Compendium-Prices-2022pdf-464b22085495ff4e3f8700c0e00cf45d.pdf -- NPPA, ""Compendium of Ceiling Prices of Scheduled Drugs as on 10.08.2022"", Schedule-I / NLEM 2015",2022-08-10,Levodopa (A) + Carbidopa (B),1 Tablet,1499(E),30.03.2022,17,true,true
trihexyphenidyl,Tablet 2 mg 1 Tablet,1.35,9.2,"Compendium-Prices-2022pdf-464b22085495ff4e3f8700c0e00cf45d.pdf -- NPPA, ""Compendium of Ceiling Prices of Scheduled Drugs as on 10.08.2022"", Schedule-I / NLEM 2015",2022-08-10,Trihexyphenidyl,1 Tablet,1499(E),30.03.2022,17,false,true
erythropoietin,Injection 10000 IU/ml Each pack,2888.54,10.1.1,"Compendium-Prices-2022pdf-464b22085495ff4e3f8700c0e00cf45d.pdf -- NPPA, ""Compendium of Ceiling Prices of Scheduled Drugs as on 10.08.2022"", Schedule-I / NLEM 2015",2022-08-10,Erythropoietin,Each pack,1499(E),30.03.2022,17,false,true
erythropoietin,Injection 2000 IU/ml Each pack,684.16,10.1.1,"Compendium-Prices-2022pdf-464b22085495ff4e3f8700c0e00cf45d.pdf -- NPPA, ""Compendium of Ceiling Prices of Scheduled Drugs as on 10.08.2022"", Schedule-I / NLEM 2015",2022-08-10,Erythropoietin,Each pack,1499(E),30.03.2022,17,false,true
ferrous salts,Tablet equivalent to 60 mg of elemental iron,,10.1.2,"Compendium-Prices-2022pdf-464b22085495ff4e3f8700c0e00cf45d.pdf -- NPPA, ""Compendium of Ceiling Prices of Scheduled Drugs as on 10.08.2022"", Schedule-I / NLEM 2015",2022-08-10,Ferrous salts,,,,17,false,false
ferrous salts,Oral liquid equivalent to 25 mg of elemental iron/ml,,10.1.2,"Compendium-Prices-2022pdf-464b22085495ff4e3f8700c0e00cf45d.pdf -- NPPA, ""Compendium of Ceiling Prices of Scheduled Drugs as on 10.08.2022"", Schedule-I / NLEM 2015",2022-08-10,Ferrous salts,,,,17,false,false
ferrous salt|folic acid,Tablet 45mg elemental iron (A) + 400 mcg (B),,10.1.3,"Compendium-Prices-2022pdf-464b22085495ff4e3f8700c0e00cf45d.pdf -- NPPA, ""Compendium of Ceiling Prices of Scheduled Drugs as on 10.08.2022"", Schedule-I / NLEM 2015",2022-08-10,Ferrous salt (A) + Folic acid (B),,,,17,true,true
ferrous salt|folic acid,Tablet 100 mg elemental iron (A)+ 500 mcg (B) 1 Tablet,0.25,10.1.3,"Compendium-Prices-2022pdf-464b22085495ff4e3f8700c0e00cf45d.pdf -- NPPA, ""Compendium of Ceiling Prices of Scheduled Drugs as on 10.08.2022"", Schedule-I / NLEM 2015",2022-08-10,Ferrous salt (A) + Folic acid (B),1 Tablet,1499(E),30.03.2022,17,true,true
ferrous salt|folic acid,Oral liqiud 20 mg elemental iron (A) + 100 mcg (B)/ml,,10.1.3,"Compendium-Prices-2022pdf-464b22085495ff4e3f8700c0e00cf45d.pdf -- NPPA, ""Compendium of Ceiling Prices of Scheduled Drugs as on 10.08.2022"", Schedule-I / NLEM 2015",2022-08-10,Ferrous salt (A) + Folic acid (B),,,,17,true,true
folic acid,Capsule 5 mg 1 Capsule,6.26,10.1.4,"Compendium-Prices-2022pdf-464b22085495ff4e3f8700c0e00cf45d.pdf -- NPPA, ""Compendium of Ceiling Prices of Scheduled Drugs as on 10.08.2022"", Schedule-I / NLEM 2015",2022-08-10,Folic acid,1 Capsule,1499(E),30.03.2022,17,false,true
folic acid,Tablet 5 mg 1 Tablet,1.55,10.1.4,"Compendium-Prices-2022pdf-464b22085495ff4e3f8700c0e00cf45d.pdf -- NPPA, ""Compendium of Ceiling Prices of Scheduled Drugs as on 10.08.2022"", Schedule-I / NLEM 2015",2022-08-10,Folic acid,1 Tablet,1499(E),30.03.2022,17,false,true
hydroxocobalamin,Injection 1 mg/ml 1 ML,10.98,10.1.5,"Compendium-Prices-2022pdf-464b22085495ff4e3f8700c0e00cf45d.pdf -- NPPA, ""Compendium of Ceiling Prices of Scheduled Drugs as on 10.08.2022"", Schedule-I / NLEM 2015",2022-08-10,Hydroxocobalamin,1 ML,1499(E),30.03.2022,17,false,false
hydroxyurea,Capsule 500 mg 1 Capsule,14.23,10.1.6,"Compendium-Prices-2022pdf-464b22085495ff4e3f8700c0e00cf45d.pdf -- NPPA, ""Compendium of Ceiling Prices of Scheduled Drugs as on 10.08.2022"", Schedule-I / NLEM 2015",2022-08-10,Hydroxyurea,1 Capsule,1499(E),30.03.2022,17,false,true
iron sucrose,Injection 20 mg/ml 1 ml,59.68,10.1.7,"Compendium-Prices-2022pdf-464b22085495ff4e3f8700c0e00cf45d.pdf -- NPPA, ""Compendium of Ceiling Prices of Scheduled Drugs as on 10.08.2022"", Schedule-I / NLEM 2015",2022-08-10,Iron sucrose,1 ml,1499(E),30.03.2022,17,false,true
heparin,Injection 1000 IU/ml 1 ml,18.11,10.2.2,"Compendium-Prices-2022pdf-464b22085495ff4e3f8700c0e00cf45d.pdf -- NPPA, ""Compendium of Ceiling Prices of Scheduled Drugs as on 10.08.2022"", Schedule-I / NLEM 2015",2022-08-10,Heparin,1 ml,1499(E),30.03.2022,18,false,true
heparin,Injection 5000 IU/ml 1 ml,44.95,10.2.2,"Compendium-Prices-2022pdf-464b22085495ff4e3f8700c0e00cf45d.pdf -- NPPA, ""Compendium of Ceiling Prices of Scheduled Drugs as on 10.08.2022"", Schedule-I / NLEM 2015",2022-08-10,Heparin,1 ml,1499(E),30.03.2022,18,false,true
phytonadione,Tablet 10mg 1 Tablet,16.13,10.2.3,"Compendium-Prices-2022pdf-464b22085495ff4e3f8700c0e00cf45d.pdf -- NPPA, ""Compendium of Ceiling Prices of Scheduled Drugs as on 10.08.2022"", Schedule-I / NLEM 2015",2022-08-10,Phytomenadione (Vitamin K1),1 Tablet,1499(E),30.03.2022,18,false,true
phytonadione,Injection 10 mg/ml 1 ml,53.17,10.2.3,"Compendium-Prices-2022pdf-464b22085495ff4e3f8700c0e00cf45d.pdf -- NPPA, ""Compendium of Ceiling Prices of Scheduled Drugs as on 10.08.2022"", Schedule-I / NLEM 2015",2022-08-10,Phytomenadione (Vitamin K1),1 ml,1499(E),30.03.2022,18,false,true
protamine,Injection 10 mg/ml 1 ml,10.27,10.2.4,"Compendium-Prices-2022pdf-464b22085495ff4e3f8700c0e00cf45d.pdf -- NPPA, ""Compendium of Ceiling Prices of Scheduled Drugs as on 10.08.2022"", Schedule-I / NLEM 2015",2022-08-10,Protamine,1 ml,1499(E),30.03.2022,18,false,true
tranexamic acid,Injection 100 mg/ml 1 ml,16.59,10.2.5,"Compendium-Prices-2022pdf-464b22085495ff4e3f8700c0e00cf45d.pdf -- NPPA, ""Compendium of Ceiling Prices of Scheduled Drugs as on 10.08.2022"", Schedule-I / NLEM 2015",2022-08-10,Tranexamic acid,1 ml,1499(E),30.03.2022,18,false,true
tranexamic acid,Tablet 500 mg 1 Tablet,19.28,10.2.5,"Compendium-Prices-2022pdf-464b22085495ff4e3f8700c0e00cf45d.pdf -- NPPA, ""Compendium of Ceiling Prices of Scheduled Drugs as on 10.08.2022"", Schedule-I / NLEM 2015",2022-08-10,Tranexamic acid,1 Tablet,1499(E),30.03.2022,18,false,true
warfarin,Tablet 1 mg 1 Tablet,2.68,10.2.6,"Compendium-Prices-2022pdf-464b22085495ff4e3f8700c0e00cf45d.pdf -- NPPA, ""Compendium of Ceiling Prices of Scheduled Drugs as on 10.08.2022"", Schedule-I / NLEM 2015",2022-08-10,Warfarin,1 Tablet,1499(E),30.03.2022,18,false,true
warfarin,Tablet 2 mg 1 Tablet,2.96,10.2.6,"Compendium-Prices-2022pdf-464b22085495ff4e3f8700c0e00cf45d.pdf -- NPPA, ""Compendium of Ceiling Prices of Scheduled Drugs as on 10.08.2022"", Schedule-I / NLEM 2015",2022-08-10,Warfarin,1 Tablet,1499(E),30.03.2022,18,false,true
warfarin,Tablet 3 mg 1 Tablet,3.47,10.2.6,"Compendium-Prices-2022pdf-464b22085495ff4e3f8700c0e00cf45d.pdf -- NPPA, ""Compendium of Ceiling Prices of Scheduled Drugs as on 10.08.2022"", Schedule-I / NLEM 2015",2022-08-10,Warfarin,1 Tablet,1499(E),30.03.2022,18,false,true
warfarin,Tablet 5 mg 1 Tablet,2.61,10.2.6,"Compendium-Prices-2022pdf-464b22085495ff4e3f8700c0e00cf45d.pdf -- NPPA, ""Compendium of Ceiling Prices of Scheduled Drugs as on 10.08.2022"", Schedule-I / NLEM 2015",2022-08-10,Warfarin,1 Tablet,1499(E),30.03.2022,18,false,true
fresh frozen plasma,As licensed,,11.1.1,"Compendium-Prices-2022pdf-464b22085495ff4e3f8700c0e00cf45d.pdf -- NPPA, ""Compendium of Ceiling Prices of Scheduled Drugs as on 10.08.2022"", Schedule-I / NLEM 2015",2022-08-10,Fresh frozen plasma,,,,18,false,false
platelet rich plasma,As licensed,,11.1.2,"Compendium-Prices-2022pdf-464b22085495ff4e3f8700c0e00cf45d.pdf -- NPPA, ""Compendium of Ceiling Prices of Scheduled Drugs as on 10.08.2022"", Schedule-I / NLEM 2015",2022-08-10,Platelet rich plasma,,,,18,false,false
red blood cells,As licensed,,11.1.3,"Compendium-Prices-2022pdf-464b22085495ff4e3f8700c0e00cf45d.pdf -- NPPA, ""Compendium of Ceiling Prices of Scheduled Drugs as on 10.08.2022"", Schedule-I / NLEM 2015",2022-08-10,Red blood cells,,,,18,false,false
whole blood,As licensed,,11.1.4,"Compendium-Prices-2022pdf-464b22085495ff4e3f8700c0e00cf45d.pdf -- NPPA, ""Compendium of Ceiling Prices of Scheduled Drugs as on 10.08.2022"", Schedule-I / NLEM 2015",2022-08-10,Whole blood,,,,18,false,false
dextran,Injection 10% 1 ml,0.94,11.2.1,"Compendium-Prices-2022pdf-464b22085495ff4e3f8700c0e00cf45d.pdf -- NPPA, ""Compendium of Ceiling Prices of Scheduled Drugs as on 10.08.2022"", Schedule-I / NLEM 2015",2022-08-10,Dextran-40,1 ml,1499(E),30.03.2022,18,false,false
coagulation factor ix,Powder for Injection 600 IU Each Pack,13680.58,11.3.1,"Compendium-Prices-2022pdf-464b22085495ff4e3f8700c0e00cf45d.pdf -- NPPA, ""Compendium of Ceiling Prices of Scheduled Drugs as on 10.08.2022"", Schedule-I / NLEM 2015",2022-08-10,Coagulation factor IX,Each Pack,1499(E),30.03.2022,18,false,false
coagulation factor viii,Powder for Injection 250 IU Each pack,4147.18,11.3.2,"Compendium-Prices-2022pdf-464b22085495ff4e3f8700c0e00cf45d.pdf -- NPPA, ""Compendium of Ceiling Prices of Scheduled Drugs as on 10.08.2022"", Schedule-I / NLEM 2015",2022-08-10,Coagulation factor VIII,Each pack,1499(E),30.03.2022,18,false,false
coagulation factor viii,Powder for Injection 500 IU Each Pack,10176.88,11.3.2,"Compendium-Prices-2022pdf-464b22085495ff4e3f8700c0e00cf45d.pdf -- NPPA, ""Compendium of Ceiling Prices of Scheduled Drugs as on 10.08.2022"", Schedule-I / NLEM 2015",2022-08-10,Coagulation factor VIII,Each Pack,1499(E),30.03.2022,18,false,false
cryoprecipitate,As licensed,,11.3.3,"Compendium-Prices-2022pdf-464b22085495ff4e3f8700c0e00cf45d.pdf -- NPPA, ""Compendium of Ceiling Prices of Scheduled Drugs as on 10.08.2022"", Schedule-I / NLEM 2015",2022-08-10,Cryoprecipitate,,,,18,false,false
acetylsalicylic acid,Effervescent/ Dispersible/ Enteric coated Tablet 100 mg 1 Tablet,0.20,12.1.1,"Compendium-Prices-2022pdf-464b22085495ff4e3f8700c0e00cf45d.pdf -- NPPA, ""Compendium of Ceiling Prices of Scheduled Drugs as on 10.08.2022"", Schedule-I / NLEM 2015",2022-08-10,Acetylsalicylic acid,1 Tablet,1499(E),30.03.2022,18,false,true
acetylsalicylic acid,Effervescent/ Dispersible/ Enteric coated Tablet 150 mg 1 Tablet,1.34,12.1.1,"Compendium-Prices-2022pdf-464b22085495ff4e3f8700c0e00cf45d.pdf -- NPPA, ""Compendium of Ceiling Prices of Scheduled Drugs as on 10.08.2022"", Schedule-I / NLEM 2015",2022-08-10,Acetylsalicylic acid,1 Tablet,1499(E),30.03.2022,18,false,true
acetylsalicylic acid,Effervescent/ 1 Tablet,1.36,12.1.1,"Compendium-Prices-2022pdf-464b22085495ff4e3f8700c0e00cf45d.pdf -- NPPA, ""Compendium of Ceiling Prices of Scheduled Drugs as on 10.08.2022"", Schedule-I / NLEM 2015",2022-08-10,Acetylsalicylic acid,1 Tablet,1499(E),30.03.2022,18,false,true
acetylsalicylic acid,Dispersible/Enteric coated,,12.1.1,"Compendium-Prices-2022pdf-464b22085495ff4e3f8700c0e00cf45d.pdf -- NPPA, ""Compendium of Ceiling Prices of Scheduled Drugs as on 10.08.2022"", Schedule-I / NLEM 2015",2022-08-10,Acetylsalicylic acid,,,,18,false,true
acetylsalicylic acid,Tablet 75 mg,,12.1.1,"Compendium-Prices-2022pdf-464b22085495ff4e3f8700c0e00cf45d.pdf -- NPPA, ""Compendium of Ceiling Prices of Scheduled Drugs as on 10.08.2022"", Schedule-I / NLEM 2015",2022-08-10,Acetylsalicylic acid,,,,18,false,true
acetylsalicylic acid,Tablet 100 mg 1 Tablet,0.19,12.1.1,"Compendium-Prices-2022pdf-464b22085495ff4e3f8700c0e00cf45d.pdf -- NPPA, ""Compendium of Ceiling Prices of Scheduled Drugs as on 10.08.2022"", Schedule-I / NLEM 2015",2022-08-10,Acetylsalicylic acid,1 Tablet,1499(E),30.03.2022,18,false,true
acetylsalicylic acid,Tablet 150 mg 1 Tablet,0.45,12.1.1,"Compendium-Prices-2022pdf-464b22085495ff4e3f8700c0e00cf45d.pdf -- NPPA, ""Compendium of Ceiling Prices of Scheduled Drugs as on 10.08.2022"", Schedule-I / NLEM 2015",2022-08-10,Acetylsalicylic acid,1 Tablet,1499(E),30.03.2022,18,false,true
acetylsalicylic acid,Tablet 325mg 1 Tablet,0.61,12.1.1,"Compendium-Prices-2022pdf-464b22085495ff4e3f8700c0e00cf45d.pdf -- NPPA, ""Compendium of Ceiling Prices of Scheduled Drugs as on 10.08.2022"", Schedule-I / NLEM 2015",2022-08-10,Acetylsalicylic acid,1 Tablet,1499(E),30.03.2022,18,false,true
acetylsalicylic acid,Tablet 350mg 1 Tablet,0.34,12.1.1,"Compendium-Prices-2022pdf-464b22085495ff4e3f8700c0e00cf45d.pdf -- NPPA, ""Compendium of Ceiling Prices of Scheduled Drugs as on 10.08.2022"", Schedule-I / NLEM 2015",2022-08-10,Acetylsalicylic acid,1 Tablet,1499(E),30.03.2022,18,false,true
acetylsalicylic acid,Tablet 75 mg 1 Tablet,0.34,12.1.1,"Compendium-Prices-2022pdf-464b22085495ff4e3f8700c0e00cf45d.pdf -- NPPA, ""Compendium of Ceiling Prices of Scheduled Drugs as on 10.08.2022"", Schedule-I / NLEM 2015",2022-08-10,Acetylsalicylic acid,1 Tablet,1499(E),30.03.2022,18,false,true
clopidogrel,Tablet 75 mg 1 Tablet,7.72,12.1.2,"Compendium-Prices-2022pdf-464b22085495ff4e3f8700c0e00cf45d.pdf -- NPPA, ""Compendium of Ceiling Prices of Scheduled Drugs as on 10.08.2022"", Schedule-I / NLEM 2015",2022-08-10,Clopidogrel,1 Tablet,1499(E),30.03.2022,18,false,true
clopidogrel,Tablet 30 mg 1 Tablet,2.66,12.1.2,"Compendium-Prices-2022pdf-464b22085495ff4e3f8700c0e00cf45d.pdf -- NPPA, ""Compendium of Ceiling Prices of Scheduled Drugs as on 10.08.2022"", Schedule-I / NLEM 2015",2022-08-10,Clopidogrel,1 Tablet,1499(E),30.03.2022,19,false,true
clopidogrel,Tablet 60 mg 1 Tablet,5.43,12.1.2,"Compendium-Prices-2022pdf-464b22085495ff4e3f8700c0e00cf45d.pdf -- NPPA, ""Compendium of Ceiling Prices of Scheduled Drugs as on 10.08.2022"", Schedule-I / NLEM 2015",2022-08-10,Clopidogrel,1 Tablet,1499(E),30.03.2022,19,false,true
nitroglycerin,Sublingual tablet 0.5 mg 1 Tablet,2.00,12.1.4,"Compendium-Prices-2022pdf-464b22085495ff4e3f8700c0e00cf45d.pdf -- NPPA, ""Compendium of Ceiling Prices of Scheduled Drugs as on 10.08.2022"", Schedule-I / NLEM 2015",2022-08-10,Glyceryl trinitrate,1 Tablet,1499(E),30.03.2022,19,false,true
nitroglycerin,Injection 5 mg/ml 1 ml,7.29,12.1.4,"Compendium-Prices-2022pdf-464b22085495ff4e3f8700c0e00cf45d.pdf -- NPPA, ""Compendium of Ceiling Prices of Scheduled Drugs as on 10.08.2022"", Schedule-I / NLEM 2015",2022-08-10,Glyceryl trinitrate,1 ml,1499(E),30.03.2022,19,false,true
nitroglycerin,Tablet 10 mg,,12.1.4,"Compendium-Prices-2022pdf-464b22085495ff4e3f8700c0e00cf45d.pdf -- NPPA, ""Compendium of Ceiling Prices of Scheduled Drugs as on 10.08.2022"", Schedule-I / NLEM 2015",2022-08-10,Glyceryl trinitrate,,,,19,false,true
isosorbide- -mononitrate,SR Capsule 30 mg 1 Capsule,3.89,12.1.5,"Compendium-Prices-2022pdf-464b22085495ff4e3f8700c0e00cf45d.pdf -- NPPA, ""Compendium of Ceiling Prices of Scheduled Drugs as on 10.08.2022"", Schedule-I / NLEM 2015",2022-08-10,Isosorbide-5-mononitrate,1 Capsule,1499(E),30.03.2022,19,false,false
isosorbide- -mononitrate,SR Capsule 60 mg 1 Capsule,3.87,12.1.5,"Compendium-Prices-2022pdf-464b22085495ff4e3f8700c0e00cf45d.pdf -- NPPA, ""Compendium of Ceiling Prices of Scheduled Drugs as on 10.08.2022"", Schedule-I / NLEM 2015",2022-08-10,Isosorbide-5-mononitrate,1 Capsule,1499(E),30.03.2022,19,false,false
isosorbide- -mononitrate,SR Tablet 30 mg 1 Tablet,5.44,12.1.5,"Compendium-Prices-2022pdf-464b22085495ff4e3f8700c0e00cf45d.pdf -- NPPA, ""Compendium of Ceiling Prices of Scheduled Drugs as on 10.08.2022"", Schedule-I / NLEM 2015",2022-08-10,Isosorbide-5-mononitrate,1 Tablet,1499(E),30.03.2022,19,false,false
isosorbide- -mononitrate,SR Tablet 60 mg 1 Tablet,7.09,12.1.5,"Compendium-Prices-2022pdf-464b22085495ff4e3f8700c0e00cf45d.pdf -- NPPA, ""Compendium of Ceiling Prices of Scheduled Drugs as on 10.08.2022"", Schedule-I / NLEM 2015",2022-08-10,Isosorbide-5-mononitrate,1 Tablet,1499(E),30.03.2022,19,false,false
isosorbide- -mononitrate,Tablet 10 mg 1 Tablet,2.18,12.1.5,"Compendium-Prices-2022pdf-464b22085495ff4e3f8700c0e00cf45d.pdf -- NPPA, ""Compendium of Ceiling Prices of Scheduled Drugs as on 10.08.2022"", Schedule-I / NLEM 2015",2022-08-10,Isosorbide-5-mononitrate,1 Tablet,1499(E),30.03.2022,19,false,false
isosorbide- -mononitrate,Tablet 20 mg 1 Tablet,3.64,12.1.5,"Compendium-Prices-2022pdf-464b22085495ff4e3f8700c0e00cf45d.pdf -- NPPA, ""Compendium of Ceiling Prices of Scheduled Drugs as on 10.08.2022"", Schedule-I / NLEM 2015",2022-08-10,Isosorbide-5-mononitrate,1 Tablet,1499(E),30.03.2022,19,false,false
isosorbide dinitrate,Tablet 10 mg 1 Tablet,0.81,12.1.6,"Compendium-Prices-2022pdf-464b22085495ff4e3f8700c0e00cf45d.pdf -- NPPA, ""Compendium of Ceiling Prices of Scheduled Drugs as on 10.08.2022"", Schedule-I / NLEM 2015",2022-08-10,Isosorbide dinitrate,1 Tablet,1499(E),30.03.2022,19,false,true
isosorbide dinitrate,Tablet 5 mg 1 Tablet,0.83,12.1.6,"Compendium-Prices-2022pdf-464b22085495ff4e3f8700c0e00cf45d.pdf -- NPPA, ""Compendium of Ceiling Prices of Scheduled Drugs as on 10.08.2022"", Schedule-I / NLEM 2015",2022-08-10,Isosorbide dinitrate,1 Tablet,1499(E),30.03.2022,19,false,true
metoprolol,Capsule 25 mg 1 Capsule,4.70,12.1.7,"Compendium-Prices-2022pdf-464b22085495ff4e3f8700c0e00cf45d.pdf -- NPPA, ""Compendium of Ceiling Prices of Scheduled Drugs as on 10.08.2022"", Schedule-I / NLEM 2015",2022-08-10,Metoprolol,1 Capsule,1499(E),30.03.2022,19,false,true
metoprolol,Capsule 50 mg 1 Capsule,7.16,12.1.7,"Compendium-Prices-2022pdf-464b22085495ff4e3f8700c0e00cf45d.pdf -- NPPA, ""Compendium of Ceiling Prices of Scheduled Drugs as on 10.08.2022"", Schedule-I / NLEM 2015",2022-08-10,Metoprolol,1 Capsule,1499(E),30.03.2022,19,false,true
metoprolol,SR Tablet 25 mg 1 Tablet,4.47,12.1.7,"Compendium-Prices-2022pdf-464b22085495ff4e3f8700c0e00cf45d.pdf -- NPPA, ""Compendium of Ceiling Prices of Scheduled Drugs as on 10.08.2022"", Schedule-I / NLEM 2015",2022-08-10,Metoprolol,1 Tablet,1499(E),30.03.2022,19,false,true
metoprolol,SR Tablet 50 mg 1 Tablet,6.41,12.1.7,"Compendium-Prices-2022pdf-464b22085495ff4e3f8700c0e00cf45d.pdf -- NPPA, ""Compendium of Ceiling Prices of Scheduled Drugs as on 10.08.2022"", Schedule-I / NLEM 2015",2022-08-10,Metoprolol,1 Tablet,1499(E),30.03.2022,19,false,true
metoprolol,Tablet 25 mg 1 Tablet,3.46,12.1.7,"Compendium-Prices-2022pdf-464b22085495ff4e3f8700c0e00cf45d.pdf -- NPPA, ""Compendium of Ceiling Prices of Scheduled Drugs as on 10.08.2022"", Schedule-I / NLEM 2015",2022-08-10,Metoprolol,1 Tablet,1499(E),30.03.2022,19,false,true
metoprolol,Tablet 50 mg 1 Tablet,5.24,12.1.7,"Compendium-Prices-2022pdf-464b22085495ff4e3f8700c0e00cf45d.pdf -- NPPA, ""Compendium of Ceiling Prices of Scheduled Drugs as on 10.08.2022"", Schedule-I / NLEM 2015",2022-08-10,Metoprolol,1 Tablet,1499(E),30.03.2022,19,false,true
adenosine,Injection 3 mg/ml 1 ml,109.33,12.2.1,"Compendium-Prices-2022pdf-464b22085495ff4e3f8700c0e00cf45d.pdf -- NPPA, ""Compendium of Ceiling Prices of Scheduled Drugs as on 10.08.2022"", Schedule-I / NLEM 2015",2022-08-10,Adenosine,1 ml,1499(E),30.03.2022,19,false,true
amiodarone,Injection 50 mg/ml 1 ml,24.77,12.2.2,"Compendium-Prices-2022pdf-464b22085495ff4e3f8700c0e00cf45d.pdf -- NPPA, ""Compendium of Ceiling Prices of Scheduled Drugs as on 10.08.2022"", Schedule-I / NLEM 2015",2022-08-10,Amiodarone,1 ml,1499(E),30.03.2022,19,false,true
amiodarone,Tablet 100 mg 1 Tablet,6.35,12.2.2,"Compendium-Prices-2022pdf-464b22085495ff4e3f8700c0e00cf45d.pdf -- NPPA, ""Compendium of Ceiling Prices of Scheduled Drugs as on 10.08.2022"", Schedule-I / NLEM 2015",2022-08-10,Amiodarone,1 Tablet,1499(E),30.03.2022,19,false,true
amiodarone,Tablet 200 mg 1 Tablet,12.57,12.2.2,"Compendium-Prices-2022pdf-464b22085495ff4e3f8700c0e00cf45d.pdf -- NPPA, ""Compendium of Ceiling Prices of Scheduled Drugs as on 10.08.2022"", Schedule-I / NLEM 2015",2022-08-10,Amiodarone,1 Tablet,1499(E),30.03.2022,19,false,true
esmolol,Injection 10 mg/ml 1 ml,24.06,12.2.3,"Compendium-Prices-2022pdf-464b22085495ff4e3f8700c0e00cf45d.pdf -- NPPA, ""Compendium of Ceiling Prices of Scheduled Drugs as on 10.08.2022"", Schedule-I / NLEM 2015",2022-08-10,Esmolol,1 ml,1499(E),30.03.2022,19,false,false
lidocaine,Injection 2% 1 ml,1.10,12.2.4,"Compendium-Prices-2022pdf-464b22085495ff4e3f8700c0e00cf45d.pdf -- NPPA, ""Compendium of Ceiling Prices of Scheduled Drugs as on 10.08.2022"", Schedule-I / NLEM 2015",2022-08-10,Lignocaine,1 ml,1499(E),30.03.2022,19,false,true
lidocaine,Injection 2%(Preservative free for IV use) 1 ml,1.09,12.2.4,"Compendium-Prices-2022pdf-464b22085495ff4e3f8700c0e00cf45d.pdf -- NPPA, ""Compendium of Ceiling Prices of Scheduled Drugs as on 10.08.2022"", Schedule-I / NLEM 2015",2022-08-10,Lignocaine,1 ml,1499(E),30.03.2022,19,false,true
lidocaine,Injection 1% Each Pack,8.82,12.2.4,"Compendium-Prices-2022pdf-464b22085495ff4e3f8700c0e00cf45d.pdf -- NPPA, ""Compendium of Ceiling Prices of Scheduled Drugs as on 10.08.2022"", Schedule-I / NLEM 2015",2022-08-10,Lignocaine,Each Pack,1499(E),30.03.2022,19,false,true
lidocaine,Topical Forms 2-5% 1 gm or 1 ml,1.20,12.2.4,"Compendium-Prices-2022pdf-464b22085495ff4e3f8700c0e00cf45d.pdf -- NPPA, ""Compendium of Ceiling Prices of Scheduled Drugs as on 10.08.2022"", Schedule-I / NLEM 2015",2022-08-10,Lignocaine,1 gm or 1 ml,1499(E),30.03.2022,19,false,true
lidocaine,Injection 5% with 7.5% Glucose 1 ml,4.09,12.2.4,"Compendium-Prices-2022pdf-464b22085495ff4e3f8700c0e00cf45d.pdf -- NPPA, ""Compendium of Ceiling Prices of Scheduled Drugs as on 10.08.2022"", Schedule-I / NLEM 2015",2022-08-10,Lignocaine,1 ml,1499(E),30.03.2022,19,false,true
verapamil,Injection 2.5 mg/ml 1 ml,1.30,12.2.5,"Compendium-Prices-2022pdf-464b22085495ff4e3f8700c0e00cf45d.pdf -- NPPA, ""Compendium of Ceiling Prices of Scheduled Drugs as on 10.08.2022"", Schedule-I / NLEM 2015",2022-08-10,Verapamil,1 ml,1499(E),30.03.2022,19,false,true
verapamil,Tablet 40 mg 1 Tablet,0.82,12.2.5,"Compendium-Prices-2022pdf-464b22085495ff4e3f8700c0e00cf45d.pdf -- NPPA, ""Compendium of Ceiling Prices of Scheduled Drugs as on 10.08.2022"", Schedule-I / NLEM 2015",2022-08-10,Verapamil,1 Tablet,1499(E),30.03.2022,19,false,true
verapamil,Tablet 80 mg 1 Tablet,1.55,12.2.5,"Compendium-Prices-2022pdf-464b22085495ff4e3f8700c0e00cf45d.pdf -- NPPA, ""Compendium of Ceiling Prices of Scheduled Drugs as on 10.08.2022"", Schedule-I / NLEM 2015",2022-08-10,Verapamil,1 Tablet,1499(E),30.03.2022,19,false,true
amlodipine,Tablet 10 mg 1 Tablet,5.63,12.3.1,"Compendium-Prices-2022pdf-464b22085495ff4e3f8700c0e00cf45d.pdf -- NPPA, ""Compendium of Ceiling Prices of Scheduled Drugs as on 10.08.2022"", Schedule-I / NLEM 2015",2022-08-10,Amlodipine,1 Tablet,1499(E),30.03.2022,19,false,true
amlodipine,Tablet 2.5 mg 1 Tablet,1.84,12.3.1,"Compendium-Prices-2022pdf-464b22085495ff4e3f8700c0e00cf45d.pdf -- NPPA, ""Compendium of Ceiling Prices of Scheduled Drugs as on 10.08.2022"", Schedule-I / NLEM 2015",2022-08-10,Amlodipine,1 Tablet,1499(E),30.03.2022,19,false,true
amlodipine,Tablet 5mg 1 Tablet,2.89,12.3.1,"Compendium-Prices-2022pdf-464b22085495ff4e3f8700c0e00cf45d.pdf -- NPPA, ""Compendium of Ceiling Prices of Scheduled Drugs as on 10.08.2022"", Schedule-I / NLEM 2015",2022-08-10,Amlodipine,1 Tablet,1499(E),30.03.2022,19,false,true
atenolol,Tablet 100 mg 1 Tablet,3.87,12.3.2,"Compendium-Prices-2022pdf-464b22085495ff4e3f8700c0e00cf45d.pdf -- NPPA, ""Compendium of Ceiling Prices of Scheduled Drugs as on 10.08.2022"", Schedule-I / NLEM 2015",2022-08-10,Atenolol,1 Tablet,1499(E),30.03.2022,19,false,true
atenolol,Tablet 50 mg 1 Tablet,1.98,12.3.2,"Compendium-Prices-2022pdf-464b22085495ff4e3f8700c0e00cf45d.pdf -- NPPA, ""Compendium of Ceiling Prices of Scheduled Drugs as on 10.08.2022"", Schedule-I / NLEM 2015",2022-08-10,Atenolol,1 Tablet,1499(E),30.03.2022,19,false,true
enalapril,Tablet 2.5 mg 1 Tablet,2.15,12.3.3,"Compendium-Prices-2022pdf-464b22085495ff4e3f8700c0e00cf45d.pdf -- NPPA, ""Compendium of Ceiling Prices of Scheduled Drugs as on 10.08.2022"", Schedule-I / NLEM 2015",2022-08-10,Enalapril,1 Tablet,1499(E),30.03.2022,19,false,true
enalapril,Tablet 5 mg 1 Tablet,3.57,12.3.3,"Compendium-Prices-2022pdf-464b22085495ff4e3f8700c0e00cf45d.pdf -- NPPA, ""Compendium of Ceiling Prices of Scheduled Drugs as on 10.08.2022"", Schedule-I / NLEM 2015",2022-08-10,Enalapril,1 Tablet,1499(E),30.03.2022,19,false,true
hydrochlorothiazide,Tablet 12.5 mg 1 Tablet,1.10,12.3.4,"Compendium-Prices-2022pdf-464b22085495ff4e3f8700c0e00cf45d.pdf -- NPPA, ""Compendium of Ceiling Prices of Scheduled Drugs as on 10.08.2022"", Schedule-I / NLEM 2015",2022-08-10,Hydrochlorothiazide,1 Tablet,1499(E),30.03.2022,19,false,true
hydrochlorothiazide,Tablet 25 mg 1 Tablet,1.87,12.3.4,"Compendium-Prices-2022pdf-464b22085495ff4e3f8700c0e00cf45d.pdf -- NPPA, ""Compendium of Ceiling Prices of Scheduled Drugs as on 10.08.2022"", Schedule-I / NLEM 2015",2022-08-10,Hydrochlorothiazide,1 Tablet,1499(E),30.03.2022,19,false,true
hydrochlorothiazide,Tablet 50 mg 1 Tablet,0.09,12.3.4,"Compendium-Prices-2022pdf-464b22085495ff4e3f8700c0e00cf45d.pdf -- NPPA, ""Compendium of Ceiling Prices of Scheduled Drugs as on 10.08.2022"", Schedule-I / NLEM 2015",2022-08-10,Hydrochlorothiazide,1 Tablet,1499(E),30.03.2022,19,false,true
labetalol,Injection 5 mg/ml 1 ml,56.28,12.3.5,"Compendium-Prices-2022pdf-464b22085495ff4e3f8700c0e00cf45d.pdf -- NPPA, ""Compendium of Ceiling Prices of Scheduled Drugs as on 10.08.2022"", Schedule-I / NLEM 2015",2022-08-10,Labetalol,1 ml,1499(E),30.03.2022,19,false,true
methyldopa,Tablet 250 mg 1 Tablet,2.71,12.3.6,"Compendium-Prices-2022pdf-464b22085495ff4e3f8700c0e00cf45d.pdf -- NPPA, ""Compendium of Ceiling Prices of Scheduled Drugs as on 10.08.2022"", Schedule-I / NLEM 2015",2022-08-10,Methyldopa,1 Tablet,1499(E),30.03.2022,19,false,true
methyldopa,Tablet 500 mg 1 Tablet,5.21,12.3.6,"Compendium-Prices-2022pdf-464b22085495ff4e3f8700c0e00cf45d.pdf -- NPPA, ""Compendium of Ceiling Prices of Scheduled Drugs as on 10.08.2022"", Schedule-I / NLEM 2015",2022-08-10,Methyldopa,1 Tablet,1499(E),30.03.2022,19,false,true
ramipril,Capsule 2.5 mg 1 Capsule,5.26,12.3.7,"Compendium-Prices-2022pdf-464b22085495ff4e3f8700c0e00cf45d.pdf -- NPPA, ""Compendium of Ceiling Prices of Scheduled Drugs as on 10.08.2022"", Schedule-I / NLEM 2015",2022-08-10,Ramipril,1 Capsule,1499(E),30.03.2022,19,false,true
ramipril,Capsule 5 mg 1 Capsule,8.21,12.3.7,"Compendium-Prices-2022pdf-464b22085495ff4e3f8700c0e00cf45d.pdf -- NPPA, ""Compendium of Ceiling Prices of Scheduled Drugs as on 10.08.2022"", Schedule-I / NLEM 2015",2022-08-10,Ramipril,1 Capsule,1499(E),30.03.2022,19,false,true
ramipril,Tablet 2.5 mg 1 Tablet,5.53,12.3.7,"Compendium-Prices-2022pdf-464b22085495ff4e3f8700c0e00cf45d.pdf -- NPPA, ""Compendium of Ceiling Prices of Scheduled Drugs as on 10.08.2022"", Schedule-I / NLEM 2015",2022-08-10,Ramipril,1 Tablet,1499(E),30.03.2022,19,false,true
ramipril,Tablet 5 mg 1 Tablet,8.70,12.3.7,"Compendium-Prices-2022pdf-464b22085495ff4e3f8700c0e00cf45d.pdf -- NPPA, ""Compendium of Ceiling Prices of Scheduled Drugs as on 10.08.2022"", Schedule-I / NLEM 2015",2022-08-10,Ramipril,1 Tablet,1499(E),30.03.2022,19,false,true
sodium nitroprusside,Injection 10 mg/ml 1 ml,28.67,12.3.8,"Compendium-Prices-2022pdf-464b22085495ff4e3f8700c0e00cf45d.pdf -- NPPA, ""Compendium of Ceiling Prices of Scheduled Drugs as on 10.08.2022"", Schedule-I / NLEM 2015",2022-08-10,Sodium nitroprusside,1 ml,1499(E),30.03.2022,19,false,false
sodium nitroprusside,Tablet 80 mg 1 Tablet,11.15,12.3.8,"Compendium-Prices-2022pdf-464b22085495ff4e3f8700c0e00cf45d.pdf -- NPPA, ""Compendium of Ceiling Prices of Scheduled Drugs as on 10.08.2022"", Schedule-I / NLEM 2015",2022-08-10,Sodium nitroprusside,1 Tablet,1499(E),30.03.2022,20,false,false
digoxin,Injection 0.25 mg/ml 1 ml,3.70,12.4.1,"Compendium-Prices-2022pdf-464b22085495ff4e3f8700c0e00cf45d.pdf -- NPPA, ""Compendium of Ceiling Prices of Scheduled Drugs as on 10.08.2022"", Schedule-I / NLEM 2015",2022-08-10,Digoxin,1 ml,1499(E),30.03.2022,20,false,true
digoxin,Oral liquid 0.05 mg/ml 1 ml,1.41,12.4.1,"Compendium-Prices-2022pdf-464b22085495ff4e3f8700c0e00cf45d.pdf -- NPPA, ""Compendium of Ceiling Prices of Scheduled Drugs as on 10.08.2022"", Schedule-I / NLEM 2015",2022-08-10,Digoxin,1 ml,1499(E),30.03.2022,20,false,true
digoxin,Tablet 0.25 mg 1 Tablet,1.33,12.4.1,"Compendium-Prices-2022pdf-464b22085495ff4e3f8700c0e00cf45d.pdf -- NPPA, ""Compendium of Ceiling Prices of Scheduled Drugs as on 10.08.2022"", Schedule-I / NLEM 2015",2022-08-10,Digoxin,1 Tablet,1499(E),30.03.2022,20,false,true
dobutamine,Injection 50 mg/ml Each Pack,41.64,12.4.2,"Compendium-Prices-2022pdf-464b22085495ff4e3f8700c0e00cf45d.pdf -- NPPA, ""Compendium of Ceiling Prices of Scheduled Drugs as on 10.08.2022"", Schedule-I / NLEM 2015",2022-08-10,Dobutamine,Each Pack,1499(E),30.03.2022,20,false,true
dopamine,Injection 40 mg/ml 1 ml,6.27,12.4.3,"Compendium-Prices-2022pdf-464b22085495ff4e3f8700c0e00cf45d.pdf -- NPPA, ""Compendium of Ceiling Prices of Scheduled Drugs as on 10.08.2022"", Schedule-I / NLEM 2015",2022-08-10,Dopamine,1 ml,1499(E),30.03.2022,20,false,true
norepinephrine,Injection 2 mg/ml 1 ml,28.61,12.4.4,"Compendium-Prices-2022pdf-464b22085495ff4e3f8700c0e00cf45d.pdf -- NPPA, ""Compendium of Ceiling Prices of Scheduled Drugs as on 10.08.2022"", Schedule-I / NLEM 2015",2022-08-10,Noradrenaline,1 ml,1499(E),30.03.2022,20,false,false
acetylsalicylic acid,Tablet 75 mg 1 Tablet,0.34,12.5.1,"Compendium-Prices-2022pdf-464b22085495ff4e3f8700c0e00cf45d.pdf -- NPPA, ""Compendium of Ceiling Prices of Scheduled Drugs as on 10.08.2022"", Schedule-I / NLEM 2015",2022-08-10,Acetylsalicylic acid,1 Tablet,1499(E),30.03.2022,20,false,true
acetylsalicylic acid,Effervescent/ Dispersible/ Enteric coated Tablet 75 mg 1 Tablet,1.36,12.5.1,"Compendium-Prices-2022pdf-464b22085495ff4e3f8700c0e00cf45d.pdf -- NPPA, ""Compendium of Ceiling Prices of Scheduled Drugs as on 10.08.2022"", Schedule-I / NLEM 2015",2022-08-10,Acetylsalicylic acid,1 Tablet,1499(E),30.03.2022,20,false,true
acetylsalicylic acid,Tablet 100 mg 1 Tablet,0.19,12.5.1,"Compendium-Prices-2022pdf-464b22085495ff4e3f8700c0e00cf45d.pdf -- NPPA, ""Compendium of Ceiling Prices of Scheduled Drugs as on 10.08.2022"", Schedule-I / NLEM 2015",2022-08-10,Acetylsalicylic acid,1 Tablet,1499(E),30.03.2022,20,false,true
acetylsalicylic acid,Effervescent/ Dispersible/ Enteric coated Tablet 100 mg 1 Tablet,0.20,12.5.1,"Compendium-Prices-2022pdf-464b22085495ff4e3f8700c0e00cf45d.pdf -- NPPA, ""Compendium of Ceiling Prices of Scheduled Drugs as on 10.08.2022"", Schedule-I / NLEM 2015",2022-08-10,Acetylsalicylic acid,1 Tablet,1499(E),30.03.2022,20,false,true
acetylsalicylic acid,Tablet 150 mg 1 Tablet,0.45,12.5.1,"Compendium-Prices-2022pdf-464b22085495ff4e3f8700c0e00cf45d.pdf -- NPPA, ""Compendium of Ceiling Prices of Scheduled Drugs as on 10.08.2022"", Schedule-I / NLEM 2015",2022-08-10,Acetylsalicylic acid,1 Tablet,1499(E),30.03.2022,20,false,true
acetylsalicylic acid,Effervescent/ Dispersible/ Enteric coated Tablet 150 mg 1 Tablet,1.34,12.5.1,"Compendium-Prices-2022pdf-464b22085495ff4e3f8700c0e00cf45d.pdf -- NPPA, ""Compendium of Ceiling Prices of Scheduled Drugs as on 10.08.2022"", Schedule-I / NLEM 2015",2022-08-10,Acetylsalicylic acid,1 Tablet,1499(E),30.03.2022,20,false,true
alteplase,Powder for Injection 20 mg Each Pack,21089.89,12.5.2,"Compendium-Prices-2022pdf-464b22085495ff4e3f8700c0e00cf45d.pdf -- NPPA, ""Compendium of Ceiling Prices of Scheduled Drugs as on 10.08.2022"", Schedule-I / NLEM 2015",2022-08-10,Alteplase,Each Pack,1499(E),30.03.2022,20,false,false
alteplase,Powder for Injection 50 mg Each Pack,44033.63,12.5.2,"Compendium-Prices-2022pdf-464b22085495ff4e3f8700c0e00cf45d.pdf -- NPPA, ""Compendium of Ceiling Prices of Scheduled Drugs as on 10.08.2022"", Schedule-I / NLEM 2015",2022-08-10,Alteplase,Each Pack,1499(E),30.03.2022,20,false,false
heparin,Injection 1000 IU/ml 1 ml,18.11,12.5.3,"Compendium-Prices-2022pdf-464b22085495ff4e3f8700c0e00cf45d.pdf -- NPPA, ""Compendium of Ceiling Prices of Scheduled Drugs as on 10.08.2022"", Schedule-I / NLEM 2015",2022-08-10,Heparin,1 ml,1499(E),30.03.2022,20,false,true
heparin,Injection 5000 IU/ml 1 ml,44.95,12.5.3,"Compendium-Prices-2022pdf-464b22085495ff4e3f8700c0e00cf45d.pdf -- NPPA, ""Compendium of Ceiling Prices of Scheduled Drugs as on 10.08.2022"", Schedule-I / NLEM 2015",2022-08-10,Heparin,1 ml,1499(E),30.03.2022,20,false,true
streptokinase,"Injection 750,000 IU Each Pack",1397.88,12.5.4,"Compendium-Prices-2022pdf-464b22085495ff4e3f8700c0e00cf45d.pdf -- NPPA, ""Compendium of Ceiling Prices of Scheduled Drugs as on 10.08.2022"", Schedule-I / NLEM 2015",2022-08-10,Streptokinase,Each Pack,1499(E),30.03.2022,20,false,true
streptokinase,"Injection 15,00,000 IU Each Pack",1987.53,12.5.4,"Compendium-Prices-2022pdf-464b22085495ff4e3f8700c0e00cf45d.pdf -- NPPA, ""Compendium of Ceiling Prices of Scheduled Drugs as on 10.08.2022"", Schedule-I / NLEM 2015",2022-08-10,Streptokinase,Each Pack,1499(E),30.03.2022,20,false,true
atorvastatin,Tablet 10 mg 1 Tablet,6.09,12.6.1,"Compendium-Prices-2022pdf-464b22085495ff4e3f8700c0e00cf45d.pdf -- NPPA, ""Compendium of Ceiling Prices of Scheduled Drugs as on 10.08.2022"", Schedule-I / NLEM 2015",2022-08-10,Atorvastatin,1 Tablet,1499(E),30.03.2022,20,false,true
atorvastatin,Tablet 20 mg 1 Tablet,14.75,12.6.1,"Compendium-Prices-2022pdf-464b22085495ff4e3f8700c0e00cf45d.pdf -- NPPA, ""Compendium of Ceiling Prices of Scheduled Drugs as on 10.08.2022"", Schedule-I / NLEM 2015",2022-08-10,Atorvastatin,1 Tablet,1499(E),30.03.2022,20,false,true
atorvastatin,Tablet 40 mg 1 Tablet,21.42,12.6.1,"Compendium-Prices-2022pdf-464b22085495ff4e3f8700c0e00cf45d.pdf -- NPPA, ""Compendium of Ceiling Prices of Scheduled Drugs as on 10.08.2022"", Schedule-I / NLEM 2015",2022-08-10,Atorvastatin,1 Tablet,1499(E),30.03.2022,20,false,true
donepezil,Tablet 5 mg 1 Tablet,12.48,13.1,"Compendium-Prices-2022pdf-464b22085495ff4e3f8700c0e00cf45d.pdf -- NPPA, ""Compendium of Ceiling Prices of Scheduled Drugs as on 10.08.2022"", Schedule-I / NLEM 2015",2022-08-10,Donepezil,1 Tablet,1499(E),30.03.2022,20,false,true
donepezil,Tablet 10 mg 1 Tablet,17.82,13.1,"Compendium-Prices-2022pdf-464b22085495ff4e3f8700c0e00cf45d.pdf -- NPPA, ""Compendium of Ceiling Prices of Scheduled Drugs as on 10.08.2022"", Schedule-I / NLEM 2015",2022-08-10,Donepezil,1 Tablet,1499(E),30.03.2022,20,false,true
clotrimazole,Cream 1% 1 gm,3.23,14.1.1,"Compendium-Prices-2022pdf-464b22085495ff4e3f8700c0e00cf45d.pdf -- NPPA, ""Compendium of Ceiling Prices of Scheduled Drugs as on 10.08.2022"", Schedule-I / NLEM 2015",2022-08-10,Clotrimazole,1 gm,1499(E),30.03.2022,20,false,true
framycetin,Cream 0.5% 1 gm,1.19,14.2.1,"Compendium-Prices-2022pdf-464b22085495ff4e3f8700c0e00cf45d.pdf -- NPPA, ""Compendium of Ceiling Prices of Scheduled Drugs as on 10.08.2022"", Schedule-I / NLEM 2015",2022-08-10,Framycetin,1 gm,1834(E),18.04.2022,20,false,true
fusidic acid,Cream 2% 1 gm,10.14,14.2.2,"Compendium-Prices-2022pdf-464b22085495ff4e3f8700c0e00cf45d.pdf -- NPPA, ""Compendium of Ceiling Prices of Scheduled Drugs as on 10.08.2022"", Schedule-I / NLEM 2015",2022-08-10,Fusidic acid,1 gm,1499(E),30.03.2022,20,false,true
gentian violet,Paint 1% 1 ml,0.09,14.2.3,"Compendium-Prices-2022pdf-464b22085495ff4e3f8700c0e00cf45d.pdf -- NPPA, ""Compendium of Ceiling Prices of Scheduled Drugs as on 10.08.2022"", Schedule-I / NLEM 2015",2022-08-10,Methylrosaniliniu m chloride (Gentian Violet),1 ml,1499(E),30.03.2022,20,false,false
povidone-iodine,Solution 4% to 10%,,14.2.4,"Compendium-Prices-2022pdf-464b22085495ff4e3f8700c0e00cf45d.pdf -- NPPA, ""Compendium of Ceiling Prices of Scheduled Drugs as on 10.08.2022"", Schedule-I / NLEM 2015",2022-08-10,Povidone iodine,,,,20,false,true
povidone-iodine,Scrub 7.5% 1 ml,1.78,14.2.4,"Compendium-Prices-2022pdf-464b22085495ff4e3f8700c0e00cf45d.pdf -- NPPA, ""Compendium of Ceiling Prices of Scheduled Drugs as on 10.08.2022"", Schedule-I / NLEM 2015",2022-08-10,Povidone iodine,1 ml,1499(E),31.03.2021,20,false,true
povidone-iodine,Ointment 10% 1 gm,5.78,14.2.4,"Compendium-Prices-2022pdf-464b22085495ff4e3f8700c0e00cf45d.pdf -- NPPA, ""Compendium of Ceiling Prices of Scheduled Drugs as on 10.08.2022"", Schedule-I / NLEM 2015",2022-08-10,Povidone iodine,1 gm,1499(E),30.03.2022,20,false,true
povidone-iodine,Solution 4% 1 ml,1.93,14.2.4,"Compendium-Prices-2022pdf-464b22085495ff4e3f8700c0e00cf45d.pdf -- NPPA, ""Compendium of Ceiling Prices of Scheduled Drugs as on 10.08.2022"", Schedule-I / NLEM 2015",2022-08-10,Povidone iodine,1 ml,1499(E),30.03.2022,20,false,true
povidone-iodine,Solution 7.5% 1 ml,0.85,14.2.4,"Compendium-Prices-2022pdf-464b22085495ff4e3f8700c0e00cf45d.pdf -- NPPA, ""Compendium of Ceiling Prices of Scheduled Drugs as on 10.08.2022"", Schedule-I / NLEM 2015",2022-08-10,Povidone iodine,1 ml,1499(E),30.03.2022,20,false,true
povidone-iodine,Solution 10% 1 ml,1.03,14.2.4,"Compendium-Prices-2022pdf-464b22085495ff4e3f8700c0e00cf45d.pdf -- NPPA, ""Compendium of Ceiling Prices of Scheduled Drugs as on 10.08.2022"", Schedule-I / NLEM 2015",2022-08-10,Povidone iodine,1 ml,1499(E),30.03.2022,20,false,true
povidone-iodine,Solution 5% 1 ml,0.43,14.2.4,"Compendium-Prices-2022pdf-464b22085495ff4e3f8700c0e00cf45d.pdf -- NPPA, ""Compendium of Ceiling Prices of Scheduled Drugs as on 10.08.2022"", Schedule-I / NLEM 2015",2022-08-10,Povidone iodine,1 ml,1499(E),30.03.2022,20,false,true
silver sulfadiazine,Cream 1% 1 gm,0.56,14.2.5,"Compendium-Prices-2022pdf-464b22085495ff4e3f8700c0e00cf45d.pdf -- NPPA, ""Compendium of Ceiling Prices of Scheduled Drugs as on 10.08.2022"", Schedule-I / NLEM 2015",2022-08-10,Silver sulphadiazine,1 gm,1499(E),30.03.2022,20,false,false
silver sulfadiazine,Gel 0.05% 1 gm,0.59,14.2.5,"Compendium-Prices-2022pdf-464b22085495ff4e3f8700c0e00cf45d.pdf -- NPPA, ""Compendium of Ceiling Prices of Scheduled Drugs as on 10.08.2022"", Schedule-I / NLEM 2015",2022-08-10,Silver sulphadiazine,1 gm,1499(E),30.03.2022,21,false,false
silver sulfadiazine,Lotion 0.1% 1 ml,0.91,14.2.5,"Compendium-Prices-2022pdf-464b22085495ff4e3f8700c0e00cf45d.pdf -- NPPA, ""Compendium of Ceiling Prices of Scheduled Drugs as on 10.08.2022"", Schedule-I / NLEM 2015",2022-08-10,Silver sulphadiazine,1 ml,1499(E),30.03.2022,21,false,false
silver sulfadiazine,Lotion 0.5% 1 ml,0.59,14.2.5,"Compendium-Prices-2022pdf-464b22085495ff4e3f8700c0e00cf45d.pdf -- NPPA, ""Compendium of Ceiling Prices of Scheduled Drugs as on 10.08.2022"", Schedule-I / NLEM 2015",2022-08-10,Silver sulphadiazine,1 ml,1499(E),30.03.2022,21,false,false
calamine,Lotion (As per IP) 1 ml,0.94,14.3.2,"Compendium-Prices-2022pdf-464b22085495ff4e3f8700c0e00cf45d.pdf -- NPPA, ""Compendium of Ceiling Prices of Scheduled Drugs as on 10.08.2022"", Schedule-I / NLEM 2015",2022-08-10,Calamine,1 ml,1499(E),30.03.2022,21,false,true
benzoyl peroxide,Gel 2.5% 1 gm,4.16,14.4.1,"Compendium-Prices-2022pdf-464b22085495ff4e3f8700c0e00cf45d.pdf -- NPPA, ""Compendium of Ceiling Prices of Scheduled Drugs as on 10.08.2022"", Schedule-I / NLEM 2015",2022-08-10,Benzoyl peroxide,1 gm,1499(E),30.03.2022,21,false,true
benzoyl peroxide,Cream 2.5% 1 gm,2.59,14.4.1,"Compendium-Prices-2022pdf-464b22085495ff4e3f8700c0e00cf45d.pdf -- NPPA, ""Compendium of Ceiling Prices of Scheduled Drugs as on 10.08.2022"", Schedule-I / NLEM 2015",2022-08-10,Benzoyl peroxide,1 gm,1499(E),30.03.2022,21,false,true
coal tar,Solution 5%,,14.4.2,"Compendium-Prices-2022pdf-464b22085495ff4e3f8700c0e00cf45d.pdf -- NPPA, ""Compendium of Ceiling Prices of Scheduled Drugs as on 10.08.2022"", Schedule-I / NLEM 2015",2022-08-10,Coal tar,,,,21,false,true
podophyllin resin,Solution 10% to 25%,,14.4.3,"Compendium-Prices-2022pdf-464b22085495ff4e3f8700c0e00cf45d.pdf -- NPPA, ""Compendium of Ceiling Prices of Scheduled Drugs as on 10.08.2022"", Schedule-I / NLEM 2015",2022-08-10,Podophyllin resin,,,,21,false,false
salicylic acid,Ointment 6% 1 gm,1.99,14.4.4,"Compendium-Prices-2022pdf-464b22085495ff4e3f8700c0e00cf45d.pdf -- NPPA, ""Compendium of Ceiling Prices of Scheduled Drugs as on 10.08.2022"", Schedule-I / NLEM 2015",2022-08-10,Salicylic acid,1 gm,1499(E),30.03.2022,21,false,true
permethrin,Lotion 1% 1 gm,1.01,14.5.1,"Compendium-Prices-2022pdf-464b22085495ff4e3f8700c0e00cf45d.pdf -- NPPA, ""Compendium of Ceiling Prices of Scheduled Drugs as on 10.08.2022"", Schedule-I / NLEM 2015",2022-08-10,Permethrin,1 gm,1499(E),30.03.2022,21,false,true
permethrin,Cream 5% 1 gm,1.93,14.5.1,"Compendium-Prices-2022pdf-464b22085495ff4e3f8700c0e00cf45d.pdf -- NPPA, ""Compendium of Ceiling Prices of Scheduled Drugs as on 10.08.2022"", Schedule-I / NLEM 2015",2022-08-10,Permethrin,1 gm,1499(E),30.03.2022,21,false,true
permethrin,Cream 1% 1 gm,1.78,14.5.1,"Compendium-Prices-2022pdf-464b22085495ff4e3f8700c0e00cf45d.pdf -- NPPA, ""Compendium of Ceiling Prices of Scheduled Drugs as on 10.08.2022"", Schedule-I / NLEM 2015",2022-08-10,Permethrin,1 gm,1499(E),30.03.2022,21,false,true
permethrin,Gel 5% 1 gm,1.63,14.5.1,"Compendium-Prices-2022pdf-464b22085495ff4e3f8700c0e00cf45d.pdf -- NPPA, ""Compendium of Ceiling Prices of Scheduled Drugs as on 10.08.2022"", Schedule-I / NLEM 2015",2022-08-10,Permethrin,1 gm,1499(E),30.03.2022,21,false,true
permethrin,Lotion 5% 1 ml,1.09,14.5.1,"Compendium-Prices-2022pdf-464b22085495ff4e3f8700c0e00cf45d.pdf -- NPPA, ""Compendium of Ceiling Prices of Scheduled Drugs as on 10.08.2022"", Schedule-I / NLEM 2015",2022-08-10,Permethrin,1 ml,1499(E),30.03.2022,21,false,true
glycerin,Oral Liquid 1 ml,0.17,14.6.1,"Compendium-Prices-2022pdf-464b22085495ff4e3f8700c0e00cf45d.pdf -- NPPA, ""Compendium of Ceiling Prices of Scheduled Drugs as on 10.08.2022"", Schedule-I / NLEM 2015",2022-08-10,Glycerin,1 ml,1499(E),30.03.2022,21,false,true
petrolatum,Jelly 100% 1 gm,0.10,14.6.2,"Compendium-Prices-2022pdf-464b22085495ff4e3f8700c0e00cf45d.pdf -- NPPA, ""Compendium of Ceiling Prices of Scheduled Drugs as on 10.08.2022"", Schedule-I / NLEM 2015",2022-08-10,White Petrolatum,1 gm,1499(E),30.03.2022,21,false,false
fluorescein,Eye drop 1%,,15.1.1,"Compendium-Prices-2022pdf-464b22085495ff4e3f8700c0e00cf45d.pdf -- NPPA, ""Compendium of Ceiling Prices of Scheduled Drugs as on 10.08.2022"", Schedule-I / NLEM 2015",2022-08-10,Fluorescein,,,,21,false,false
lidocaine,Eye drop 4% 1 gm or 1 ml,1.20,15.1.2,"Compendium-Prices-2022pdf-464b22085495ff4e3f8700c0e00cf45d.pdf -- NPPA, ""Compendium of Ceiling Prices of Scheduled Drugs as on 10.08.2022"", Schedule-I / NLEM 2015",2022-08-10,Lignocaine,1 gm or 1 ml,1499(E),30.03.2022,21,false,true
tropicamide,Eye drop 1% 1 ml,11.17,15.1.3,"Compendium-Prices-2022pdf-464b22085495ff4e3f8700c0e00cf45d.pdf -- NPPA, ""Compendium of Ceiling Prices of Scheduled Drugs as on 10.08.2022"", Schedule-I / NLEM 2015",2022-08-10,Tropicamide,1 ml,1499(E),30.03.2022,21,false,true
barium,Oral liquid 100% w/v,,15.2.1,"Compendium-Prices-2022pdf-464b22085495ff4e3f8700c0e00cf45d.pdf -- NPPA, ""Compendium of Ceiling Prices of Scheduled Drugs as on 10.08.2022"", Schedule-I / NLEM 2015",2022-08-10,Barium sulphate,,,,21,false,false
barium,Oral liquid 250% w/v,,15.2.1,"Compendium-Prices-2022pdf-464b22085495ff4e3f8700c0e00cf45d.pdf -- NPPA, ""Compendium of Ceiling Prices of Scheduled Drugs as on 10.08.2022"", Schedule-I / NLEM 2015",2022-08-10,Barium sulphate,,,,21,false,false
gadobenate,Injection 529 mg/ml 1 ml,121.01,15.2.2,"Compendium-Prices-2022pdf-464b22085495ff4e3f8700c0e00cf45d.pdf -- NPPA, ""Compendium of Ceiling Prices of Scheduled Drugs as on 10.08.2022"", Schedule-I / NLEM 2015",2022-08-10,Gadobenate,1 ml,1499(E),30.03.2022,21,false,false
iohexol,Injection 140 to 350 mg iodine/ml,,15.2.3,"Compendium-Prices-2022pdf-464b22085495ff4e3f8700c0e00cf45d.pdf -- NPPA, ""Compendium of Ceiling Prices of Scheduled Drugs as on 10.08.2022"", Schedule-I / NLEM 2015",2022-08-10,Iohexol,,,,21,false,false
iohexol,Injection 300mgiodine/ml 1 ml,18.46,15.2.3,"Compendium-Prices-2022pdf-464b22085495ff4e3f8700c0e00cf45d.pdf -- NPPA, ""Compendium of Ceiling Prices of Scheduled Drugs as on 10.08.2022"", Schedule-I / NLEM 2015",2022-08-10,Iohexol,1 ml,1499(E),30.03.2022,21,false,false
meglumine diatrizoate,Injection 60% w/v 1 ml,9.17,15.2.4,"Compendium-Prices-2022pdf-464b22085495ff4e3f8700c0e00cf45d.pdf -- NPPA, ""Compendium of Ceiling Prices of Scheduled Drugs as on 10.08.2022"", Schedule-I / NLEM 2015",2022-08-10,Meglumine diatrizoate,1 ml,1499(E),30.03.2022,21,false,false
meglumine diatrizoate,Injection 76% w/v 1 ml,10.60,15.2.4,"Compendium-Prices-2022pdf-464b22085495ff4e3f8700c0e00cf45d.pdf -- NPPA, ""Compendium of Ceiling Prices of Scheduled Drugs as on 10.08.2022"", Schedule-I / NLEM 2015",2022-08-10,Meglumine diatrizoate,1 ml,1499(E),30.03.2022,21,false,false
haemodialysis fluid,As licensed 1 ml,0.04,16.1,"Compendium-Prices-2022pdf-464b22085495ff4e3f8700c0e00cf45d.pdf -- NPPA, ""Compendium of Ceiling Prices of Scheduled Drugs as on 10.08.2022"", Schedule-I / NLEM 2015",2022-08-10,Haemodialysis fluid,1 ml,1499(E),30.03.2022,21,false,false
intraperitoneal dialysis,As licensed,,16.2,"Compendium-Prices-2022pdf-464b22085495ff4e3f8700c0e00cf45d.pdf -- NPPA, ""Compendium of Ceiling Prices of Scheduled Drugs as on 10.08.2022"", Schedule-I / NLEM 2015",2022-08-10,Intraperitoneal dialysis solution,,,,21,false,false
cetrimide,Solution 20% (Concentrate for dilution) 1 ml,0.35,17.1.1,"Compendium-Prices-2022pdf-464b22085495ff4e3f8700c0e00cf45d.pdf -- NPPA, ""Compendium of Ceiling Prices of Scheduled Drugs as on 10.08.2022"", Schedule-I / NLEM 2015",2022-08-10,Cetrimide,1 ml,1499(E),30.03.2022,21,false,true
chlorhexidine,Solution 5% (Concentrate for dilution) 1 ml,0.17,17.1.2,"Compendium-Prices-2022pdf-464b22085495ff4e3f8700c0e00cf45d.pdf -- NPPA, ""Compendium of Ceiling Prices of Scheduled Drugs as on 10.08.2022"", Schedule-I / NLEM 2015",2022-08-10,Chlorhexidine,1 ml,1499(E),30.03.2022,21,false,true
ethanol,Solution 70% 1 ml,0.47,17.1.3,"Compendium-Prices-2022pdf-464b22085495ff4e3f8700c0e00cf45d.pdf -- NPPA, ""Compendium of Ceiling Prices of Scheduled Drugs as on 10.08.2022"", Schedule-I / NLEM 2015",2022-08-10,Ethyl alcohol (Denatured),1 ml,1499(E),30.03.2022,21,false,false
hydrogen peroxide,Solution 6% 1 ml,0.04,17.1.4,"Compendium-Prices-2022pdf-464b22085495ff4e3f8700c0e00cf45d.pdf -- NPPA, ""Compendium of Ceiling Prices of Scheduled Drugs as on 10.08.2022"", Schedule-I / NLEM 2015",2022-08-10,Hydrogen peroxide,1 ml,1499(E),30.03.2022,21,false,false
gentian violet,Topial preparation 0.25% to 2%,,17.1.5,"Compendium-Prices-2022pdf-464b22085495ff4e3f8700c0e00cf45d.pdf -- NPPA, ""Compendium of Ceiling Prices of Scheduled Drugs as on 10.08.2022"", Schedule-I / NLEM 2015",2022-08-10,Methylrosaniliniu m chloride (Gentian Violet),,,,21,false,false
povidone-iodine,Solution 4% to 10%,,17.1.6,"Compendium-Prices-2022pdf-464b22085495ff4e3f8700c0e00cf45d.pdf -- NPPA, ""Compendium of Ceiling Prices of Scheduled Drugs as on 10.08.2022"", Schedule-I / NLEM 2015",2022-08-10,Povidone iodine,,,,21,false,true
povidone-iodine,Solution 4% 1 ml,1.93,17.1.6,"Compendium-Prices-2022pdf-464b22085495ff4e3f8700c0e00cf45d.pdf -- NPPA, ""Compendium of Ceiling Prices of Scheduled Drugs as on 10.08.2022"", Schedule-I / NLEM 2015",2022-08-10,Povidone iodine,1 ml,1499(E),30.03.2022,21,false,true
povidone-iodine,Solution 7.5% 1 ml,0.85,17.1.6,"Compendium-Prices-2022pdf-464b22085495ff4e3f8700c0e00cf45d.pdf -- NPPA, ""Compendium of Ceiling Prices of Scheduled Drugs as on 10.08.2022"", Schedule-I / NLEM 2015",2022-08-10,Povidone iodine,1 ml,1499(E),30.03.2022,21,false,true
povidone-iodine,Solution 10% 1 ml,1.03,17.1.6,"Compendium-Prices-2022pdf-464b22085495ff4e3f8700c0e00cf45d.pdf -- NPPA, ""Compendium of Ceiling Prices of Scheduled Drugs as on 10.08.2022"", Schedule-I / NLEM 2015",2022-08-10,Povidone iodine,1 ml,1499(E),30.03.2022,21,false,true
bleaching,Containing not less than 30% w/w of available chlorine (as,,17.2.1,"Compendium-Prices-2022pdf-464b22085495ff4e3f8700c0e00cf45d.pdf -- NPPA, ""Compendium of Ceiling Prices of Scheduled Drugs as on 10.08.2022"", Schedule-I / NLEM 2015",2022-08-10,Bleaching powder,,,,22,false,false
bleaching,per I.P),,17.2.1,"Compendium-Prices-2022pdf-464b22085495ff4e3f8700c0e00cf45d.pdf -- NPPA, ""Compendium of Ceiling Prices of Scheduled Drugs as on 10.08.2022"", Schedule-I / NLEM 2015",2022-08-10,Bleaching powder,,,,22,false,false
glutaraldehyde,Solution 2% 1 ml,0.07,17.2.2,"Compendium-Prices-2022pdf-464b22085495ff4e3f8700c0e00cf45d.pdf -- NPPA, ""Compendium of Ceiling Prices of Scheduled Drugs as on 10.08.2022"", Schedule-I / NLEM 2015",2022-08-10,Glutaraldehyde,1 ml,1499(E),30.03.2022,22,false,false
potassium permanganate,Crystals for topical solution 1 gm,0.49,17.2.3,"Compendium-Prices-2022pdf-464b22085495ff4e3f8700c0e00cf45d.pdf -- NPPA, ""Compendium of Ceiling Prices of Scheduled Drugs as on 10.08.2022"", Schedule-I / NLEM 2015",2022-08-10,Potassium permanganate,1 gm,1499(E),30.03.2022,22,false,false
furosemide,Tablet 40 mg 1 Tablet,0.83,18.1,"Compendium-Prices-2022pdf-464b22085495ff4e3f8700c0e00cf45d.pdf -- NPPA, ""Compendium of Ceiling Prices of Scheduled Drugs as on 10.08.2022"", Schedule-I / NLEM 2015",2022-08-10,Furosemide,1 Tablet,1499(E),30.03.2022,22,false,true
furosemide,Oral liquid 10 mg/ml 1 ml,3.07,18.1,"Compendium-Prices-2022pdf-464b22085495ff4e3f8700c0e00cf45d.pdf -- NPPA, ""Compendium of Ceiling Prices of Scheduled Drugs as on 10.08.2022"", Schedule-I / NLEM 2015",2022-08-10,Furosemide,1 ml,1499(E),30.03.2022,22,false,true
furosemide,Injection 10 mg/ ml 1 ml,2.76,18.1,"Compendium-Prices-2022pdf-464b22085495ff4e3f8700c0e00cf45d.pdf -- NPPA, ""Compendium of Ceiling Prices of Scheduled Drugs as on 10.08.2022"", Schedule-I / NLEM 2015",2022-08-10,Furosemide,1 ml,1499(E),30.03.2022,22,false,true
hydrochlorothiazide,Tablet 25 mg 1 Tablet,1.87,18.2,"Compendium-Prices-2022pdf-464b22085495ff4e3f8700c0e00cf45d.pdf -- NPPA, ""Compendium of Ceiling Prices of Scheduled Drugs as on 10.08.2022"", Schedule-I / NLEM 2015",2022-08-10,Hydrochlorothiazide,1 Tablet,1499(E),30.03.2022,22,false,true
hydrochlorothiazide,Tablet 50 mg 1 Tablet,0.09,18.2,"Compendium-Prices-2022pdf-464b22085495ff4e3f8700c0e00cf45d.pdf -- NPPA, ""Compendium of Ceiling Prices of Scheduled Drugs as on 10.08.2022"", Schedule-I / NLEM 2015",2022-08-10,Hydrochlorothiazide,1 Tablet,1499(E),30.03.2022,22,false,true
hydrochlorothiazide,Tablet 12.5 mg 1 Tablet,1.10,18.2,"Compendium-Prices-2022pdf-464b22085495ff4e3f8700c0e00cf45d.pdf -- NPPA, ""Compendium of Ceiling Prices of Scheduled Drugs as on 10.08.2022"", Schedule-I / NLEM 2015",2022-08-10,Hydrochlorothiazide,1 Tablet,1499(E),30.03.2022,22,false,true
mannitol,Injection 10% 1 ml,0.18,18.3,"Compendium-Prices-2022pdf-464b22085495ff4e3f8700c0e00cf45d.pdf -- NPPA, ""Compendium of Ceiling Prices of Scheduled Drugs as on 10.08.2022"", Schedule-I / NLEM 2015",2022-08-10,Mannitol,1 ml,1499(E),30.03.2022,22,false,true
mannitol,Injection 20% 1 ml,0.33,18.3,"Compendium-Prices-2022pdf-464b22085495ff4e3f8700c0e00cf45d.pdf -- NPPA, ""Compendium of Ceiling Prices of Scheduled Drugs as on 10.08.2022"", Schedule-I / NLEM 2015",2022-08-10,Mannitol,1 ml,1499(E),30.03.2022,22,false,true
spironolactone,Tablet 25 mg 1 Tablet,2.13,18.4,"Compendium-Prices-2022pdf-464b22085495ff4e3f8700c0e00cf45d.pdf -- NPPA, ""Compendium of Ceiling Prices of Scheduled Drugs as on 10.08.2022"", Schedule-I / NLEM 2015",2022-08-10,Spironolactone,1 Tablet,1499(E),30.03.2022,22,false,true
spironolactone,Tablet 50 mg 1 Tablet,4.22,18.4,"Compendium-Prices-2022pdf-464b22085495ff4e3f8700c0e00cf45d.pdf -- NPPA, ""Compendium of Ceiling Prices of Scheduled Drugs as on 10.08.2022"", Schedule-I / NLEM 2015",2022-08-10,Spironolactone,1 Tablet,1499(E),30.03.2022,22,false,true
budesonide,Nasal Spray 50 mcg/dose 1 Dose,1.13,19.1,"Compendium-Prices-2022pdf-464b22085495ff4e3f8700c0e00cf45d.pdf -- NPPA, ""Compendium of Ceiling Prices of Scheduled Drugs as on 10.08.2022"", Schedule-I / NLEM 2015",2022-08-10,Budesonide,1 Dose,1499(E),30.03.2022,22,false,true
budesonide,Nasal Spray 100 mcg/dose 1 Dose,1.01,19.1,"Compendium-Prices-2022pdf-464b22085495ff4e3f8700c0e00cf45d.pdf -- NPPA, ""Compendium of Ceiling Prices of Scheduled Drugs as on 10.08.2022"", Schedule-I / NLEM 2015",2022-08-10,Budesonide,1 Dose,1499(E),30.03.2022,22,false,true
ciprofloxacin,Drops 0.3 % 1 ml,1.69,19.2,"Compendium-Prices-2022pdf-464b22085495ff4e3f8700c0e00cf45d.pdf -- NPPA, ""Compendium of Ceiling Prices of Scheduled Drugs as on 10.08.2022"", Schedule-I / NLEM 2015",2022-08-10,Ciprofloxacin,1 ml,1499(E),30.03.2022,22,false,true
clotrimazole,Drops 1% 1 ml,3.37,19.3,"Compendium-Prices-2022pdf-464b22085495ff4e3f8700c0e00cf45d.pdf -- NPPA, ""Compendium of Ceiling Prices of Scheduled Drugs as on 10.08.2022"", Schedule-I / NLEM 2015",2022-08-10,Clotrimazole,1 ml,1499(E),30.03.2022,22,false,true
xylometazoline,Nasal drops 0.05 % 1 ml,4.36,19.4,"Compendium-Prices-2022pdf-464b22085495ff4e3f8700c0e00cf45d.pdf -- NPPA, ""Compendium of Ceiling Prices of Scheduled Drugs as on 10.08.2022"", Schedule-I / NLEM 2015",2022-08-10,Xylometazoline,1 ml,1499(E),30.03.2022,22,false,true
xylometazoline,Nasal drops 0.1 % 1 ml,5.78,19.4,"Compendium-Prices-2022pdf-464b22085495ff4e3f8700c0e00cf45d.pdf -- NPPA, ""Compendium of Ceiling Prices of Scheduled Drugs as on 10.08.2022"", Schedule-I / NLEM 2015",2022-08-10,Xylometazoline,1 ml,1499(E),30.03.2022,22,false,true
omeprazole,Capsule 10 mg 1 Capsule,2.35,20.1.1,"Compendium-Prices-2022pdf-464b22085495ff4e3f8700c0e00cf45d.pdf -- NPPA, ""Compendium of Ceiling Prices of Scheduled Drugs as on 10.08.2022"", Schedule-I / NLEM 2015",2022-08-10,Omeprazole,1 Capsule,1499(E),30.03.2022,22,false,true
omeprazole,Capsule 20 mg 1 Capsule,2.77,20.1.1,"Compendium-Prices-2022pdf-464b22085495ff4e3f8700c0e00cf45d.pdf -- NPPA, ""Compendium of Ceiling Prices of Scheduled Drugs as on 10.08.2022"", Schedule-I / NLEM 2015",2022-08-10,Omeprazole,1 Capsule,1499(E),30.03.2022,22,false,true
omeprazole,Capsule 40 mg 1 Capsule,5.48,20.1.1,"Compendium-Prices-2022pdf-464b22085495ff4e3f8700c0e00cf45d.pdf -- NPPA, ""Compendium of Ceiling Prices of Scheduled Drugs as on 10.08.2022"", Schedule-I / NLEM 2015",2022-08-10,Omeprazole,1 Capsule,1499(E),30.03.2022,22,false,true
omeprazole,Powder for oral Liquid 20 mg 1 gm,1.36,20.1.1,"Compendium-Prices-2022pdf-464b22085495ff4e3f8700c0e00cf45d.pdf -- NPPA, ""Compendium of Ceiling Prices of Scheduled Drugs as on 10.08.2022"", Schedule-I / NLEM 2015",2022-08-10,Omeprazole,1 gm,1499(E),30.03.2022,22,false,true
omeprazole,Tablet 10 mg 1 Tablet,4.92,20.1.1,"Compendium-Prices-2022pdf-464b22085495ff4e3f8700c0e00cf45d.pdf -- NPPA, ""Compendium of Ceiling Prices of Scheduled Drugs as on 10.08.2022"", Schedule-I / NLEM 2015",2022-08-10,Omeprazole,1 Tablet,1499(E),30.03.2022,22,false,true
omeprazole,Tablet 20 mg 1 Tablet,5.47,20.1.1,"Compendium-Prices-2022pdf-464b22085495ff4e3f8700c0e00cf45d.pdf -- NPPA, ""Compendium of Ceiling Prices of Scheduled Drugs as on 10.08.2022"", Schedule-I / NLEM 2015",2022-08-10,Omeprazole,1 Tablet,1499(E),30.03.2022,22,false,true
omeprazole,Tablet 40 mg 1 Tablet,9.25,20.1.1,"Compendium-Prices-2022pdf-464b22085495ff4e3f8700c0e00cf45d.pdf -- NPPA, ""Compendium of Ceiling Prices of Scheduled Drugs as on 10.08.2022"", Schedule-I / NLEM 2015",2022-08-10,Omeprazole,1 Tablet,1499(E),30.03.2022,22,false,true
pantoprazole,Injection 40 mg Each Pack,49.43,20.1.2,"Compendium-Prices-2022pdf-464b22085495ff4e3f8700c0e00cf45d.pdf -- NPPA, ""Compendium of Ceiling Prices of Scheduled Drugs as on 10.08.2022"", Schedule-I / NLEM 2015",2022-08-10,Pantoprazole,Each Pack,1499(E),30.03.2022,22,false,true
ranitidine,Tablet 150 mg 1 Tablet,1.22,20.1.3,"Compendium-Prices-2022pdf-464b22085495ff4e3f8700c0e00cf45d.pdf -- NPPA, ""Compendium of Ceiling Prices of Scheduled Drugs as on 10.08.2022"", Schedule-I / NLEM 2015",2022-08-10,Ranitidine,1 Tablet,1499(E),30.03.2022,22,false,true
ranitidine,Oral liquid 75 mg/5 ml 1 ml,1.20,20.1.3,"Compendium-Prices-2022pdf-464b22085495ff4e3f8700c0e00cf45d.pdf -- NPPA, ""Compendium of Ceiling Prices of Scheduled Drugs as on 10.08.2022"", Schedule-I / NLEM 2015",2022-08-10,Ranitidine,1 ml,1499(E),30.03.2022,22,false,true
ranitidine,Injection 25 mg/ml 1 ml,2.69,20.1.3,"Compendium-Prices-2022pdf-464b22085495ff4e3f8700c0e00cf45d.pdf -- NPPA, ""Compendium of Ceiling Prices of Scheduled Drugs as on 10.08.2022"", Schedule-I / NLEM 2015",2022-08-10,Ranitidine,1 ml,1499(E),30.03.2022,22,false,true
sucralfate,Oral liquid 1 g 1 ml,0.78,20.1.4,"Compendium-Prices-2022pdf-464b22085495ff4e3f8700c0e00cf45d.pdf -- NPPA, ""Compendium of Ceiling Prices of Scheduled Drugs as on 10.08.2022"", Schedule-I / NLEM 2015",2022-08-10,Sucralfate,1 ml,1499(E),30.03.2022,22,false,true
domperidone,Tablet 10 mg 1 Tablet,2.68,20.2.1,"Compendium-Prices-2022pdf-464b22085495ff4e3f8700c0e00cf45d.pdf -- NPPA, ""Compendium of Ceiling Prices of Scheduled Drugs as on 10.08.2022"", Schedule-I / NLEM 2015",2022-08-10,Domperidone,1 Tablet,1499(E),30.03.2022,22,false,true
domperidone,Oral liquid 1 mg/ml 1 ml,1.20,20.2.1,"Compendium-Prices-2022pdf-464b22085495ff4e3f8700c0e00cf45d.pdf -- NPPA, ""Compendium of Ceiling Prices of Scheduled Drugs as on 10.08.2022"", Schedule-I / NLEM 2015",2022-08-10,Domperidone,1 ml,1499(E),30.03.2022,22,false,true
metoclopramide,Injection 5 mg/ml,,20.2.2,"Compendium-Prices-2022pdf-464b22085495ff4e3f8700c0e00cf45d.pdf -- NPPA, ""Compendium of Ceiling Prices of Scheduled Drugs as on 10.08.2022"", Schedule-I / NLEM 2015",2022-08-10,Metoclopramide,,,,22,false,true
metoclopramide,Injection 5 mg/ml (10 ml Pack) 1 ml,1.58,20.2.2,"Compendium-Prices-2022pdf-464b22085495ff4e3f8700c0e00cf45d.pdf -- NPPA, ""Compendium of Ceiling Prices of Scheduled Drugs as on 10.08.2022"", Schedule-I / NLEM 2015",2022-08-10,Metoclopramide,1 ml,1499(E),30.03.2022,22,false,true
metoclopramide,Injection 5 mg/ml (2 ml Pack) 1 ml,2.59,20.2.2,"Compendium-Prices-2022pdf-464b22085495ff4e3f8700c0e00cf45d.pdf -- NPPA, ""Compendium of Ceiling Prices of Scheduled Drugs as on 10.08.2022"", Schedule-I / NLEM 2015",2022-08-10,Metoclopramide,1 ml,1499(E),30.03.2022,22,false,true
metoclopramide,Tablet 4 mg,,20.2.2,"Compendium-Prices-2022pdf-464b22085495ff4e3f8700c0e00cf45d.pdf -- NPPA, ""Compendium of Ceiling Prices of Scheduled Drugs as on 10.08.2022"", Schedule-I / NLEM 2015",2022-08-10,Metoclopramide,,,,22,false,true
ondansetron,Oral liquid 2 mg/5 ml 1 ml,1.26,20.2.3,"Compendium-Prices-2022pdf-464b22085495ff4e3f8700c0e00cf45d.pdf -- NPPA, ""Compendium of Ceiling Prices of Scheduled Drugs as on 10.08.2022"", Schedule-I / NLEM 2015",2022-08-10,Ondansetron,1 ml,1499(E),30.03.2022,22,false,true
ondansetron,Injection 2 mg/ml 1 ml,6.49,20.2.3,"Compendium-Prices-2022pdf-464b22085495ff4e3f8700c0e00cf45d.pdf -- NPPA, ""Compendium of Ceiling Prices of Scheduled Drugs as on 10.08.2022"", Schedule-I / NLEM 2015",2022-08-10,Ondansetron,1 ml,1499(E),30.03.2022,22,false,true
aminosalicylic acid,Tablet 400 mg 1 Tablet,8.30,20.3.1,"Compendium-Prices-2022pdf-464b22085495ff4e3f8700c0e00cf45d.pdf -- NPPA, ""Compendium of Ceiling Prices of Scheduled Drugs as on 10.08.2022"", Schedule-I / NLEM 2015",2022-08-10,5-aminosalicylic acid,1 Tablet,1499(E),30.03.2022,22,false,false
dicycloverine,Tablet 10 mg 1 Tablet,0.12,20.4.1,"Compendium-Prices-2022pdf-464b22085495ff4e3f8700c0e00cf45d.pdf -- NPPA, ""Compendium of Ceiling Prices of Scheduled Drugs as on 10.08.2022"", Schedule-I / NLEM 2015",2022-08-10,Dicyclomine,1 Tablet,1499(E),30.03.2022,23,false,true
dicycloverine,Oral Solution 10mg/5ml 1 ml,0.18,20.4.1,"Compendium-Prices-2022pdf-464b22085495ff4e3f8700c0e00cf45d.pdf -- NPPA, ""Compendium of Ceiling Prices of Scheduled Drugs as on 10.08.2022"", Schedule-I / NLEM 2015",2022-08-10,Dicyclomine,1 ml,1499(E),30.03.2022,23,false,true
dicycloverine,Injection 10 mg/ml,,20.4.1,"Compendium-Prices-2022pdf-464b22085495ff4e3f8700c0e00cf45d.pdf -- NPPA, ""Compendium of Ceiling Prices of Scheduled Drugs as on 10.08.2022"", Schedule-I / NLEM 2015",2022-08-10,Dicyclomine,,,,23,false,true
dicycloverine,Injection 10 mg/ml (10ml & 1 ml,2.28,20.4.1,"Compendium-Prices-2022pdf-464b22085495ff4e3f8700c0e00cf45d.pdf -- NPPA, ""Compendium of Ceiling Prices of Scheduled Drugs as on 10.08.2022"", Schedule-I / NLEM 2015",2022-08-10,Dicyclomine,1 ml,1499(E),30.03.2022,23,false,true
dicycloverine,30ml Pack),,20.4.1,"Compendium-Prices-2022pdf-464b22085495ff4e3f8700c0e00cf45d.pdf -- NPPA, ""Compendium of Ceiling Prices of Scheduled Drugs as on 10.08.2022"", Schedule-I / NLEM 2015",2022-08-10,Dicyclomine,,,,23,false,true
dicycloverine,Injection 10 mg/ml (1ml & 1 ml,3.54,20.4.1,"Compendium-Prices-2022pdf-464b22085495ff4e3f8700c0e00cf45d.pdf -- NPPA, ""Compendium of Ceiling Prices of Scheduled Drugs as on 10.08.2022"", Schedule-I / NLEM 2015",2022-08-10,Dicyclomine,1 ml,1499(E),30.03.2022,23,false,true
dicycloverine,2ml Pack),,20.4.1,"Compendium-Prices-2022pdf-464b22085495ff4e3f8700c0e00cf45d.pdf -- NPPA, ""Compendium of Ceiling Prices of Scheduled Drugs as on 10.08.2022"", Schedule-I / NLEM 2015",2022-08-10,Dicyclomine,,,,23,false,true
scopolamine butylbromide,Tablet 10 mg 1 Tablet,3.30,20.4.2,"Compendium-Prices-2022pdf-464b22085495ff4e3f8700c0e00cf45d.pdf -- NPPA, ""Compendium of Ceiling Prices of Scheduled Drugs as on 10.08.2022"", Schedule-I / NLEM 2015",2022-08-10,Hyoscine butylbromide,1 Tablet,1499(E),30.03.2022,23,false,true
scopolamine butylbromide,Injection 20 mg/ml 1 ml,11.59,20.4.2,"Compendium-Prices-2022pdf-464b22085495ff4e3f8700c0e00cf45d.pdf -- NPPA, ""Compendium of Ceiling Prices of Scheduled Drugs as on 10.08.2022"", Schedule-I / NLEM 2015",2022-08-10,Hyoscine butylbromide,1 ml,1499(E),30.03.2022,23,false,true
bisacodyl,Tablet 5 mg 1 Tablet,1.12,20.5.1,"Compendium-Prices-2022pdf-464b22085495ff4e3f8700c0e00cf45d.pdf -- NPPA, ""Compendium of Ceiling Prices of Scheduled Drugs as on 10.08.2022"", Schedule-I / NLEM 2015",2022-08-10,Bisacodyl,1 Tablet,1499(E),30.03.2022,23,false,true
bisacodyl,Suppository 5 mg 1 Suppository,9.37,20.5.1,"Compendium-Prices-2022pdf-464b22085495ff4e3f8700c0e00cf45d.pdf -- NPPA, ""Compendium of Ceiling Prices of Scheduled Drugs as on 10.08.2022"", Schedule-I / NLEM 2015",2022-08-10,Bisacodyl,1 Suppository,1499(E),30.03.2022,23,false,true
psyllium,Granules/ Husk/ Powder 1 gm,0.85,20.5.2,"Compendium-Prices-2022pdf-464b22085495ff4e3f8700c0e00cf45d.pdf -- NPPA, ""Compendium of Ceiling Prices of Scheduled Drugs as on 10.08.2022"", Schedule-I / NLEM 2015",2022-08-10,Ispaghula,1 gm,1499(E),30.03.2022,23,false,true
lactulose,Oral liquid 10 g/15 ml 1 ml,1.22,20.5.3,"Compendium-Prices-2022pdf-464b22085495ff4e3f8700c0e00cf45d.pdf -- NPPA, ""Compendium of Ceiling Prices of Scheduled Drugs as on 10.08.2022"", Schedule-I / NLEM 2015",2022-08-10,Lactulose,1 ml,1499(E),30.03.2022,23,false,true
rehydration salts,As licensed 1 gm,0.99,20.6.1,"Compendium-Prices-2022pdf-464b22085495ff4e3f8700c0e00cf45d.pdf -- NPPA, ""Compendium of Ceiling Prices of Scheduled Drugs as on 10.08.2022"", Schedule-I / NLEM 2015",2022-08-10,Oral rehydration salts,1 gm,1499(E),30.03.2022,23,false,false
rehydration salts,1 ml,0.16,20.6.1,"Compendium-Prices-2022pdf-464b22085495ff4e3f8700c0e00cf45d.pdf -- NPPA, ""Compendium of Ceiling Prices of Scheduled Drugs as on 10.08.2022"", Schedule-I / NLEM 2015",2022-08-10,Oral rehydration salts,1 ml,1499(E),30.03.2022,23,false,false
zinc,Dispersible Tablet 20 mg 1 Tablet,3.49,20.6.2,"Compendium-Prices-2022pdf-464b22085495ff4e3f8700c0e00cf45d.pdf -- NPPA, ""Compendium of Ceiling Prices of Scheduled Drugs as on 10.08.2022"", Schedule-I / NLEM 2015",2022-08-10,Zinc sulphate,1 Tablet,1499(E),30.03.2022,23,false,true
somatostatin,Powder for Injection 3 mg Each pack,1759.69,20.7.1,"Compendium-Prices-2022pdf-464b22085495ff4e3f8700c0e00cf45d.pdf -- NPPA, ""Compendium of Ceiling Prices of Scheduled Drugs as on 10.08.2022"", Schedule-I / NLEM 2015",2022-08-10,Somatostatin,Each pack,1499(E),30.03.2022,23,false,false
dexamethasone,Tablet 0.5 mg 1 Tablet,0.21,21.1.1,"Compendium-Prices-2022pdf-464b22085495ff4e3f8700c0e00cf45d.pdf -- NPPA, ""Compendium of Ceiling Prices of Scheduled Drugs as on 10.08.2022"", Schedule-I / NLEM 2015",2022-08-10,Dexamethasone,1 Tablet,1499(E),30.03.2022,23,false,true
dexamethasone,Injection 4 mg/ml Each Pack (10,15.29,21.1.1,"Compendium-Prices-2022pdf-464b22085495ff4e3f8700c0e00cf45d.pdf -- NPPA, ""Compendium of Ceiling Prices of Scheduled Drugs as on 10.08.2022"", Schedule-I / NLEM 2015",2022-08-10,Dexamethasone,Each Pack (10,1499(E),30.03.2022,23,false,true
dexamethasone,Injection 4 mg/ml Each Pack (2 ml),10.35,21.1.1,"Compendium-Prices-2022pdf-464b22085495ff4e3f8700c0e00cf45d.pdf -- NPPA, ""Compendium of Ceiling Prices of Scheduled Drugs as on 10.08.2022"", Schedule-I / NLEM 2015",2022-08-10,Dexamethasone,Each Pack (2 ml),1499(E),30.03.2022,23,false,true
dexamethasone,Injection 4 mg/ml Each Pack (20,29.31,21.1.1,"Compendium-Prices-2022pdf-464b22085495ff4e3f8700c0e00cf45d.pdf -- NPPA, ""Compendium of Ceiling Prices of Scheduled Drugs as on 10.08.2022"", Schedule-I / NLEM 2015",2022-08-10,Dexamethasone,Each Pack (20,1499(E),30.03.2022,23,false,true
dexamethasone,Injection 4 mg/ml Each Pack (30,39.17,21.1.1,"Compendium-Prices-2022pdf-464b22085495ff4e3f8700c0e00cf45d.pdf -- NPPA, ""Compendium of Ceiling Prices of Scheduled Drugs as on 10.08.2022"", Schedule-I / NLEM 2015",2022-08-10,Dexamethasone,Each Pack (30,1499(E),30.03.2022,23,false,true
human chorionic gonadotropin,Injection 1000 IU Each Pack,235.98,21.1.2,"Compendium-Prices-2022pdf-464b22085495ff4e3f8700c0e00cf45d.pdf -- NPPA, ""Compendium of Ceiling Prices of Scheduled Drugs as on 10.08.2022"", Schedule-I / NLEM 2015",2022-08-10,Human chorionic gonadotropin,Each Pack,1499(E),30.03.2022,23,false,false
human chorionic gonadotropin,Injection 5000 IU Each Pack,463.41,21.1.2,"Compendium-Prices-2022pdf-464b22085495ff4e3f8700c0e00cf45d.pdf -- NPPA, ""Compendium of Ceiling Prices of Scheduled Drugs as on 10.08.2022"", Schedule-I / NLEM 2015",2022-08-10,Human chorionic gonadotropin,Each Pack,1499(E),30.03.2022,23,false,false
hydrocortisone,Tablet 10 mg 1 Tablet,6.54,21.1.3,"Compendium-Prices-2022pdf-464b22085495ff4e3f8700c0e00cf45d.pdf -- NPPA, ""Compendium of Ceiling Prices of Scheduled Drugs as on 10.08.2022"", Schedule-I / NLEM 2015",2022-08-10,Hydrocortisone,1 Tablet,1499(E),30.03.2022,23,false,true
hydrocortisone,Tablet 5 mg 1 Tablet,3.37,21.1.3,"Compendium-Prices-2022pdf-464b22085495ff4e3f8700c0e00cf45d.pdf -- NPPA, ""Compendium of Ceiling Prices of Scheduled Drugs as on 10.08.2022"", Schedule-I / NLEM 2015",2022-08-10,Hydrocortisone,1 Tablet,1499(E),30.03.2022,23,false,true
hydrocortisone,Injection 100 mg Each Pack,43.21,21.1.3,"Compendium-Prices-2022pdf-464b22085495ff4e3f8700c0e00cf45d.pdf -- NPPA, ""Compendium of Ceiling Prices of Scheduled Drugs as on 10.08.2022"", Schedule-I / NLEM 2015",2022-08-10,Hydrocortisone,Each Pack,1499(E),30.03.2022,23,false,true
hydrocortisone,Injection 200 mg Each Pack,66.61,21.1.3,"Compendium-Prices-2022pdf-464b22085495ff4e3f8700c0e00cf45d.pdf -- NPPA, ""Compendium of Ceiling Prices of Scheduled Drugs as on 10.08.2022"", Schedule-I / NLEM 2015",2022-08-10,Hydrocortisone,Each Pack,1499(E),30.03.2022,23,false,true
hydrocortisone,Powder for Injection 100 mg Each Pack,43.21,21.1.3,"Compendium-Prices-2022pdf-464b22085495ff4e3f8700c0e00cf45d.pdf -- NPPA, ""Compendium of Ceiling Prices of Scheduled Drugs as on 10.08.2022"", Schedule-I / NLEM 2015",2022-08-10,Hydrocortisone,Each Pack,1499(E),30.03.2022,23,false,true
methylprednisolone,Tablet 8 mg 1 Tablet,5.66,21.1.4,"Compendium-Prices-2022pdf-464b22085495ff4e3f8700c0e00cf45d.pdf -- NPPA, ""Compendium of Ceiling Prices of Scheduled Drugs as on 10.08.2022"", Schedule-I / NLEM 2015",2022-08-10,Methylprednisolone,1 Tablet,1499(E),30.03.2022,23,false,true
methylprednisolone,Tablet 16 mg 1 Tablet,9.90,21.1.4,"Compendium-Prices-2022pdf-464b22085495ff4e3f8700c0e00cf45d.pdf -- NPPA, ""Compendium of Ceiling Prices of Scheduled Drugs as on 10.08.2022"", Schedule-I / NLEM 2015",2022-08-10,Methylprednisolone,1 Tablet,1499(E),30.03.2022,23,false,true
methylprednisolone,Tablet 32 mg,,21.1.4,"Compendium-Prices-2022pdf-464b22085495ff4e3f8700c0e00cf45d.pdf -- NPPA, ""Compendium of Ceiling Prices of Scheduled Drugs as on 10.08.2022"", Schedule-I / NLEM 2015",2022-08-10,Methylprednisolone,,,,23,false,true
methylprednisolone,Injection 40 mg/ml 1 ml,59.92,21.1.4,"Compendium-Prices-2022pdf-464b22085495ff4e3f8700c0e00cf45d.pdf -- NPPA, ""Compendium of Ceiling Prices of Scheduled Drugs as on 10.08.2022"", Schedule-I / NLEM 2015",2022-08-10,Methylprednisolone,1 ml,1499(E),30.03.2022,23,false,true
prednisolone,Drops 1% 1 ml,5.58,21.1.5,"Compendium-Prices-2022pdf-464b22085495ff4e3f8700c0e00cf45d.pdf -- NPPA, ""Compendium of Ceiling Prices of Scheduled Drugs as on 10.08.2022"", Schedule-I / NLEM 2015",2022-08-10,Prednisolone,1 ml,1499(E),30.03.2022,23,false,true
prednisolone,Injection 20 mg/2ml 1 ml,3.98,21.1.5,"Compendium-Prices-2022pdf-464b22085495ff4e3f8700c0e00cf45d.pdf -- NPPA, ""Compendium of Ceiling Prices of Scheduled Drugs as on 10.08.2022"", Schedule-I / NLEM 2015",2022-08-10,Prednisolone,1 ml,1499(E),30.03.2022,23,false,true
prednisolone,Oral Liquid 15 mg/ 5ml 1 ml,0.83,21.1.5,"Compendium-Prices-2022pdf-464b22085495ff4e3f8700c0e00cf45d.pdf -- NPPA, ""Compendium of Ceiling Prices of Scheduled Drugs as on 10.08.2022"", Schedule-I / NLEM 2015",2022-08-10,Prednisolone,1 ml,1499(E),30.03.2022,23,false,true
prednisolone,Oral Liquid 5 mg/ 5ml 1 ml,0.48,21.1.5,"Compendium-Prices-2022pdf-464b22085495ff4e3f8700c0e00cf45d.pdf -- NPPA, ""Compendium of Ceiling Prices of Scheduled Drugs as on 10.08.2022"", Schedule-I / NLEM 2015",2022-08-10,Prednisolone,1 ml,1499(E),30.03.2022,23,false,true
prednisolone,Tablet 10 mg 1 Tablet,1.09,21.1.5,"Compendium-Prices-2022pdf-464b22085495ff4e3f8700c0e00cf45d.pdf -- NPPA, ""Compendium of Ceiling Prices of Scheduled Drugs as on 10.08.2022"", Schedule-I / NLEM 2015",2022-08-10,Prednisolone,1 Tablet,1499(E),30.03.2022,23,false,true
prednisolone,Tablet 20 mg 1 Tablet,2.17,21.1.5,"Compendium-Prices-2022pdf-464b22085495ff4e3f8700c0e00cf45d.pdf -- NPPA, ""Compendium of Ceiling Prices of Scheduled Drugs as on 10.08.2022"", Schedule-I / NLEM 2015",2022-08-10,Prednisolone,1 Tablet,1499(E),30.03.2022,23,false,true
prednisolone,Tablet 40 mg 1 Tablet,3.12,21.1.5,"Compendium-Prices-2022pdf-464b22085495ff4e3f8700c0e00cf45d.pdf -- NPPA, ""Compendium of Ceiling Prices of Scheduled Drugs as on 10.08.2022"", Schedule-I / NLEM 2015",2022-08-10,Prednisolone,1 Tablet,1499(E),30.03.2022,23,false,true
prednisolone,Tablet 5 mg 1 Tablet,0.62,21.1.5,"Compendium-Prices-2022pdf-464b22085495ff4e3f8700c0e00cf45d.pdf -- NPPA, ""Compendium of Ceiling Prices of Scheduled Drugs as on 10.08.2022"", Schedule-I / NLEM 2015",2022-08-10,Prednisolone,1 Tablet,1499(E),30.03.2022,23,false,true
ethinyl estradiol|levonorgestrel,Tablet 0.03 mg (A) + 0.15 mg (B) 1 Tablet,3.83,21.2.1.1,"Compendium-Prices-2022pdf-464b22085495ff4e3f8700c0e00cf45d.pdf -- NPPA, ""Compendium of Ceiling Prices of Scheduled Drugs as on 10.08.2022"", Schedule-I / NLEM 2015",2022-08-10,Ethinylestradiol(A) + Levonorgestrel,1 Tablet,1499(E),30.03.2022,24,true,true
ethinyl estradiol|norethindrone,Tablet 0.035 mg (A) + 1 mg (B),,21.2.1.2,"Compendium-Prices-2022pdf-464b22085495ff4e3f8700c0e00cf45d.pdf -- NPPA, ""Compendium of Ceiling Prices of Scheduled Drugs as on 10.08.2022"", Schedule-I / NLEM 2015",2022-08-10,Ethinylestradiol(A) + Norethisterone,,,,24,true,true
hormone releasing iud,Contains 52 mg of Levonorgestrel 1 IUD,4295.01,21.2.2.1,"Compendium-Prices-2022pdf-464b22085495ff4e3f8700c0e00cf45d.pdf -- NPPA, ""Compendium of Ceiling Prices of Scheduled Drugs as on 10.08.2022"", Schedule-I / NLEM 2015",2022-08-10,Hormone releasing IUD,1 IUD,1499(E),30.03.2022,24,false,false
iud containing copper,As licensed 1 IUD,319.22,21.2.2.2,"Compendium-Prices-2022pdf-464b22085495ff4e3f8700c0e00cf45d.pdf -- NPPA, ""Compendium of Ceiling Prices of Scheduled Drugs as on 10.08.2022"", Schedule-I / NLEM 2015",2022-08-10,IUD containing Copper,1 IUD,1499(E),30.03.2022,24,false,false
condom,"As per the standards prescribed in Schedule R of Drugs and Cosmetics rules, 1945",,21.2.3.1,"Compendium-Prices-2022pdf-464b22085495ff4e3f8700c0e00cf45d.pdf -- NPPA, ""Compendium of Ceiling Prices of Scheduled Drugs as on 10.08.2022"", Schedule-I / NLEM 2015",2022-08-10,Condom,,,,24,false,false
ethinyl estradiol,Tablet 0.01 mg 1 Tablet,2.60,21.3.1,"Compendium-Prices-2022pdf-464b22085495ff4e3f8700c0e00cf45d.pdf -- NPPA, ""Compendium of Ceiling Prices of Scheduled Drugs as on 10.08.2022"", Schedule-I / NLEM 2015",2022-08-10,Ethinylestradiol,1 Tablet,1499(E),30.03.2022,24,false,true
ethinyl estradiol,Tablet 0.05 mg 1 Tablet,4.16,21.3.1,"Compendium-Prices-2022pdf-464b22085495ff4e3f8700c0e00cf45d.pdf -- NPPA, ""Compendium of Ceiling Prices of Scheduled Drugs as on 10.08.2022"", Schedule-I / NLEM 2015",2022-08-10,Ethinylestradiol,1 Tablet,1499(E),30.03.2022,24,false,true
levonorgestrel,Tablet 0.75 mg 1 Tablet,25.55,21.3.2,"Compendium-Prices-2022pdf-464b22085495ff4e3f8700c0e00cf45d.pdf -- NPPA, ""Compendium of Ceiling Prices of Scheduled Drugs as on 10.08.2022"", Schedule-I / NLEM 2015",2022-08-10,Levonorgestrel,1 Tablet,1499(E),30.03.2022,24,false,true
glimepiride,Tablet 1 mg 1 Tablet,3.99,21.4.1.1,"Compendium-Prices-2022pdf-464b22085495ff4e3f8700c0e00cf45d.pdf -- NPPA, ""Compendium of Ceiling Prices of Scheduled Drugs as on 10.08.2022"", Schedule-I / NLEM 2015",2022-08-10,Glimepiride,1 Tablet,1499(E),30.03.2022,24,false,true
glimepiride,Tablet 2 mg 1 Tablet,6.34,21.4.1.1,"Compendium-Prices-2022pdf-464b22085495ff4e3f8700c0e00cf45d.pdf -- NPPA, ""Compendium of Ceiling Prices of Scheduled Drugs as on 10.08.2022"", Schedule-I / NLEM 2015",2022-08-10,Glimepiride,1 Tablet,1499(E),30.03.2022,24,false,true
insulin,Injection 40 IU/ml 1 ml,16.71,21.4.1.2,"Compendium-Prices-2022pdf-464b22085495ff4e3f8700c0e00cf45d.pdf -- NPPA, ""Compendium of Ceiling Prices of Scheduled Drugs as on 10.08.2022"", Schedule-I / NLEM 2015",2022-08-10,Insulin (Soluble),1 ml,1499(E),30.03.2022,24,false,false
intermediate acting insulin,Injection 40 IU/ml 1 ml,16.71,21.4.1.3,"Compendium-Prices-2022pdf-464b22085495ff4e3f8700c0e00cf45d.pdf -- NPPA, ""Compendium of Ceiling Prices of Scheduled Drugs as on 10.08.2022"", Schedule-I / NLEM 2015",2022-08-10,Intermediate Acting (NPH) Insulin,1 ml,1499(E),30.03.2022,24,false,false
metformin,Tablet 500 mg(Controlled release) 1 Tablet,2.13,21.4.1.4,"Compendium-Prices-2022pdf-464b22085495ff4e3f8700c0e00cf45d.pdf -- NPPA, ""Compendium of Ceiling Prices of Scheduled Drugs as on 10.08.2022"", Schedule-I / NLEM 2015",2022-08-10,Metformin,1 Tablet,1499(E),30.03.2022,24,false,true
metformin,Tablet 500 mg(Immediate release) 1 Tablet,1.67,21.4.1.4,"Compendium-Prices-2022pdf-464b22085495ff4e3f8700c0e00cf45d.pdf -- NPPA, ""Compendium of Ceiling Prices of Scheduled Drugs as on 10.08.2022"", Schedule-I / NLEM 2015",2022-08-10,Metformin,1 Tablet,1499(E),30.03.2022,24,false,true
metformin,Tablet 750 mg(Controlled release) 1 Tablet,2.66,21.4.1.4,"Compendium-Prices-2022pdf-464b22085495ff4e3f8700c0e00cf45d.pdf -- NPPA, ""Compendium of Ceiling Prices of Scheduled Drugs as on 10.08.2022"", Schedule-I / NLEM 2015",2022-08-10,Metformin,1 Tablet,1499(E),30.03.2022,24,false,true
metformin,Tablet 750 mg(Immediate release) 1 Tablet,3.38,21.4.1.4,"Compendium-Prices-2022pdf-464b22085495ff4e3f8700c0e00cf45d.pdf -- NPPA, ""Compendium of Ceiling Prices of Scheduled Drugs as on 10.08.2022"", Schedule-I / NLEM 2015",2022-08-10,Metformin,1 Tablet,1499(E),30.03.2022,24,false,true
metformin,Tablet 1000 mg(Immediate and ) 1 Tablet,4.00,21.4.1.4,"Compendium-Prices-2022pdf-464b22085495ff4e3f8700c0e00cf45d.pdf -- NPPA, ""Compendium of Ceiling Prices of Scheduled Drugs as on 10.08.2022"", Schedule-I / NLEM 2015",2022-08-10,Metformin,1 Tablet,1499(E),30.03.2022,24,false,true
metformin,Tablet 1000 mg(Controlled release 1 Tablet,4.05,21.4.1.4,"Compendium-Prices-2022pdf-464b22085495ff4e3f8700c0e00cf45d.pdf -- NPPA, ""Compendium of Ceiling Prices of Scheduled Drugs as on 10.08.2022"", Schedule-I / NLEM 2015",2022-08-10,Metformin,1 Tablet,1499(E),30.03.2022,24,false,true
premix insulin,Injection 40 IU/ml 1 ml,16.71,21.4.1.5,"Compendium-Prices-2022pdf-464b22085495ff4e3f8700c0e00cf45d.pdf -- NPPA, ""Compendium of Ceiling Prices of Scheduled Drugs as on 10.08.2022"", Schedule-I / NLEM 2015",2022-08-10,Premix Insulin 30:70 Injection (Regular:NPH),1 ml,1499(E),30.03.2022,24,false,false
glucose,Injection 25 % 1 ml,0.19,21.4.2.1,"Compendium-Prices-2022pdf-464b22085495ff4e3f8700c0e00cf45d.pdf -- NPPA, ""Compendium of Ceiling Prices of Scheduled Drugs as on 10.08.2022"", Schedule-I / NLEM 2015",2022-08-10,Glucose,1 ml,1499(E),30.03.2022,24,false,false
clomifene,Tablet 50 mg 1 Tablet,9.24,21.5.1,"Compendium-Prices-2022pdf-464b22085495ff4e3f8700c0e00cf45d.pdf -- NPPA, ""Compendium of Ceiling Prices of Scheduled Drugs as on 10.08.2022"", Schedule-I / NLEM 2015",2022-08-10,Clomiphene,1 Tablet,1499(E),30.03.2022,24,false,true
clomifene,Tablet 100 mg 1 Tablet,13.57,21.5.1,"Compendium-Prices-2022pdf-464b22085495ff4e3f8700c0e00cf45d.pdf -- NPPA, ""Compendium of Ceiling Prices of Scheduled Drugs as on 10.08.2022"", Schedule-I / NLEM 2015",2022-08-10,Clomiphene,1 Tablet,1499(E),30.03.2022,24,false,true
clomifene,Capsule 100 mg 1 Capsule,61.81,21.5.1,"Compendium-Prices-2022pdf-464b22085495ff4e3f8700c0e00cf45d.pdf -- NPPA, ""Compendium of Ceiling Prices of Scheduled Drugs as on 10.08.2022"", Schedule-I / NLEM 2015",2022-08-10,Clomiphene,1 Capsule,1499(E),30.03.2022,24,false,true
clomifene,Capsule 50 mg 1 Capsule,33.99,21.5.1,"Compendium-Prices-2022pdf-464b22085495ff4e3f8700c0e00cf45d.pdf -- NPPA, ""Compendium of Ceiling Prices of Scheduled Drugs as on 10.08.2022"", Schedule-I / NLEM 2015",2022-08-10,Clomiphene,1 Capsule,1499(E),30.03.2022,24,false,true
medroxyprogesterone,Tablet 5 mg,,21.6.1,"Compendium-Prices-2022pdf-464b22085495ff4e3f8700c0e00cf45d.pdf -- NPPA, ""Compendium of Ceiling Prices of Scheduled Drugs as on 10.08.2022"", Schedule-I / NLEM 2015",2022-08-10,Medroxyprogesterone acetate,,,,24,false,true
medroxyprogesterone,Tablet 10 mg 1 Tablet,5.98,21.6.1,"Compendium-Prices-2022pdf-464b22085495ff4e3f8700c0e00cf45d.pdf -- NPPA, ""Compendium of Ceiling Prices of Scheduled Drugs as on 10.08.2022"", Schedule-I / NLEM 2015",2022-08-10,Medroxyprogesterone acetate,1 Tablet,1499(E),30.03.2022,24,false,true
norethindrone,Tablet 5 mg 1 Tablet,5.67,21.6.2,"Compendium-Prices-2022pdf-464b22085495ff4e3f8700c0e00cf45d.pdf -- NPPA, ""Compendium of Ceiling Prices of Scheduled Drugs as on 10.08.2022"", Schedule-I / NLEM 2015",2022-08-10,Norethisterone,1 Tablet,1499(E),30.03.2022,24,false,true
carbimazole,Tablet 5 mg 1 Tablet,2.12,21.7.1,"Compendium-Prices-2022pdf-464b22085495ff4e3f8700c0e00cf45d.pdf -- NPPA, ""Compendium of Ceiling Prices of Scheduled Drugs as on 10.08.2022"", Schedule-I / NLEM 2015",2022-08-10,Carbimazole,1 Tablet,1499(E),30.03.2022,24,false,true
carbimazole,"Tablet 10 mg available in market such as 12.5, 25, 50, 62.5,75, 88, 100, 1 Tablet",4.11,21.7.1,"Compendium-Prices-2022pdf-464b22085495ff4e3f8700c0e00cf45d.pdf -- NPPA, ""Compendium of Ceiling Prices of Scheduled Drugs as on 10.08.2022"", Schedule-I / NLEM 2015",2022-08-10,Carbimazole,1 Tablet,1499(E),30.03.2022,24,false,true
carbimazole,112 mcg. Therefore it was considered to give a range of available strengths),,21.7.1,"Compendium-Prices-2022pdf-464b22085495ff4e3f8700c0e00cf45d.pdf -- NPPA, ""Compendium of Ceiling Prices of Scheduled Drugs as on 10.08.2022"", Schedule-I / NLEM 2015",2022-08-10,Carbimazole,,,,25,false,true
carbimazole,Tablet 12.5 mcg 1 Tablet,1.50,21.7.1,"Compendium-Prices-2022pdf-464b22085495ff4e3f8700c0e00cf45d.pdf -- NPPA, ""Compendium of Ceiling Prices of Scheduled Drugs as on 10.08.2022"", Schedule-I / NLEM 2015",2022-08-10,Carbimazole,1 Tablet,1499(E),30.03.2022,25,false,true
carbimazole,Tablet 25 mcg 1 Tablet,1.45,21.7.1,"Compendium-Prices-2022pdf-464b22085495ff4e3f8700c0e00cf45d.pdf -- NPPA, ""Compendium of Ceiling Prices of Scheduled Drugs as on 10.08.2022"", Schedule-I / NLEM 2015",2022-08-10,Carbimazole,1 Tablet,1499(E),30.03.2022,25,false,true
carbimazole,Tablet 37.50 mcg 1 Tablet,1.31,21.7.1,"Compendium-Prices-2022pdf-464b22085495ff4e3f8700c0e00cf45d.pdf -- NPPA, ""Compendium of Ceiling Prices of Scheduled Drugs as on 10.08.2022"", Schedule-I / NLEM 2015",2022-08-10,Carbimazole,1 Tablet,1499(E),30.03.2022,25,false,true
carbimazole,Tablet 50 mcg 1 Tablet,1.10,21.7.1,"Compendium-Prices-2022pdf-464b22085495ff4e3f8700c0e00cf45d.pdf -- NPPA, ""Compendium of Ceiling Prices of Scheduled Drugs as on 10.08.2022"", Schedule-I / NLEM 2015",2022-08-10,Carbimazole,1 Tablet,1499(E),30.03.2022,25,false,true
carbimazole,Tablet 62.5mcg 1 Tablet,1.56,21.7.1,"Compendium-Prices-2022pdf-464b22085495ff4e3f8700c0e00cf45d.pdf -- NPPA, ""Compendium of Ceiling Prices of Scheduled Drugs as on 10.08.2022"", Schedule-I / NLEM 2015",2022-08-10,Carbimazole,1 Tablet,1499(E),30.03.2022,25,false,true
carbimazole,Tablet 75 mcg 1 Tablet,1.44,21.7.1,"Compendium-Prices-2022pdf-464b22085495ff4e3f8700c0e00cf45d.pdf -- NPPA, ""Compendium of Ceiling Prices of Scheduled Drugs as on 10.08.2022"", Schedule-I / NLEM 2015",2022-08-10,Carbimazole,1 Tablet,1499(E),30.03.2022,25,false,true
carbimazole,Tablet 88 mcg 1 Tablet,1.71,21.7.1,"Compendium-Prices-2022pdf-464b22085495ff4e3f8700c0e00cf45d.pdf -- NPPA, ""Compendium of Ceiling Prices of Scheduled Drugs as on 10.08.2022"", Schedule-I / NLEM 2015",2022-08-10,Carbimazole,1 Tablet,1499(E),30.03.2022,25,false,true
carbimazole,Tablet 100 mcg 1 Tablet,1.33,21.7.1,"Compendium-Prices-2022pdf-464b22085495ff4e3f8700c0e00cf45d.pdf -- NPPA, ""Compendium of Ceiling Prices of Scheduled Drugs as on 10.08.2022"", Schedule-I / NLEM 2015",2022-08-10,Carbimazole,1 Tablet,1499(E),30.03.2022,25,false,true
carbimazole,Tablet 112mcg 1 Tablet,1.60,21.7.1,"Compendium-Prices-2022pdf-464b22085495ff4e3f8700c0e00cf45d.pdf -- NPPA, ""Compendium of Ceiling Prices of Scheduled Drugs as on 10.08.2022"", Schedule-I / NLEM 2015",2022-08-10,Carbimazole,1 Tablet,1499(E),30.03.2022,25,false,true
carbimazole,Tablet 125 mcg 1 Tablet,1.71,21.7.1,"Compendium-Prices-2022pdf-464b22085495ff4e3f8700c0e00cf45d.pdf -- NPPA, ""Compendium of Ceiling Prices of Scheduled Drugs as on 10.08.2022"", Schedule-I / NLEM 2015",2022-08-10,Carbimazole,1 Tablet,1499(E),30.03.2022,25,false,true
carbimazole,Tablet 150 mcg 1 Tablet,1.72,21.7.1,"Compendium-Prices-2022pdf-464b22085495ff4e3f8700c0e00cf45d.pdf -- NPPA, ""Compendium of Ceiling Prices of Scheduled Drugs as on 10.08.2022"", Schedule-I / NLEM 2015",2022-08-10,Carbimazole,1 Tablet,1499(E),30.03.2022,25,false,true
tuberculin purified protein derivative,,,22.1.1,"Compendium-Prices-2022pdf-464b22085495ff4e3f8700c0e00cf45d.pdf -- NPPA, ""Compendium of Ceiling Prices of Scheduled Drugs as on 10.08.2022"", Schedule-I / NLEM 2015",2022-08-10,"Tuberculin, Purified Protein derivative",,,,25,false,false
anti-rabies immunoglobulin,Injection 150 IU/ml 1 ml,3080.46,22.2.1,"Compendium-Prices-2022pdf-464b22085495ff4e3f8700c0e00cf45d.pdf -- NPPA, ""Compendium of Ceiling Prices of Scheduled Drugs as on 10.08.2022"", Schedule-I / NLEM 2015",2022-08-10,Anti-rabies immunoglobulin,1 ml,1499(E),30.03.2022,25,false,false
anti-rabies immunoglobulin,Injection 300 IU/ml 1 ml,108.60,22.2.1,"Compendium-Prices-2022pdf-464b22085495ff4e3f8700c0e00cf45d.pdf -- NPPA, ""Compendium of Ceiling Prices of Scheduled Drugs as on 10.08.2022"", Schedule-I / NLEM 2015",2022-08-10,Anti-rabies immunoglobulin,1 ml,1499(E),30.03.2022,25,false,false
anti-tetanus immunoglobulin,250IU Each Pack,1233.92,22.2.2,"Compendium-Prices-2022pdf-464b22085495ff4e3f8700c0e00cf45d.pdf -- NPPA, ""Compendium of Ceiling Prices of Scheduled Drugs as on 10.08.2022"", Schedule-I / NLEM 2015",2022-08-10,Anti-tetanus immunoglobulin,Each Pack,1499(E),30.03.2022,25,false,false
anti-d immunoglobulin,Injection 300mcg Each Pack,2370.03,22.2.3,"Compendium-Prices-2022pdf-464b22085495ff4e3f8700c0e00cf45d.pdf -- NPPA, ""Compendium of Ceiling Prices of Scheduled Drugs as on 10.08.2022"", Schedule-I / NLEM 2015",2022-08-10,Anti-D immunoglobulin,Each Pack,1499(E),30.03.2022,25,false,true
anti-d immunoglobulin,Injection 150mcg Each Vial,1847.36,22.2.3,"Compendium-Prices-2022pdf-464b22085495ff4e3f8700c0e00cf45d.pdf -- NPPA, ""Compendium of Ceiling Prices of Scheduled Drugs as on 10.08.2022"", Schedule-I / NLEM 2015",2022-08-10,Anti-D immunoglobulin,Each Vial,1499(E),30.03.2022,25,false,true
diphtheria antitoxin,10000 IU Each Pack,1455.21,22.2.4,"Compendium-Prices-2022pdf-464b22085495ff4e3f8700c0e00cf45d.pdf -- NPPA, ""Compendium of Ceiling Prices of Scheduled Drugs as on 10.08.2022"", Schedule-I / NLEM 2015",2022-08-10,Diphtheria antitoxin,Each Pack,1499(E),30.03.2022,25,false,false
hepatitis b immunoglobulin,Each Pack,6116.13,22.2.5,"Compendium-Prices-2022pdf-464b22085495ff4e3f8700c0e00cf45d.pdf -- NPPA, ""Compendium of Ceiling Prices of Scheduled Drugs as on 10.08.2022"", Schedule-I / NLEM 2015",2022-08-10,Hepatitis B immunoglobulin,Each Pack,1499(E),30.03.2022,25,false,false
human normal immunoglobulin,Solution for infusion 5% 1 ml,171.30,22.2.6,"Compendium-Prices-2022pdf-464b22085495ff4e3f8700c0e00cf45d.pdf -- NPPA, ""Compendium of Ceiling Prices of Scheduled Drugs as on 10.08.2022"", Schedule-I / NLEM 2015",2022-08-10,Human normal immunoglobulin,1 ml,1499(E),30.03.2022,25,false,true
human normal immunoglobulin,Solution for infusion 10% 1 ml,231.92,22.2.6,"Compendium-Prices-2022pdf-464b22085495ff4e3f8700c0e00cf45d.pdf -- NPPA, ""Compendium of Ceiling Prices of Scheduled Drugs as on 10.08.2022"", Schedule-I / NLEM 2015",2022-08-10,Human normal immunoglobulin,1 ml,1499(E),30.03.2022,25,false,true
human normal immunoglobulin,Solution for infusion 16.5% 1 ml,441.03,22.2.6,"Compendium-Prices-2022pdf-464b22085495ff4e3f8700c0e00cf45d.pdf -- NPPA, ""Compendium of Ceiling Prices of Scheduled Drugs as on 10.08.2022"", Schedule-I / NLEM 2015",2022-08-10,Human normal immunoglobulin,1 ml,1499(E),31.03.2021,25,false,true
snake venom antiserum,,,22.2.7,"Compendium-Prices-2022pdf-464b22085495ff4e3f8700c0e00cf45d.pdf -- NPPA, ""Compendium of Ceiling Prices of Scheduled Drugs as on 10.08.2022"", Schedule-I / NLEM 2015",2022-08-10,Snake venom antiserum,,,,25,false,false
soluble polyvalent,Injection Each Pack (10,480.46,22.2.7,"Compendium-Prices-2022pdf-464b22085495ff4e3f8700c0e00cf45d.pdf -- NPPA, ""Compendium of Ceiling Prices of Scheduled Drugs as on 10.08.2022"", Schedule-I / NLEM 2015",2022-08-10,a) Soluble/ liquid polyvalent,Each Pack (10,1499(E),30.03.2022,25,false,false
lyophilized polyvalent,Powder for Injection 10 ml Pack,618.71,22.2.7,"Compendium-Prices-2022pdf-464b22085495ff4e3f8700c0e00cf45d.pdf -- NPPA, ""Compendium of Ceiling Prices of Scheduled Drugs as on 10.08.2022"", Schedule-I / NLEM 2015",2022-08-10,b) Lyophilized polyvalent,10 ml Pack,1499(E),30.03.2022,25,false,false
dpt|hib|hep b vaccine,Per 0.1 ml,89.18,22.3.1.2,"Compendium-Prices-2022pdf-464b22085495ff4e3f8700c0e00cf45d.pdf -- NPPA, ""Compendium of Ceiling Prices of Scheduled Drugs as on 10.08.2022"", Schedule-I / NLEM 2015",2022-08-10,DPT + Hib + Hep B vaccine,Per 0.1 ml,1499(E),30.03.2022,26,true,false
dpt vaccine,Per 0.5 ml,15.73,22.3.1.3,"Compendium-Prices-2022pdf-464b22085495ff4e3f8700c0e00cf45d.pdf -- NPPA, ""Compendium of Ceiling Prices of Scheduled Drugs as on 10.08.2022"", Schedule-I / NLEM 2015",2022-08-10,DPT vaccine,Per 0.5 ml,1499(E),30.03.2022,26,false,false
hepatitis b vaccine,1 ml,86.95,22.3.1.4,"Compendium-Prices-2022pdf-464b22085495ff4e3f8700c0e00cf45d.pdf -- NPPA, ""Compendium of Ceiling Prices of Scheduled Drugs as on 10.08.2022"", Schedule-I / NLEM 2015",2022-08-10,Hepatitis B vaccine,1 ml,1499(E),30.03.2022,26,false,false
japanese encephalitis vaccine,4mcg to 6mcg Each Pack,774.52,22.3.1.5,"Compendium-Prices-2022pdf-464b22085495ff4e3f8700c0e00cf45d.pdf -- NPPA, ""Compendium of Ceiling Prices of Scheduled Drugs as on 10.08.2022"", Schedule-I / NLEM 2015",2022-08-10,Japanese encephalitis vaccine,Each Pack,1499(E),30.03.2022,26,false,false
japanese encephalitis vaccine,up to 3mcg Each Pack,590.07,22.3.1.5,"Compendium-Prices-2022pdf-464b22085495ff4e3f8700c0e00cf45d.pdf -- NPPA, ""Compendium of Ceiling Prices of Scheduled Drugs as on 10.08.2022"", Schedule-I / NLEM 2015",2022-08-10,Japanese encephalitis vaccine,Each Pack,1499(E),30.03.2022,26,false,false
measles vaccine,Vaccine Each Pack,56.61,22.3.1.6,"Compendium-Prices-2022pdf-464b22085495ff4e3f8700c0e00cf45d.pdf -- NPPA, ""Compendium of Ceiling Prices of Scheduled Drugs as on 10.08.2022"", Schedule-I / NLEM 2015",2022-08-10,Measles vaccine,Each Pack,1499(E),30.03.2022,26,false,false
poliomyelitis vaccine,1 ml,113.86,22.3.1.7,"Compendium-Prices-2022pdf-464b22085495ff4e3f8700c0e00cf45d.pdf -- NPPA, ""Compendium of Ceiling Prices of Scheduled Drugs as on 10.08.2022"", Schedule-I / NLEM 2015",2022-08-10,Oral poliomyelitis vaccine,1 ml,1499(E),30.03.2022,26,false,false
tetanus toxoid,Injection Each Pack,12.04,22.3.1.8,"Compendium-Prices-2022pdf-464b22085495ff4e3f8700c0e00cf45d.pdf -- NPPA, ""Compendium of Ceiling Prices of Scheduled Drugs as on 10.08.2022"", Schedule-I / NLEM 2015",2022-08-10,Tetanus toxoid,Each Pack,1499(E),30.03.2022,26,false,false
tetanus toxoid,Injection Each Pack (5 ml),26.03,22.3.1.8,"Compendium-Prices-2022pdf-464b22085495ff4e3f8700c0e00cf45d.pdf -- NPPA, ""Compendium of Ceiling Prices of Scheduled Drugs as on 10.08.2022"", Schedule-I / NLEM 2015",2022-08-10,Tetanus toxoid,Each Pack (5 ml),1499(E),30.03.2022,26,false,false
rabies vaccine,Each Pack,379.43,22.3.2.1,"Compendium-Prices-2022pdf-464b22085495ff4e3f8700c0e00cf45d.pdf -- NPPA, ""Compendium of Ceiling Prices of Scheduled Drugs as on 10.08.2022"", Schedule-I / NLEM 2015",2022-08-10,Rabies vaccine,Each Pack,1499(E),30.03.2022,26,false,false
atracurium,Injection 10 mg/ml Each Pack,58.21,23.1,"Compendium-Prices-2022pdf-464b22085495ff4e3f8700c0e00cf45d.pdf -- NPPA, ""Compendium of Ceiling Prices of Scheduled Drugs as on 10.08.2022"", Schedule-I / NLEM 2015",2022-08-10,Atracurium,Each Pack,1499(E),30.03.2022,26,false,true
baclofen,Tablet 5 mg 1 Tablet,6.15,23.2,"Compendium-Prices-2022pdf-464b22085495ff4e3f8700c0e00cf45d.pdf -- NPPA, ""Compendium of Ceiling Prices of Scheduled Drugs as on 10.08.2022"", Schedule-I / NLEM 2015",2022-08-10,Baclofen,1 Tablet,1499(E),30.03.2022,26,false,true
baclofen,Tablet 10 mg 1 Tablet,11.94,23.2,"Compendium-Prices-2022pdf-464b22085495ff4e3f8700c0e00cf45d.pdf -- NPPA, ""Compendium of Ceiling Prices of Scheduled Drugs as on 10.08.2022"", Schedule-I / NLEM 2015",2022-08-10,Baclofen,1 Tablet,1499(E),30.03.2022,26,false,true
baclofen,Tablet 20 mg 1 Tablet,16.43,23.2,"Compendium-Prices-2022pdf-464b22085495ff4e3f8700c0e00cf45d.pdf -- NPPA, ""Compendium of Ceiling Prices of Scheduled Drugs as on 10.08.2022"", Schedule-I / NLEM 2015",2022-08-10,Baclofen,1 Tablet,1499(E),30.03.2022,26,false,true
neostigmine,Tablet 15 mg 1 Tablet,5.18,23.3,"Compendium-Prices-2022pdf-464b22085495ff4e3f8700c0e00cf45d.pdf -- NPPA, ""Compendium of Ceiling Prices of Scheduled Drugs as on 10.08.2022"", Schedule-I / NLEM 2015",2022-08-10,Neostigmine,1 Tablet,1499(E),30.03.2022,26,false,false
neostigmine,Injection 0.5 mg/ml 1 ml,4.83,23.3,"Compendium-Prices-2022pdf-464b22085495ff4e3f8700c0e00cf45d.pdf -- NPPA, ""Compendium of Ceiling Prices of Scheduled Drugs as on 10.08.2022"", Schedule-I / NLEM 2015",2022-08-10,Neostigmine,1 ml,1499(E),30.03.2022,26,false,false
succinylcholine,Injection 50 mg/ml 1 ml,5.37,23.4,"Compendium-Prices-2022pdf-464b22085495ff4e3f8700c0e00cf45d.pdf -- NPPA, ""Compendium of Ceiling Prices of Scheduled Drugs as on 10.08.2022"", Schedule-I / NLEM 2015",2022-08-10,Succinylcholine,1 ml,1499(E),30.03.2022,26,false,false
vecuronium,Powder for Injection 4 mg Each Pack,101.32,23.5,"Compendium-Prices-2022pdf-464b22085495ff4e3f8700c0e00cf45d.pdf -- NPPA, ""Compendium of Ceiling Prices of Scheduled Drugs as on 10.08.2022"", Schedule-I / NLEM 2015",2022-08-10,Vecuronium,Each Pack,1499(E),30.03.2022,26,false,true
vecuronium,Powder for Injection 10 mg Each Pack,209.93,23.5,"Compendium-Prices-2022pdf-464b22085495ff4e3f8700c0e00cf45d.pdf -- NPPA, ""Compendium of Ceiling Prices of Scheduled Drugs as on 10.08.2022"", Schedule-I / NLEM 2015",2022-08-10,Vecuronium,Each Pack,1499(E),30.03.2022,26,false,true
alprostadil,Injection 0.5 mg/ml 1 ml,6288.11,24.1,"Compendium-Prices-2022pdf-464b22085495ff4e3f8700c0e00cf45d.pdf -- NPPA, ""Compendium of Ceiling Prices of Scheduled Drugs as on 10.08.2022"", Schedule-I / NLEM 2015",2022-08-10,Alprostadil,1 ml,1499(E),30.03.2022,26,false,false
caffeine,Oral liquid 20 mg/ml 1 ml,236.71,24.2,"Compendium-Prices-2022pdf-464b22085495ff4e3f8700c0e00cf45d.pdf -- NPPA, ""Compendium of Ceiling Prices of Scheduled Drugs as on 10.08.2022"", Schedule-I / NLEM 2015",2022-08-10,Caffeine,1 ml,1499(E),30.03.2022,26,false,true
caffeine,Injection 20 mg/ml 1 ml,278.70,24.2,"Compendium-Prices-2022pdf-464b22085495ff4e3f8700c0e00cf45d.pdf -- NPPA, ""Compendium of Ceiling Prices of Scheduled Drugs as on 10.08.2022"", Schedule-I / NLEM 2015",2022-08-10,Caffeine,1 ml,1499(E),30.03.2022,26,false,true
surfactant,Suspension for intratracheal instillation (As liensed) Per mg of,74.27,24.3,"Compendium-Prices-2022pdf-464b22085495ff4e3f8700c0e00cf45d.pdf -- NPPA, ""Compendium of Ceiling Prices of Scheduled Drugs as on 10.08.2022"", Schedule-I / NLEM 2015",2022-08-10,Surfactant,Per mg of,1499(E),30.03.2022,26,false,false
acyclovir,Ointment 3% 1 gm,11.56,25.1.1,"Compendium-Prices-2022pdf-464b22085495ff4e3f8700c0e00cf45d.pdf -- NPPA, ""Compendium of Ceiling Prices of Scheduled Drugs as on 10.08.2022"", Schedule-I / NLEM 2015",2022-08-10,Acyclovir,1 gm,1499(E),30.03.2022,26,false,true
ciprofloxacin,Drops 0.3 % 1 ml,1.69,25.1.2,"Compendium-Prices-2022pdf-464b22085495ff4e3f8700c0e00cf45d.pdf -- NPPA, ""Compendium of Ceiling Prices of Scheduled Drugs as on 10.08.2022"", Schedule-I / NLEM 2015",2022-08-10,Ciprofloxacin,1 ml,1499(E),30.03.2022,26,false,true
ciprofloxacin,Ointment 0.3% 1 gm,1.26,25.1.2,"Compendium-Prices-2022pdf-464b22085495ff4e3f8700c0e00cf45d.pdf -- NPPA, ""Compendium of Ceiling Prices of Scheduled Drugs as on 10.08.2022"", Schedule-I / NLEM 2015",2022-08-10,Ciprofloxacin,1 gm,1499(E),30.03.2022,26,false,true
erythromycin,Ointment 0.5%,,25.1.3,"Compendium-Prices-2022pdf-464b22085495ff4e3f8700c0e00cf45d.pdf -- NPPA, ""Compendium of Ceiling Prices of Scheduled Drugs as on 10.08.2022"", Schedule-I / NLEM 2015",2022-08-10,Erythromycin,,,,26,false,true
gentamicin,Drops 0.3% 1 ml,1.01,25.1.4,"Compendium-Prices-2022pdf-464b22085495ff4e3f8700c0e00cf45d.pdf -- NPPA, ""Compendium of Ceiling Prices of Scheduled Drugs as on 10.08.2022"", Schedule-I / NLEM 2015",2022-08-10,Gentamicin,1 ml,1499(E),30.03.2022,26,false,true
natamycin,Drops 5% 1 ml,25.32,25.1.5,"Compendium-Prices-2022pdf-464b22085495ff4e3f8700c0e00cf45d.pdf -- NPPA, ""Compendium of Ceiling Prices of Scheduled Drugs as on 10.08.2022"", Schedule-I / NLEM 2015",2022-08-10,Natamycin,1 ml,1499(E),30.03.2022,26,false,true
povidone-iodine,Drops 0.6%,,25.1.6,"Compendium-Prices-2022pdf-464b22085495ff4e3f8700c0e00cf45d.pdf -- NPPA, ""Compendium of Ceiling Prices of Scheduled Drugs as on 10.08.2022"", Schedule-I / NLEM 2015",2022-08-10,Povidone iodine,,,,26,false,true
povidone-iodine,Drops 5%,,25.1.6,"Compendium-Prices-2022pdf-464b22085495ff4e3f8700c0e00cf45d.pdf -- NPPA, ""Compendium of Ceiling Prices of Scheduled Drugs as on 10.08.2022"", Schedule-I / NLEM 2015",2022-08-10,Povidone iodine,,,,26,false,true
prednisolone,Drops 1% 1 ml,5.58,25.2.1,"Compendium-Prices-2022pdf-464b22085495ff4e3f8700c0e00cf45d.pdf -- NPPA, ""Compendium of Ceiling Prices of Scheduled Drugs as on 10.08.2022"", Schedule-I / NLEM 2015",2022-08-10,Prednisolone,1 ml,1499(E),30.03.2022,26,false,true
proparacaine,Drops 0.5% 1 ml,11.07,25.3.1,"Compendium-Prices-2022pdf-464b22085495ff4e3f8700c0e00cf45d.pdf -- NPPA, ""Compendium of Ceiling Prices of Scheduled Drugs as on 10.08.2022"", Schedule-I / NLEM 2015",2022-08-10,Proparacaine,1 ml,1499(E),30.03.2022,26,false,false
acetazolamide,Tablet 250 mg 1 Tablet,4.07,25.4.1,"Compendium-Prices-2022pdf-464b22085495ff4e3f8700c0e00cf45d.pdf -- NPPA, ""Compendium of Ceiling Prices of Scheduled Drugs as on 10.08.2022"", Schedule-I / NLEM 2015",2022-08-10,Acetazolamide,1 Tablet,1499(E),30.03.2022,26,false,true
acetazolamide,Capsule 250 mg 1 Capsule,5.02,25.4.1,"Compendium-Prices-2022pdf-464b22085495ff4e3f8700c0e00cf45d.pdf -- NPPA, ""Compendium of Ceiling Prices of Scheduled Drugs as on 10.08.2022"", Schedule-I / NLEM 2015",2022-08-10,Acetazolamide,1 Capsule,1499(E),30.03.2022,26,false,true
pilocarpine,Drops 2% 1 ml,11.22,25.4.2,"Compendium-Prices-2022pdf-464b22085495ff4e3f8700c0e00cf45d.pdf -- NPPA, ""Compendium of Ceiling Prices of Scheduled Drugs as on 10.08.2022"", Schedule-I / NLEM 2015",2022-08-10,Pilocarpine,1 ml,1499(E),30.03.2022,26,false,true
pilocarpine,Drops 4% 1 ml,12.97,25.4.2,"Compendium-Prices-2022pdf-464b22085495ff4e3f8700c0e00cf45d.pdf -- NPPA, ""Compendium of Ceiling Prices of Scheduled Drugs as on 10.08.2022"", Schedule-I / NLEM 2015",2022-08-10,Pilocarpine,1 ml,1499(E),30.03.2022,26,false,true
atropine,Drops 1% 1 ml,3.81,25.5.1,"Compendium-Prices-2022pdf-464b22085495ff4e3f8700c0e00cf45d.pdf -- NPPA, ""Compendium of Ceiling Prices of Scheduled Drugs as on 10.08.2022"", Schedule-I / NLEM 2015",2022-08-10,Atropine,1 ml,1499(E),30.03.2022,27,false,true
atropine,Ointment 1% 1 gm,4.20,25.5.1,"Compendium-Prices-2022pdf-464b22085495ff4e3f8700c0e00cf45d.pdf -- NPPA, ""Compendium of Ceiling Prices of Scheduled Drugs as on 10.08.2022"", Schedule-I / NLEM 2015",2022-08-10,Atropine,1 gm,1499(E),30.03.2022,27,false,true
homatropine,Drops 2% 1 ml,6.89,25.5.2,"Compendium-Prices-2022pdf-464b22085495ff4e3f8700c0e00cf45d.pdf -- NPPA, ""Compendium of Ceiling Prices of Scheduled Drugs as on 10.08.2022"", Schedule-I / NLEM 2015",2022-08-10,Homatropine,1 ml,1499(E),30.03.2022,27,false,true
phenylephrine,Drops 5% 1 ml,4.14,25.5.3,"Compendium-Prices-2022pdf-464b22085495ff4e3f8700c0e00cf45d.pdf -- NPPA, ""Compendium of Ceiling Prices of Scheduled Drugs as on 10.08.2022"", Schedule-I / NLEM 2015",2022-08-10,Phenylephrine,1 ml,1499(E),30.03.2022,27,false,true
phenylephrine,Drops 10 % 1 ml,8.97,25.5.3,"Compendium-Prices-2022pdf-464b22085495ff4e3f8700c0e00cf45d.pdf -- NPPA, ""Compendium of Ceiling Prices of Scheduled Drugs as on 10.08.2022"", Schedule-I / NLEM 2015",2022-08-10,Phenylephrine,1 ml,1499(E),30.03.2022,27,false,true
tropicamide,Drops 1% 1 ml,11.17,25.5.4,"Compendium-Prices-2022pdf-464b22085495ff4e3f8700c0e00cf45d.pdf -- NPPA, ""Compendium of Ceiling Prices of Scheduled Drugs as on 10.08.2022"", Schedule-I / NLEM 2015",2022-08-10,Tropicamide,1 ml,1499(E),30.03.2022,27,false,true
hypromellose,Injection 2% 1 ml,41.64,25.6.1,"Compendium-Prices-2022pdf-464b22085495ff4e3f8700c0e00cf45d.pdf -- NPPA, ""Compendium of Ceiling Prices of Scheduled Drugs as on 10.08.2022"", Schedule-I / NLEM 2015",2022-08-10,Hydroxypropyl methylcellulose,1 ml,1499(E),30.03.2022,27,false,false
carboxymethylcell ulose,Drops 0.5% 1 ml,14.19,25.7.1,"Compendium-Prices-2022pdf-464b22085495ff4e3f8700c0e00cf45d.pdf -- NPPA, ""Compendium of Ceiling Prices of Scheduled Drugs as on 10.08.2022"", Schedule-I / NLEM 2015",2022-08-10,Carboxymethylcell ulose,1 ml,1499(E),30.03.2022,27,false,false
carboxymethylcell ulose,Drops 1 % 1 ml,19.66,25.7.1,"Compendium-Prices-2022pdf-464b22085495ff4e3f8700c0e00cf45d.pdf -- NPPA, ""Compendium of Ceiling Prices of Scheduled Drugs as on 10.08.2022"", Schedule-I / NLEM 2015",2022-08-10,Carboxymethylcell ulose,1 ml,1499(E),30.03.2022,27,false,false
dinoprostone,Tablet 0.5 mg 1 Tablet,55.57,26.1.1,"Compendium-Prices-2022pdf-464b22085495ff4e3f8700c0e00cf45d.pdf -- NPPA, ""Compendium of Ceiling Prices of Scheduled Drugs as on 10.08.2022"", Schedule-I / NLEM 2015",2022-08-10,Dinoprostone,1 Tablet,1499(E),30.03.2022,27,false,false
dinoprostone,Gel 0.5 mg 1 gm,90.01,26.1.1,"Compendium-Prices-2022pdf-464b22085495ff4e3f8700c0e00cf45d.pdf -- NPPA, ""Compendium of Ceiling Prices of Scheduled Drugs as on 10.08.2022"", Schedule-I / NLEM 2015",2022-08-10,Dinoprostone,1 gm,1499(E),30.03.2022,27,false,false
methylergonovine,Tablet 0.125 mg 1 Tablet,8.79,26.1.2,"Compendium-Prices-2022pdf-464b22085495ff4e3f8700c0e00cf45d.pdf -- NPPA, ""Compendium of Ceiling Prices of Scheduled Drugs as on 10.08.2022"", Schedule-I / NLEM 2015",2022-08-10,Methylergometrine,1 Tablet,1499(E),30.03.2022,27,false,false
methylergonovine,Injection 0.2 mg/ml 1 ml,15.85,26.1.2,"Compendium-Prices-2022pdf-464b22085495ff4e3f8700c0e00cf45d.pdf -- NPPA, ""Compendium of Ceiling Prices of Scheduled Drugs as on 10.08.2022"", Schedule-I / NLEM 2015",2022-08-10,Methylergometrine,1 ml,1499(E),30.03.2022,27,false,false
mifepristone,Tablet 200 mg 1 Tablet,357.21,26.1.3,"Compendium-Prices-2022pdf-464b22085495ff4e3f8700c0e00cf45d.pdf -- NPPA, ""Compendium of Ceiling Prices of Scheduled Drugs as on 10.08.2022"", Schedule-I / NLEM 2015",2022-08-10,Mifepristone,1 Tablet,1499(E),30.03.2022,27,false,true
misoprostol,Tablet 100 mcg 1 Tablet,9.67,26.1.4,"Compendium-Prices-2022pdf-464b22085495ff4e3f8700c0e00cf45d.pdf -- NPPA, ""Compendium of Ceiling Prices of Scheduled Drugs as on 10.08.2022"", Schedule-I / NLEM 2015",2022-08-10,Misoprostol,1 Tablet,1499(E),30.03.2022,27,false,true
misoprostol,Tablet 200 mcg 1 Tablet,18.54,26.1.4,"Compendium-Prices-2022pdf-464b22085495ff4e3f8700c0e00cf45d.pdf -- NPPA, ""Compendium of Ceiling Prices of Scheduled Drugs as on 10.08.2022"", Schedule-I / NLEM 2015",2022-08-10,Misoprostol,1 Tablet,1499(E),30.03.2022,27,false,true
oxytocin,Injection 5 IU/ml 1 ml,19.59,26.1.5,"Compendium-Prices-2022pdf-464b22085495ff4e3f8700c0e00cf45d.pdf -- NPPA, ""Compendium of Ceiling Prices of Scheduled Drugs as on 10.08.2022"", Schedule-I / NLEM 2015",2022-08-10,Oxytocin,1 ml,1499(E),30.03.2022,27,false,false
oxytocin,Injection 10 IU/ml 1 ml,43.74,26.1.5,"Compendium-Prices-2022pdf-464b22085495ff4e3f8700c0e00cf45d.pdf -- NPPA, ""Compendium of Ceiling Prices of Scheduled Drugs as on 10.08.2022"", Schedule-I / NLEM 2015",2022-08-10,Oxytocin,1 ml,1499(E),30.03.2022,27,false,false
betamethasone,Injection 4 mg/ml 1 ml,4.66,26.2.1,"Compendium-Prices-2022pdf-464b22085495ff4e3f8700c0e00cf45d.pdf -- NPPA, ""Compendium of Ceiling Prices of Scheduled Drugs as on 10.08.2022"", Schedule-I / NLEM 2015",2022-08-10,Betamethasone,1 ml,1499(E),30.03.2022,27,false,true
nifedipine,Tablet 10 mg 1 Tablet,1.37,26.2.2,"Compendium-Prices-2022pdf-464b22085495ff4e3f8700c0e00cf45d.pdf -- NPPA, ""Compendium of Ceiling Prices of Scheduled Drugs as on 10.08.2022"", Schedule-I / NLEM 2015",2022-08-10,Nifedipine,1 Tablet,1499(E),30.03.2022,27,false,true
nifedipine,Capsule 10 mg 1 Capsule,0.95,26.2.2,"Compendium-Prices-2022pdf-464b22085495ff4e3f8700c0e00cf45d.pdf -- NPPA, ""Compendium of Ceiling Prices of Scheduled Drugs as on 10.08.2022"", Schedule-I / NLEM 2015",2022-08-10,Nifedipine,1 Capsule,1499(E),30.03.2022,27,false,true
clozapine,Tablet 25 mg 1 Tablet,2.79,27.1.1,"Compendium-Prices-2022pdf-464b22085495ff4e3f8700c0e00cf45d.pdf -- NPPA, ""Compendium of Ceiling Prices of Scheduled Drugs as on 10.08.2022"", Schedule-I / NLEM 2015",2022-08-10,Clozapine,1 Tablet,1499(E),30.03.2022,27,false,true
clozapine,Tablet 50 mg 1 Tablet,5.34,27.1.1,"Compendium-Prices-2022pdf-464b22085495ff4e3f8700c0e00cf45d.pdf -- NPPA, ""Compendium of Ceiling Prices of Scheduled Drugs as on 10.08.2022"", Schedule-I / NLEM 2015",2022-08-10,Clozapine,1 Tablet,1499(E),30.03.2022,27,false,true
clozapine,Tablet 100 mg 1 Tablet,8.60,27.1.1,"Compendium-Prices-2022pdf-464b22085495ff4e3f8700c0e00cf45d.pdf -- NPPA, ""Compendium of Ceiling Prices of Scheduled Drugs as on 10.08.2022"", Schedule-I / NLEM 2015",2022-08-10,Clozapine,1 Tablet,1499(E),30.03.2022,27,false,true
fluphenazine,Depot Injection 25 mg/ml 1 ml,55.55,27.1.2,"Compendium-Prices-2022pdf-464b22085495ff4e3f8700c0e00cf45d.pdf -- NPPA, ""Compendium of Ceiling Prices of Scheduled Drugs as on 10.08.2022"", Schedule-I / NLEM 2015",2022-08-10,Fluphenazine,1 ml,1499(E),30.03.2022,27,false,false
haloperidol,Tablet 5 mg 1 Tablet,3.82,27.1.3,"Compendium-Prices-2022pdf-464b22085495ff4e3f8700c0e00cf45d.pdf -- NPPA, ""Compendium of Ceiling Prices of Scheduled Drugs as on 10.08.2022"", Schedule-I / NLEM 2015",2022-08-10,Haloperidol,1 Tablet,1499(E),30.03.2022,27,false,false
haloperidol,Tablet 10 mg 1 Tablet,4.90,27.1.3,"Compendium-Prices-2022pdf-464b22085495ff4e3f8700c0e00cf45d.pdf -- NPPA, ""Compendium of Ceiling Prices of Scheduled Drugs as on 10.08.2022"", Schedule-I / NLEM 2015",2022-08-10,Haloperidol,1 Tablet,1499(E),30.03.2022,27,false,false
haloperidol,Tablet 20 mg 1 Tablet,5.47,27.1.3,"Compendium-Prices-2022pdf-464b22085495ff4e3f8700c0e00cf45d.pdf -- NPPA, ""Compendium of Ceiling Prices of Scheduled Drugs as on 10.08.2022"", Schedule-I / NLEM 2015",2022-08-10,Haloperidol,1 Tablet,1499(E),30.03.2022,27,false,false
haloperidol,Oral liquid 2 mg/ 5ml 1 ml,2.28,27.1.3,"Compendium-Prices-2022pdf-464b22085495ff4e3f8700c0e00cf45d.pdf -- NPPA, ""Compendium of Ceiling Prices of Scheduled Drugs as on 10.08.2022"", Schedule-I / NLEM 2015",2022-08-10,Haloperidol,1 ml,1499(E),30.03.2022,27,false,false
risperidone,Tablet 1 mg 1 Tablet,3.42,27.1.4,"Compendium-Prices-2022pdf-464b22085495ff4e3f8700c0e00cf45d.pdf -- NPPA, ""Compendium of Ceiling Prices of Scheduled Drugs as on 10.08.2022"", Schedule-I / NLEM 2015",2022-08-10,Risperidone,1 Tablet,1499(E),30.03.2022,27,false,true
risperidone,Tablet 2 mg 1 Tablet,5.47,27.1.4,"Compendium-Prices-2022pdf-464b22085495ff4e3f8700c0e00cf45d.pdf -- NPPA, ""Compendium of Ceiling Prices of Scheduled Drugs as on 10.08.2022"", Schedule-I / NLEM 2015",2022-08-10,Risperidone,1 Tablet,1499(E),30.03.2022,27,false,true
risperidone,Tablet 4 mg 1 Tablet,11.10,27.1.4,"Compendium-Prices-2022pdf-464b22085495ff4e3f8700c0e00cf45d.pdf -- NPPA, ""Compendium of Ceiling Prices of Scheduled Drugs as on 10.08.2022"", Schedule-I / NLEM 2015",2022-08-10,Risperidone,1 Tablet,1499(E),30.03.2022,27,false,true
risperidone,Oral liquid 1 mg/ml 1 ml,2.15,27.1.4,"Compendium-Prices-2022pdf-464b22085495ff4e3f8700c0e00cf45d.pdf -- NPPA, ""Compendium of Ceiling Prices of Scheduled Drugs as on 10.08.2022"", Schedule-I / NLEM 2015",2022-08-10,Risperidone,1 ml,1499(E),30.03.2022,27,false,true
amitriptyline,Tablet 10 mg 1 Tablet,2.54,27.2.1.1,"Compendium-Prices-2022pdf-464b22085495ff4e3f8700c0e00cf45d.pdf -- NPPA, ""Compendium of Ceiling Prices of Scheduled Drugs as on 10.08.2022"", Schedule-I / NLEM 2015",2022-08-10,Amitriptyline,1 Tablet,1499(E),30.03.2022,27,false,true
amitriptyline,Tablet 25 mg 1 Tablet,2.50,27.2.1.1,"Compendium-Prices-2022pdf-464b22085495ff4e3f8700c0e00cf45d.pdf -- NPPA, ""Compendium of Ceiling Prices of Scheduled Drugs as on 10.08.2022"", Schedule-I / NLEM 2015",2022-08-10,Amitriptyline,1 Tablet,1499(E),30.03.2022,27,false,true
amitriptyline,Tablet 50 mg 1 Tablet,6.45,27.2.1.1,"Compendium-Prices-2022pdf-464b22085495ff4e3f8700c0e00cf45d.pdf -- NPPA, ""Compendium of Ceiling Prices of Scheduled Drugs as on 10.08.2022"", Schedule-I / NLEM 2015",2022-08-10,Amitriptyline,1 Tablet,1499(E),30.03.2022,27,false,true
amitriptyline,Tablet 75 mg 1 Tablet,6.23,27.2.1.1,"Compendium-Prices-2022pdf-464b22085495ff4e3f8700c0e00cf45d.pdf -- NPPA, ""Compendium of Ceiling Prices of Scheduled Drugs as on 10.08.2022"", Schedule-I / NLEM 2015",2022-08-10,Amitriptyline,1 Tablet,1499(E),30.03.2022,27,false,true
escitalopram,Tablet 5 mg 1 Tablet,5.06,27.2.1.2,"Compendium-Prices-2022pdf-464b22085495ff4e3f8700c0e00cf45d.pdf -- NPPA, ""Compendium of Ceiling Prices of Scheduled Drugs as on 10.08.2022"", Schedule-I / NLEM 2015",2022-08-10,Escitalopram,1 Tablet,1499(E),30.03.2022,27,false,true
escitalopram,Tablet 10 mg 1 Tablet,8.99,27.2.1.2,"Compendium-Prices-2022pdf-464b22085495ff4e3f8700c0e00cf45d.pdf -- NPPA, ""Compendium of Ceiling Prices of Scheduled Drugs as on 10.08.2022"", Schedule-I / NLEM 2015",2022-08-10,Escitalopram,1 Tablet,1499(E),30.03.2022,27,false,true
escitalopram,Tablet 20 mg 1 Tablet,14.21,27.2.1.2,"Compendium-Prices-2022pdf-464b22085495ff4e3f8700c0e00cf45d.pdf -- NPPA, ""Compendium of Ceiling Prices of Scheduled Drugs as on 10.08.2022"", Schedule-I / NLEM 2015",2022-08-10,Escitalopram,1 Tablet,1499(E),30.03.2022,27,false,true
fluoxetine,Capsule 10 mg 1 Capsule,3.30,27.2.1.3,"Compendium-Prices-2022pdf-464b22085495ff4e3f8700c0e00cf45d.pdf -- NPPA, ""Compendium of Ceiling Prices of Scheduled Drugs as on 10.08.2022"", Schedule-I / NLEM 2015",2022-08-10,Fluoxetine,1 Capsule,1499(E),30.03.2022,27,false,true
fluoxetine,Capsule 20 mg 1 Capsule,4.05,27.2.1.3,"Compendium-Prices-2022pdf-464b22085495ff4e3f8700c0e00cf45d.pdf -- NPPA, ""Compendium of Ceiling Prices of Scheduled Drugs as on 10.08.2022"", Schedule-I / NLEM 2015",2022-08-10,Fluoxetine,1 Capsule,1499(E),30.03.2022,27,false,true
fluoxetine,Capsule 40 mg 1 Capsule,6.15,27.2.1.3,"Compendium-Prices-2022pdf-464b22085495ff4e3f8700c0e00cf45d.pdf -- NPPA, ""Compendium of Ceiling Prices of Scheduled Drugs as on 10.08.2022"", Schedule-I / NLEM 2015",2022-08-10,Fluoxetine,1 Capsule,1499(E),30.03.2022,27,false,true
fluoxetine,Tablet 20 mg 1 Tablet,4.40,27.2.1.3,"Compendium-Prices-2022pdf-464b22085495ff4e3f8700c0e00cf45d.pdf -- NPPA, ""Compendium of Ceiling Prices of Scheduled Drugs as on 10.08.2022"", Schedule-I / NLEM 2015",2022-08-10,Fluoxetine,1 Tablet,1499(E),30.03.2022,28,false,true
fluoxetine,Tablet 40 mg 1 Tablet,5.93,27.2.1.3,"Compendium-Prices-2022pdf-464b22085495ff4e3f8700c0e00cf45d.pdf -- NPPA, ""Compendium of Ceiling Prices of Scheduled Drugs as on 10.08.2022"", Schedule-I / NLEM 2015",2022-08-10,Fluoxetine,1 Tablet,1499(E),30.03.2022,28,false,true
fluoxetine,Tablet 60 mg 1 Tablet,8.22,27.2.1.3,"Compendium-Prices-2022pdf-464b22085495ff4e3f8700c0e00cf45d.pdf -- NPPA, ""Compendium of Ceiling Prices of Scheduled Drugs as on 10.08.2022"", Schedule-I / NLEM 2015",2022-08-10,Fluoxetine,1 Tablet,1499(E),30.03.2022,28,false,true
lithium,Tablet 300 mg 1 Tablet,1.63,27.2.2.1,"Compendium-Prices-2022pdf-464b22085495ff4e3f8700c0e00cf45d.pdf -- NPPA, ""Compendium of Ceiling Prices of Scheduled Drugs as on 10.08.2022"", Schedule-I / NLEM 2015",2022-08-10,Lithium,1 Tablet,1499(E),30.03.2022,28,false,true
valproic acid,Tablet 200 mg 1 Tablet,3.44,27.2.2.2,"Compendium-Prices-2022pdf-464b22085495ff4e3f8700c0e00cf45d.pdf -- NPPA, ""Compendium of Ceiling Prices of Scheduled Drugs as on 10.08.2022"", Schedule-I / NLEM 2015",2022-08-10,Sodium valproate,1 Tablet,1499(E),30.03.2022,28,false,true
valproic acid,Tablet 500 mg 1 Tablet,7.71,27.2.2.2,"Compendium-Prices-2022pdf-464b22085495ff4e3f8700c0e00cf45d.pdf -- NPPA, ""Compendium of Ceiling Prices of Scheduled Drugs as on 10.08.2022"", Schedule-I / NLEM 2015",2022-08-10,Sodium valproate,1 Tablet,1499(E),30.03.2022,28,false,true
clonazepam,Tablet 0.25 mg 1 Tablet,2.03,27.3.1,"Compendium-Prices-2022pdf-464b22085495ff4e3f8700c0e00cf45d.pdf -- NPPA, ""Compendium of Ceiling Prices of Scheduled Drugs as on 10.08.2022"", Schedule-I / NLEM 2015",2022-08-10,Clonazepam,1 Tablet,1499(E),30.03.2022,28,false,true
clonazepam,Tablet 0.5 mg 1 Tablet,3.46,27.3.1,"Compendium-Prices-2022pdf-464b22085495ff4e3f8700c0e00cf45d.pdf -- NPPA, ""Compendium of Ceiling Prices of Scheduled Drugs as on 10.08.2022"", Schedule-I / NLEM 2015",2022-08-10,Clonazepam,1 Tablet,1499(E),30.03.2022,28,false,true
clonazepam,Tablet 1 mg 1 Tablet,4.70,27.3.1,"Compendium-Prices-2022pdf-464b22085495ff4e3f8700c0e00cf45d.pdf -- NPPA, ""Compendium of Ceiling Prices of Scheduled Drugs as on 10.08.2022"", Schedule-I / NLEM 2015",2022-08-10,Clonazepam,1 Tablet,1499(E),30.03.2022,28,false,true
zolpidem,Tablet 5 mg 1 Tablet,5.98,27.3.2,"Compendium-Prices-2022pdf-464b22085495ff4e3f8700c0e00cf45d.pdf -- NPPA, ""Compendium of Ceiling Prices of Scheduled Drugs as on 10.08.2022"", Schedule-I / NLEM 2015",2022-08-10,Zolpidem,1 Tablet,1499(E),30.03.2022,28,false,true
zolpidem,Tablet 10 mg 1 Tablet,9.38,27.3.2,"Compendium-Prices-2022pdf-464b22085495ff4e3f8700c0e00cf45d.pdf -- NPPA, ""Compendium of Ceiling Prices of Scheduled Drugs as on 10.08.2022"", Schedule-I / NLEM 2015",2022-08-10,Zolpidem,1 Tablet,1499(E),30.03.2022,28,false,true
zolpidem,Capsule 5 mg 1 Capsule,8.16,27.3.2,"Compendium-Prices-2022pdf-464b22085495ff4e3f8700c0e00cf45d.pdf -- NPPA, ""Compendium of Ceiling Prices of Scheduled Drugs as on 10.08.2022"", Schedule-I / NLEM 2015",2022-08-10,Zolpidem,1 Capsule,1499(E),30.03.2022,28,false,true
clomipramine,Tablet 10 mg 1 Tablet,2.79,27.4.1,"Compendium-Prices-2022pdf-464b22085495ff4e3f8700c0e00cf45d.pdf -- NPPA, ""Compendium of Ceiling Prices of Scheduled Drugs as on 10.08.2022"", Schedule-I / NLEM 2015",2022-08-10,Clomipramine,1 Tablet,1499(E),30.03.2022,28,false,true
clomipramine,Tablet 25 mg 1 Tablet,6.16,27.4.1,"Compendium-Prices-2022pdf-464b22085495ff4e3f8700c0e00cf45d.pdf -- NPPA, ""Compendium of Ceiling Prices of Scheduled Drugs as on 10.08.2022"", Schedule-I / NLEM 2015",2022-08-10,Clomipramine,1 Tablet,1499(E),30.03.2022,28,false,true
clomipramine,Tablet 75 mg 1 Tablet,15.93,27.4.1,"Compendium-Prices-2022pdf-464b22085495ff4e3f8700c0e00cf45d.pdf -- NPPA, ""Compendium of Ceiling Prices of Scheduled Drugs as on 10.08.2022"", Schedule-I / NLEM 2015",2022-08-10,Clomipramine,1 Tablet,1499(E),30.03.2022,28,false,true
fluoxetine,Capsule 10 mg 1 Capsule,3.30,27.4.2,"Compendium-Prices-2022pdf-464b22085495ff4e3f8700c0e00cf45d.pdf -- NPPA, ""Compendium of Ceiling Prices of Scheduled Drugs as on 10.08.2022"", Schedule-I / NLEM 2015",2022-08-10,Fluoxetine,1 Capsule,1499(E),30.03.2022,28,false,true
fluoxetine,Capsule 20 mg 1 Capsule,4.05,27.4.2,"Compendium-Prices-2022pdf-464b22085495ff4e3f8700c0e00cf45d.pdf -- NPPA, ""Compendium of Ceiling Prices of Scheduled Drugs as on 10.08.2022"", Schedule-I / NLEM 2015",2022-08-10,Fluoxetine,1 Capsule,1499(E),30.03.2022,28,false,true
fluoxetine,Capsule 40 mg 1 Capsule,6.15,27.4.2,"Compendium-Prices-2022pdf-464b22085495ff4e3f8700c0e00cf45d.pdf -- NPPA, ""Compendium of Ceiling Prices of Scheduled Drugs as on 10.08.2022"", Schedule-I / NLEM 2015",2022-08-10,Fluoxetine,1 Capsule,1499(E),30.03.2022,28,false,true
fluoxetine,Capsule 60 mg 1 Capsule,10.87,27.4.2,"Compendium-Prices-2022pdf-464b22085495ff4e3f8700c0e00cf45d.pdf -- NPPA, ""Compendium of Ceiling Prices of Scheduled Drugs as on 10.08.2022"", Schedule-I / NLEM 2015",2022-08-10,Fluoxetine,1 Capsule,1499(E),30.03.2022,28,false,true
fluoxetine,Tablet 10 mg 1 Tablet,2.77,27.4.2,"Compendium-Prices-2022pdf-464b22085495ff4e3f8700c0e00cf45d.pdf -- NPPA, ""Compendium of Ceiling Prices of Scheduled Drugs as on 10.08.2022"", Schedule-I / NLEM 2015",2022-08-10,Fluoxetine,1 Tablet,1499(E),30.03.2022,28,false,true
fluoxetine,Tablet 20 mg 1 Tablet,4.40,27.4.2,"Compendium-Prices-2022pdf-464b22085495ff4e3f8700c0e00cf45d.pdf -- NPPA, ""Compendium of Ceiling Prices of Scheduled Drugs as on 10.08.2022"", Schedule-I / NLEM 2015",2022-08-10,Fluoxetine,1 Tablet,1499(E),30.03.2022,28,false,true
fluoxetine,Tablet 40 mg 1 Tablet,5.93,27.4.2,"Compendium-Prices-2022pdf-464b22085495ff4e3f8700c0e00cf45d.pdf -- NPPA, ""Compendium of Ceiling Prices of Scheduled Drugs as on 10.08.2022"", Schedule-I / NLEM 2015",2022-08-10,Fluoxetine,1 Tablet,1499(E),30.03.2022,28,false,true
fluoxetine,Tablet 60 mg 1 Tablet,8.22,27.4.2,"Compendium-Prices-2022pdf-464b22085495ff4e3f8700c0e00cf45d.pdf -- NPPA, ""Compendium of Ceiling Prices of Scheduled Drugs as on 10.08.2022"", Schedule-I / NLEM 2015",2022-08-10,Fluoxetine,1 Tablet,1499(E),30.03.2022,28,false,true
budesonide,Inhalation (MDI/DPI) 100 mcg/dose Per Metered,1.41,28.1.1,"Compendium-Prices-2022pdf-464b22085495ff4e3f8700c0e00cf45d.pdf -- NPPA, ""Compendium of Ceiling Prices of Scheduled Drugs as on 10.08.2022"", Schedule-I / NLEM 2015",2022-08-10,Budesonide,Per Metered,1499(E),30.03.2022,28,false,true
budesonide,Per Dose,2.22,28.1.1,"Compendium-Prices-2022pdf-464b22085495ff4e3f8700c0e00cf45d.pdf -- NPPA, ""Compendium of Ceiling Prices of Scheduled Drugs as on 10.08.2022"", Schedule-I / NLEM 2015",2022-08-10,Budesonide,Per Dose,1499(E),30.03.2022,28,false,true
budesonide,Inhalation (MDI/DPI) 200 mcg/dose Per metered,1.96,28.1.1,"Compendium-Prices-2022pdf-464b22085495ff4e3f8700c0e00cf45d.pdf -- NPPA, ""Compendium of Ceiling Prices of Scheduled Drugs as on 10.08.2022"", Schedule-I / NLEM 2015",2022-08-10,Budesonide,Per metered,1499(E),30.03.2022,28,false,true
budesonide,Per Dose,3.21,28.1.1,"Compendium-Prices-2022pdf-464b22085495ff4e3f8700c0e00cf45d.pdf -- NPPA, ""Compendium of Ceiling Prices of Scheduled Drugs as on 10.08.2022"", Schedule-I / NLEM 2015",2022-08-10,Budesonide,Per Dose,1499(E),30.03.2022,28,false,true
budesonide,Respirator solution for use in nebulizer 0.5 mg/ml 1 ml,11.90,28.1.1,"Compendium-Prices-2022pdf-464b22085495ff4e3f8700c0e00cf45d.pdf -- NPPA, ""Compendium of Ceiling Prices of Scheduled Drugs as on 10.08.2022"", Schedule-I / NLEM 2015",2022-08-10,Budesonide,1 ml,1499(E),30.03.2022,28,false,true
budesonide,Respirator solution for use in nebulizer 1 mg/ml 1 ml,14.34,28.1.1,"Compendium-Prices-2022pdf-464b22085495ff4e3f8700c0e00cf45d.pdf -- NPPA, ""Compendium of Ceiling Prices of Scheduled Drugs as on 10.08.2022"", Schedule-I / NLEM 2015",2022-08-10,Budesonide,1 ml,1499(E),30.03.2022,28,false,true
budesonide|formoterol,Inhalation (MDI/DPI) 100 mcg (A)+ 6 mcg (B) Per Metered,2.09,28.1.2,"Compendium-Prices-2022pdf-464b22085495ff4e3f8700c0e00cf45d.pdf -- NPPA, ""Compendium of Ceiling Prices of Scheduled Drugs as on 10.08.2022"", Schedule-I / NLEM 2015",2022-08-10,Budesonide (A)+ Formoterol (B),Per Metered,1499(E),30.03.2022,28,true,true
budesonide|formoterol,Per Dose,4.21,28.1.2,"Compendium-Prices-2022pdf-464b22085495ff4e3f8700c0e00cf45d.pdf -- NPPA, ""Compendium of Ceiling Prices of Scheduled Drugs as on 10.08.2022"", Schedule-I / NLEM 2015",2022-08-10,Budesonide (A)+ Formoterol (B),Per Dose,1499(E),30.03.2022,28,true,true
budesonide|formoterol,Inhalation (MDI/DPI) 200 mcg (A)+ 6 mcg (B) Per Metered,2.97,28.1.2,"Compendium-Prices-2022pdf-464b22085495ff4e3f8700c0e00cf45d.pdf -- NPPA, ""Compendium of Ceiling Prices of Scheduled Drugs as on 10.08.2022"", Schedule-I / NLEM 2015",2022-08-10,Budesonide (A)+ Formoterol (B),Per Metered,1499(E),30.03.2022,28,true,true
budesonide|formoterol,Per Dose,5.59,28.1.2,"Compendium-Prices-2022pdf-464b22085495ff4e3f8700c0e00cf45d.pdf -- NPPA, ""Compendium of Ceiling Prices of Scheduled Drugs as on 10.08.2022"", Schedule-I / NLEM 2015",2022-08-10,Budesonide (A)+ Formoterol (B),Per Dose,1499(E),30.03.2022,28,true,true
budesonide|formoterol,Inhalation (MDI/DPI) 400 mcg (A)+ 6 mcg (B) Per Metered,3.39,28.1.2,"Compendium-Prices-2022pdf-464b22085495ff4e3f8700c0e00cf45d.pdf -- NPPA, ""Compendium of Ceiling Prices of Scheduled Drugs as on 10.08.2022"", Schedule-I / NLEM 2015",2022-08-10,Budesonide (A)+ Formoterol (B),Per Metered,1499(E),30.03.2022,28,true,true
budesonide|formoterol,Per Dose,7.14,28.1.2,"Compendium-Prices-2022pdf-464b22085495ff4e3f8700c0e00cf45d.pdf -- NPPA, ""Compendium of Ceiling Prices of Scheduled Drugs as on 10.08.2022"", Schedule-I / NLEM 2015",2022-08-10,Budesonide (A)+ Formoterol (B),Per Dose,1499(E),30.03.2022,28,true,true
hydrocortisone,Injection 100 mg Each Pack,43.21,28.1.3,"Compendium-Prices-2022pdf-464b22085495ff4e3f8700c0e00cf45d.pdf -- NPPA, ""Compendium of Ceiling Prices of Scheduled Drugs as on 10.08.2022"", Schedule-I / NLEM 2015",2022-08-10,Hydrocortisone,Each Pack,1499(E),30.03.2022,28,false,true
hydrocortisone,Injection 200 mg Each Pack,66.61,28.1.3,"Compendium-Prices-2022pdf-464b22085495ff4e3f8700c0e00cf45d.pdf -- NPPA, ""Compendium of Ceiling Prices of Scheduled Drugs as on 10.08.2022"", Schedule-I / NLEM 2015",2022-08-10,Hydrocortisone,Each Pack,1499(E),30.03.2022,28,false,true
ipratropium,Inhalation (MDI/DPI) 20 mcg/dose 1 Dose,0.68,28.1.4,"Compendium-Prices-2022pdf-464b22085495ff4e3f8700c0e00cf45d.pdf -- NPPA, ""Compendium of Ceiling Prices of Scheduled Drugs as on 10.08.2022"", Schedule-I / NLEM 2015",2022-08-10,Ipratropium,1 Dose,1499(E),30.03.2022,28,false,true
ipratropium,Respirator solution for use in nebulizer 250 mcg/ml 1 ml,2.81,28.1.4,"Compendium-Prices-2022pdf-464b22085495ff4e3f8700c0e00cf45d.pdf -- NPPA, ""Compendium of Ceiling Prices of Scheduled Drugs as on 10.08.2022"", Schedule-I / NLEM 2015",2022-08-10,Ipratropium,1 ml,1499(E),30.03.2022,28,false,true
ipratropium,Inhalation (MDI/DPI) 100 mcg/dose 1 Dose,0.44,28.1.4,"Compendium-Prices-2022pdf-464b22085495ff4e3f8700c0e00cf45d.pdf -- NPPA, ""Compendium of Ceiling Prices of Scheduled Drugs as on 10.08.2022"", Schedule-I / NLEM 2015",2022-08-10,Ipratropium,1 Dose,1499(E),30.03.2022,29,false,true
ipratropium,Respirator solution for use in nebulizer 5mg/ml 1 ml,0.78,28.1.4,"Compendium-Prices-2022pdf-464b22085495ff4e3f8700c0e00cf45d.pdf -- NPPA, ""Compendium of Ceiling Prices of Scheduled Drugs as on 10.08.2022"", Schedule-I / NLEM 2015",2022-08-10,Ipratropium,1 ml,1499(E),30.03.2022,29,false,true
ipratropium,Capsule 4 mg 1 Capsule,0.66,28.1.4,"Compendium-Prices-2022pdf-464b22085495ff4e3f8700c0e00cf45d.pdf -- NPPA, ""Compendium of Ceiling Prices of Scheduled Drugs as on 10.08.2022"", Schedule-I / NLEM 2015",2022-08-10,Ipratropium,1 Capsule,1499(E),30.03.2022,29,false,true
tiotropium,Inhalation (MDI) 9 mcg/dose Per Metered,2.67,28.1.6,"Compendium-Prices-2022pdf-464b22085495ff4e3f8700c0e00cf45d.pdf -- NPPA, ""Compendium of Ceiling Prices of Scheduled Drugs as on 10.08.2022"", Schedule-I / NLEM 2015",2022-08-10,Tiotropium,Per Metered,1499(E),30.03.2022,29,false,true
tiotropium,Inhalation (DPI) 18 mcg/dose Per Dose,10.31,28.1.6,"Compendium-Prices-2022pdf-464b22085495ff4e3f8700c0e00cf45d.pdf -- NPPA, ""Compendium of Ceiling Prices of Scheduled Drugs as on 10.08.2022"", Schedule-I / NLEM 2015",2022-08-10,Tiotropium,Per Dose,1499(E),30.03.2022,29,false,true
glucose,Injection 5% 1000ml Glass,71.31,29.1,"Compendium-Prices-2022pdf-464b22085495ff4e3f8700c0e00cf45d.pdf -- NPPA, ""Compendium of Ceiling Prices of Scheduled Drugs as on 10.08.2022"", Schedule-I / NLEM 2015",2022-08-10,Glucose,1000ml Glass,1499(E),30.03.2022,29,false,false
glucose,Injection 5% 1000ml Non-,57.57,29.1,"Compendium-Prices-2022pdf-464b22085495ff4e3f8700c0e00cf45d.pdf -- NPPA, ""Compendium of Ceiling Prices of Scheduled Drugs as on 10.08.2022"", Schedule-I / NLEM 2015",2022-08-10,Glucose,1000ml Non-,1499(E),30.03.2022,29,false,false
glucose,Injection 5% 100ml Glass,20.02,29.1,"Compendium-Prices-2022pdf-464b22085495ff4e3f8700c0e00cf45d.pdf -- NPPA, ""Compendium of Ceiling Prices of Scheduled Drugs as on 10.08.2022"", Schedule-I / NLEM 2015",2022-08-10,Glucose,100ml Glass,1499(E),30.03.2022,29,false,false
glucose,Injection 5% 100ml Non-,18.12,29.1,"Compendium-Prices-2022pdf-464b22085495ff4e3f8700c0e00cf45d.pdf -- NPPA, ""Compendium of Ceiling Prices of Scheduled Drugs as on 10.08.2022"", Schedule-I / NLEM 2015",2022-08-10,Glucose,100ml Non-,1499(E),30.03.2022,29,false,false
glucose,Injection 5% 250ml Glass,27.66,29.1,"Compendium-Prices-2022pdf-464b22085495ff4e3f8700c0e00cf45d.pdf -- NPPA, ""Compendium of Ceiling Prices of Scheduled Drugs as on 10.08.2022"", Schedule-I / NLEM 2015",2022-08-10,Glucose,250ml Glass,1499(E),30.03.2022,29,false,false
glucose,Injection 5% 250ml Non-,24.99,29.1,"Compendium-Prices-2022pdf-464b22085495ff4e3f8700c0e00cf45d.pdf -- NPPA, ""Compendium of Ceiling Prices of Scheduled Drugs as on 10.08.2022"", Schedule-I / NLEM 2015",2022-08-10,Glucose,250ml Non-,1499(E),30.03.2022,29,false,false
glucose,Injection 5% 500ml Glass,39.26,29.1,"Compendium-Prices-2022pdf-464b22085495ff4e3f8700c0e00cf45d.pdf -- NPPA, ""Compendium of Ceiling Prices of Scheduled Drugs as on 10.08.2022"", Schedule-I / NLEM 2015",2022-08-10,Glucose,500ml Glass,1499(E),30.03.2022,29,false,false
glucose,Injection 5% 500ml Non-,33.87,29.1,"Compendium-Prices-2022pdf-464b22085495ff4e3f8700c0e00cf45d.pdf -- NPPA, ""Compendium of Ceiling Prices of Scheduled Drugs as on 10.08.2022"", Schedule-I / NLEM 2015",2022-08-10,Glucose,500ml Non-,1499(E),30.03.2022,29,false,false
glucose,Injection 5% 1000ml Non-,84.82,29.1,"Compendium-Prices-2022pdf-464b22085495ff4e3f8700c0e00cf45d.pdf -- NPPA, ""Compendium of Ceiling Prices of Scheduled Drugs as on 10.08.2022"", Schedule-I / NLEM 2015",2022-08-10,Glucose,1000ml Non-,1500(E),30.03.2022,29,false,false
glucose,Injection 5% 500ml Non-,73.38,29.1,"Compendium-Prices-2022pdf-464b22085495ff4e3f8700c0e00cf45d.pdf -- NPPA, ""Compendium of Ceiling Prices of Scheduled Drugs as on 10.08.2022"", Schedule-I / NLEM 2015",2022-08-10,Glucose,500ml Non-,1500(E),30.03.2022,29,false,false
glucose,Injection 10% Each Pack (1000,28.68,29.1,"Compendium-Prices-2022pdf-464b22085495ff4e3f8700c0e00cf45d.pdf -- NPPA, ""Compendium of Ceiling Prices of Scheduled Drugs as on 10.08.2022"", Schedule-I / NLEM 2015",2022-08-10,Glucose,Each Pack (1000,1499(E),30.03.2022,29,false,false
glucose,Injection 10% Each Pack (500,31.19,29.1,"Compendium-Prices-2022pdf-464b22085495ff4e3f8700c0e00cf45d.pdf -- NPPA, ""Compendium of Ceiling Prices of Scheduled Drugs as on 10.08.2022"", Schedule-I / NLEM 2015",2022-08-10,Glucose,Each Pack (500,1499(E),30.03.2022,29,false,false
glucose,Injection 25% 1 ml,0.19,29.1,"Compendium-Prices-2022pdf-464b22085495ff4e3f8700c0e00cf45d.pdf -- NPPA, ""Compendium of Ceiling Prices of Scheduled Drugs as on 10.08.2022"", Schedule-I / NLEM 2015",2022-08-10,Glucose,1 ml,1499(E),30.03.2022,29,false,false
glucose,Injection 50% 1 ml,0.54,29.1,"Compendium-Prices-2022pdf-464b22085495ff4e3f8700c0e00cf45d.pdf -- NPPA, ""Compendium of Ceiling Prices of Scheduled Drugs as on 10.08.2022"", Schedule-I / NLEM 2015",2022-08-10,Glucose,1 ml,1499(E),30.03.2022,29,false,false
glucose|sodium,Injection 5% (A) + 0.9% (B) 1000ml Glass,71.78,29.2,"Compendium-Prices-2022pdf-464b22085495ff4e3f8700c0e00cf45d.pdf -- NPPA, ""Compendium of Ceiling Prices of Scheduled Drugs as on 10.08.2022"", Schedule-I / NLEM 2015",2022-08-10,Glucose (A) + Sodium chloride (B),1000ml Glass,1499(E),30.03.2022,29,true,true
glucose|sodium,Injection 5% (A) + 0.9% (B) 1000ml Non-,58.00,29.2,"Compendium-Prices-2022pdf-464b22085495ff4e3f8700c0e00cf45d.pdf -- NPPA, ""Compendium of Ceiling Prices of Scheduled Drugs as on 10.08.2022"", Schedule-I / NLEM 2015",2022-08-10,Glucose (A) + Sodium chloride (B),1000ml Non-,1499(E),30.03.2022,29,true,true
glucose|sodium,Injection 5% (A) + 0.9% (B) 100ml Glass,20.07,29.2,"Compendium-Prices-2022pdf-464b22085495ff4e3f8700c0e00cf45d.pdf -- NPPA, ""Compendium of Ceiling Prices of Scheduled Drugs as on 10.08.2022"", Schedule-I / NLEM 2015",2022-08-10,Glucose (A) + Sodium chloride (B),100ml Glass,1499(E),30.03.2022,29,true,true
glucose|sodium,Injection 5% (A) + 0.9% (B) 100ml Non-,18.14,29.2,"Compendium-Prices-2022pdf-464b22085495ff4e3f8700c0e00cf45d.pdf -- NPPA, ""Compendium of Ceiling Prices of Scheduled Drugs as on 10.08.2022"", Schedule-I / NLEM 2015",2022-08-10,Glucose (A) + Sodium chloride (B),100ml Non-,1499(E),30.03.2022,29,true,true
glucose|sodium,Injection 5% (A) + 0.9% (B) 250ml Glass,27.77,29.2,"Compendium-Prices-2022pdf-464b22085495ff4e3f8700c0e00cf45d.pdf -- NPPA, ""Compendium of Ceiling Prices of Scheduled Drugs as on 10.08.2022"", Schedule-I / NLEM 2015",2022-08-10,Glucose (A) + Sodium chloride (B),250ml Glass,1499(E),30.03.2022,29,true,true
glucose|sodium,Injection 5% (A) + 0.9% (B) 250ml Non-,25.08,29.2,"Compendium-Prices-2022pdf-464b22085495ff4e3f8700c0e00cf45d.pdf -- NPPA, ""Compendium of Ceiling Prices of Scheduled Drugs as on 10.08.2022"", Schedule-I / NLEM 2015",2022-08-10,Glucose (A) + Sodium chloride (B),250ml Non-,1499(E),30.03.2022,29,true,true
glucose|sodium,Injection 5% (A) + 0.9% (B) 500ml Glass,39.45,29.2,"Compendium-Prices-2022pdf-464b22085495ff4e3f8700c0e00cf45d.pdf -- NPPA, ""Compendium of Ceiling Prices of Scheduled Drugs as on 10.08.2022"", Schedule-I / NLEM 2015",2022-08-10,Glucose (A) + Sodium chloride (B),500ml Glass,1499(E),30.03.2022,29,true,true
glucose|sodium,Injection 5% (A) + 0.9% (B) 500ml Non-,34.08,29.2,"Compendium-Prices-2022pdf-464b22085495ff4e3f8700c0e00cf45d.pdf -- NPPA, ""Compendium of Ceiling Prices of Scheduled Drugs as on 10.08.2022"", Schedule-I / NLEM 2015",2022-08-10,Glucose (A) + Sodium chloride (B),500ml Non-,1499(E),30.03.2022,29,true,true
rehydration salts,As licensed 1 gm,0.99,29.3,"Compendium-Prices-2022pdf-464b22085495ff4e3f8700c0e00cf45d.pdf -- NPPA, ""Compendium of Ceiling Prices of Scheduled Drugs as on 10.08.2022"", Schedule-I / NLEM 2015",2022-08-10,Oral rehydration salts,1 gm,1499(E),30.03.2022,29,false,false
rehydration salts,1 ml,0.16,29.3,"Compendium-Prices-2022pdf-464b22085495ff4e3f8700c0e00cf45d.pdf -- NPPA, ""Compendium of Ceiling Prices of Scheduled Drugs as on 10.08.2022"", Schedule-I / NLEM 2015",2022-08-10,Oral rehydration salts,1 ml,1499(E),30.03.2022,29,false,false
potassium,Injection 150 mg/ml 1 ml,2.69,29.4,"Compendium-Prices-2022pdf-464b22085495ff4e3f8700c0e00cf45d.pdf -- NPPA, ""Compendium of Ceiling Prices of Scheduled Drugs as on 10.08.2022"", Schedule-I / NLEM 2015",2022-08-10,Potassium chloride,1 ml,1499(E),30.03.2022,29,false,true
potassium,Oral liquid 500 mg/5 ml 1 ml,0.32,29.4,"Compendium-Prices-2022pdf-464b22085495ff4e3f8700c0e00cf45d.pdf -- NPPA, ""Compendium of Ceiling Prices of Scheduled Drugs as on 10.08.2022"", Schedule-I / NLEM 2015",2022-08-10,Potassium chloride,1 ml,1499(E),30.03.2022,29,false,true
ringer,Injection (as per IP),,29.5,"Compendium-Prices-2022pdf-464b22085495ff4e3f8700c0e00cf45d.pdf -- NPPA, ""Compendium of Ceiling Prices of Scheduled Drugs as on 10.08.2022"", Schedule-I / NLEM 2015",2022-08-10,Ringer lactate,,,,29,false,true
ringer,Injection 1000ml Each Pack,88.57,29.5,"Compendium-Prices-2022pdf-464b22085495ff4e3f8700c0e00cf45d.pdf -- NPPA, ""Compendium of Ceiling Prices of Scheduled Drugs as on 10.08.2022"", Schedule-I / NLEM 2015",2022-08-10,Ringer lactate,Each Pack,1499(E),30.03.2022,29,false,true
ringer,Injection 100ml Each Pack,23.19,29.5,"Compendium-Prices-2022pdf-464b22085495ff4e3f8700c0e00cf45d.pdf -- NPPA, ""Compendium of Ceiling Prices of Scheduled Drugs as on 10.08.2022"", Schedule-I / NLEM 2015",2022-08-10,Ringer lactate,Each Pack,1499(E),30.03.2022,29,false,true
ringer,Injection 250ml Each Pack,39.54,29.5,"Compendium-Prices-2022pdf-464b22085495ff4e3f8700c0e00cf45d.pdf -- NPPA, ""Compendium of Ceiling Prices of Scheduled Drugs as on 10.08.2022"", Schedule-I / NLEM 2015",2022-08-10,Ringer lactate,Each Pack,1499(E),30.03.2022,29,false,true
ringer,Injection 500ml Each Pack,50.39,29.5,"Compendium-Prices-2022pdf-464b22085495ff4e3f8700c0e00cf45d.pdf -- NPPA, ""Compendium of Ceiling Prices of Scheduled Drugs as on 10.08.2022"", Schedule-I / NLEM 2015",2022-08-10,Ringer lactate,Each Pack,1499(E),30.03.2022,29,false,true
sodium,Injection (as per IP),,29.6,"Compendium-Prices-2022pdf-464b22085495ff4e3f8700c0e00cf45d.pdf -- NPPA, ""Compendium of Ceiling Prices of Scheduled Drugs as on 10.08.2022"", Schedule-I / NLEM 2015",2022-08-10,Sodium bicarbonate,,,,29,false,true
sodium,Injection 7.5% 1 ml,1.56,29.6,"Compendium-Prices-2022pdf-464b22085495ff4e3f8700c0e00cf45d.pdf -- NPPA, ""Compendium of Ceiling Prices of Scheduled Drugs as on 10.08.2022"", Schedule-I / NLEM 2015",2022-08-10,Sodium bicarbonate,1 ml,1499(E),30.03.2022,29,false,true
sodium,Injection 0.9% 1000ml Non-,51.97,29.6,"Compendium-Prices-2022pdf-464b22085495ff4e3f8700c0e00cf45d.pdf -- NPPA, ""Compendium of Ceiling Prices of Scheduled Drugs as on 10.08.2022"", Schedule-I / NLEM 2015",2022-08-10,Sodium bicarbonate,1000ml Non-,1499(E),30.03.2022,30,false,true
sodium,Injection 0.9% 100ml Glass,19.48,29.6,"Compendium-Prices-2022pdf-464b22085495ff4e3f8700c0e00cf45d.pdf -- NPPA, ""Compendium of Ceiling Prices of Scheduled Drugs as on 10.08.2022"", Schedule-I / NLEM 2015",2022-08-10,Sodium bicarbonate,100ml Glass,1499(E),30.03.2022,30,false,true
sodium,Injection 0.9% 100ml Non-,17.55,29.6,"Compendium-Prices-2022pdf-464b22085495ff4e3f8700c0e00cf45d.pdf -- NPPA, ""Compendium of Ceiling Prices of Scheduled Drugs as on 10.08.2022"", Schedule-I / NLEM 2015",2022-08-10,Sodium bicarbonate,100ml Non-,1499(E),30.03.2022,30,false,true
sodium,Injection 0.9% 250ml Glass,26.28,29.6,"Compendium-Prices-2022pdf-464b22085495ff4e3f8700c0e00cf45d.pdf -- NPPA, ""Compendium of Ceiling Prices of Scheduled Drugs as on 10.08.2022"", Schedule-I / NLEM 2015",2022-08-10,Sodium bicarbonate,250ml Glass,1499(E),30.03.2022,30,false,true
sodium,Injection 0.9% 250ml Non-,23.59,29.6,"Compendium-Prices-2022pdf-464b22085495ff4e3f8700c0e00cf45d.pdf -- NPPA, ""Compendium of Ceiling Prices of Scheduled Drugs as on 10.08.2022"", Schedule-I / NLEM 2015",2022-08-10,Sodium bicarbonate,250ml Non-,1499(E),30.03.2022,30,false,true
sodium,Injection 0.9% 500ml Glass,36.54,29.6,"Compendium-Prices-2022pdf-464b22085495ff4e3f8700c0e00cf45d.pdf -- NPPA, ""Compendium of Ceiling Prices of Scheduled Drugs as on 10.08.2022"", Schedule-I / NLEM 2015",2022-08-10,Sodium bicarbonate,500ml Glass,1499(E),30.03.2022,30,false,true
sodium,Injection 0.9% 500ml Non-,31.10,29.6,"Compendium-Prices-2022pdf-464b22085495ff4e3f8700c0e00cf45d.pdf -- NPPA, ""Compendium of Ceiling Prices of Scheduled Drugs as on 10.08.2022"", Schedule-I / NLEM 2015",2022-08-10,Sodium bicarbonate,500ml Non-,1499(E),30.03.2022,30,false,true
sodium,Injection 0.45%,,29.6,"Compendium-Prices-2022pdf-464b22085495ff4e3f8700c0e00cf45d.pdf -- NPPA, ""Compendium of Ceiling Prices of Scheduled Drugs as on 10.08.2022"", Schedule-I / NLEM 2015",2022-08-10,Sodium bicarbonate,,,,30,false,true
sodium,Injection 3%,,29.6,"Compendium-Prices-2022pdf-464b22085495ff4e3f8700c0e00cf45d.pdf -- NPPA, ""Compendium of Ceiling Prices of Scheduled Drugs as on 10.08.2022"", Schedule-I / NLEM 2015",2022-08-10,Sodium bicarbonate,,,,30,false,true
water,Injection Each Pack (10,2.58,29.3.1,"Compendium-Prices-2022pdf-464b22085495ff4e3f8700c0e00cf45d.pdf -- NPPA, ""Compendium of Ceiling Prices of Scheduled Drugs as on 10.08.2022"", Schedule-I / NLEM 2015",2022-08-10,Water for Injection,Each Pack (10,1499(E),30.03.2022,30,false,true
water,Injection Each Pack (5 ml),2.49,29.3.1,"Compendium-Prices-2022pdf-464b22085495ff4e3f8700c0e00cf45d.pdf -- NPPA, ""Compendium of Ceiling Prices of Scheduled Drugs as on 10.08.2022"", Schedule-I / NLEM 2015",2022-08-10,Water for Injection,Each Pack (5 ml),1499(E),30.03.2022,30,false,true
water,Injection Per 500 ml Pack,51.19,29.3.1,"Compendium-Prices-2022pdf-464b22085495ff4e3f8700c0e00cf45d.pdf -- NPPA, ""Compendium of Ceiling Prices of Scheduled Drugs as on 10.08.2022"", Schedule-I / NLEM 2015",2022-08-10,Water for Injection,Per 500 ml Pack,1499(E),30.03.2022,30,false,true
water,Injection Per 1000 ml,89.84,29.3.1,"Compendium-Prices-2022pdf-464b22085495ff4e3f8700c0e00cf45d.pdf -- NPPA, ""Compendium of Ceiling Prices of Scheduled Drugs as on 10.08.2022"", Schedule-I / NLEM 2015",2022-08-10,Water for Injection,Per 1000 ml,1499(E),30.03.2022,30,false,true
ascorbic acid,Tablet 100 mg 1 Tablet,0.21,30.1,"Compendium-Prices-2022pdf-464b22085495ff4e3f8700c0e00cf45d.pdf -- NPPA, ""Compendium of Ceiling Prices of Scheduled Drugs as on 10.08.2022"", Schedule-I / NLEM 2015",2022-08-10,Ascorbic acid (Vitamin C),1 Tablet,1499(E),30.03.2022,30,false,true
ascorbic acid,Tablet 500 mg 1 Tablet,1.53,30.1,"Compendium-Prices-2022pdf-464b22085495ff4e3f8700c0e00cf45d.pdf -- NPPA, ""Compendium of Ceiling Prices of Scheduled Drugs as on 10.08.2022"", Schedule-I / NLEM 2015",2022-08-10,Ascorbic acid (Vitamin C),1 Tablet,1499(E),30.03.2022,30,false,true
calcium,Tablet 250 mg,,30.2,"Compendium-Prices-2022pdf-464b22085495ff4e3f8700c0e00cf45d.pdf -- NPPA, ""Compendium of Ceiling Prices of Scheduled Drugs as on 10.08.2022"", Schedule-I / NLEM 2015",2022-08-10,Calcium carbonate,,,,30,false,true
calcium,Tablet 500 mg 1 Tablet,1.92,30.2,"Compendium-Prices-2022pdf-464b22085495ff4e3f8700c0e00cf45d.pdf -- NPPA, ""Compendium of Ceiling Prices of Scheduled Drugs as on 10.08.2022"", Schedule-I / NLEM 2015",2022-08-10,Calcium carbonate,1 Tablet,1499(E),30.03.2022,30,false,true
calcium,Injection 100 mg/ml 1 ml,0.61,30.3,"Compendium-Prices-2022pdf-464b22085495ff4e3f8700c0e00cf45d.pdf -- NPPA, ""Compendium of Ceiling Prices of Scheduled Drugs as on 10.08.2022"", Schedule-I / NLEM 2015",2022-08-10,Calcium gluconate,1 ml,1499(E),30.03.2022,30,false,true
cholecalciferol,"Tablet 1000 IU, 1 Tablet",4.16,30.4,"Compendium-Prices-2022pdf-464b22085495ff4e3f8700c0e00cf45d.pdf -- NPPA, ""Compendium of Ceiling Prices of Scheduled Drugs as on 10.08.2022"", Schedule-I / NLEM 2015",2022-08-10,Cholecalciferol,1 Tablet,1499(E),30.03.2022,30,false,true
cholecalciferol,Tablet 60000 IU 1 Tablet,26.93,30.4,"Compendium-Prices-2022pdf-464b22085495ff4e3f8700c0e00cf45d.pdf -- NPPA, ""Compendium of Ceiling Prices of Scheduled Drugs as on 10.08.2022"", Schedule-I / NLEM 2015",2022-08-10,Cholecalciferol,1 Tablet,1499(E),30.03.2022,30,false,true
cholecalciferol,Capsule 1000 IU 1 Capsule,5.31,30.4,"Compendium-Prices-2022pdf-464b22085495ff4e3f8700c0e00cf45d.pdf -- NPPA, ""Compendium of Ceiling Prices of Scheduled Drugs as on 10.08.2022"", Schedule-I / NLEM 2015",2022-08-10,Cholecalciferol,1 Capsule,1499(E),30.03.2022,30,false,true
cholecalciferol,Capsule 60000 IU 1 Capsule,32.79,30.4,"Compendium-Prices-2022pdf-464b22085495ff4e3f8700c0e00cf45d.pdf -- NPPA, ""Compendium of Ceiling Prices of Scheduled Drugs as on 10.08.2022"", Schedule-I / NLEM 2015",2022-08-10,Cholecalciferol,1 Capsule,1499(E),30.03.2022,30,false,true
cholecalciferol,Oral liquid 400 IU/ml 1 ml,2.60,30.4,"Compendium-Prices-2022pdf-464b22085495ff4e3f8700c0e00cf45d.pdf -- NPPA, ""Compendium of Ceiling Prices of Scheduled Drugs as on 10.08.2022"", Schedule-I / NLEM 2015",2022-08-10,Cholecalciferol,1 ml,1499(E),30.03.2022,30,false,true
niacinamide,Tablet 50 mg,,30.5,"Compendium-Prices-2022pdf-464b22085495ff4e3f8700c0e00cf45d.pdf -- NPPA, ""Compendium of Ceiling Prices of Scheduled Drugs as on 10.08.2022"", Schedule-I / NLEM 2015",2022-08-10,Nicotinamide,,,,30,false,true
pyridoxine,Tablet 10 mg 1 Tablet,0.12,30.6,"Compendium-Prices-2022pdf-464b22085495ff4e3f8700c0e00cf45d.pdf -- NPPA, ""Compendium of Ceiling Prices of Scheduled Drugs as on 10.08.2022"", Schedule-I / NLEM 2015",2022-08-10,Pyridoxine,1 Tablet,1499(E),30.03.2022,30,false,true
pyridoxine,Tablet 50 mg,,30.6,"Compendium-Prices-2022pdf-464b22085495ff4e3f8700c0e00cf45d.pdf -- NPPA, ""Compendium of Ceiling Prices of Scheduled Drugs as on 10.08.2022"", Schedule-I / NLEM 2015",2022-08-10,Pyridoxine,,,,30,false,true
pyridoxine,Tablet 100 mg 1 Tablet,6.20,30.6,"Compendium-Prices-2022pdf-464b22085495ff4e3f8700c0e00cf45d.pdf -- NPPA, ""Compendium of Ceiling Prices of Scheduled Drugs as on 10.08.2022"", Schedule-I / NLEM 2015",2022-08-10,Pyridoxine,1 Tablet,1499(E),30.03.2022,30,false,true
riboflavin,Tablet 5 mg,,30.7,"Compendium-Prices-2022pdf-464b22085495ff4e3f8700c0e00cf45d.pdf -- NPPA, ""Compendium of Ceiling Prices of Scheduled Drugs as on 10.08.2022"", Schedule-I / NLEM 2015",2022-08-10,Riboflavin,,,,30,false,true
thiamine,Tablet 100 mg 1 Tablet,4.16,30.8,"Compendium-Prices-2022pdf-464b22085495ff4e3f8700c0e00cf45d.pdf -- NPPA, ""Compendium of Ceiling Prices of Scheduled Drugs as on 10.08.2022"", Schedule-I / NLEM 2015",2022-08-10,Thiamine,1 Tablet,1499(E),30.03.2022,30,false,true
thiamine,Injection 100 mg/ml 1 ml,27.54,30.8,"Compendium-Prices-2022pdf-464b22085495ff4e3f8700c0e00cf45d.pdf -- NPPA, ""Compendium of Ceiling Prices of Scheduled Drugs as on 10.08.2022"", Schedule-I / NLEM 2015",2022-08-10,Thiamine,1 ml,1499(E),30.03.2022,30,false,true
vitamin a,Capsule 5000 IU,,30.9,"Compendium-Prices-2022pdf-464b22085495ff4e3f8700c0e00cf45d.pdf -- NPPA, ""Compendium of Ceiling Prices of Scheduled Drugs as on 10.08.2022"", Schedule-I / NLEM 2015",2022-08-10,Vitamin A,,,,30,false,true
vitamin a,Capsule 50000 IU 1 Capsule,0.61,30.9,"Compendium-Prices-2022pdf-464b22085495ff4e3f8700c0e00cf45d.pdf -- NPPA, ""Compendium of Ceiling Prices of Scheduled Drugs as on 10.08.2022"", Schedule-I / NLEM 2015",2022-08-10,Vitamin A,1 Capsule,1499(E),30.03.2022,30,false,true
vitamin a,Capsule 100000 IU,,30.9,"Compendium-Prices-2022pdf-464b22085495ff4e3f8700c0e00cf45d.pdf -- NPPA, ""Compendium of Ceiling Prices of Scheduled Drugs as on 10.08.2022"", Schedule-I / NLEM 2015",2022-08-10,Vitamin A,,,,30,false,true
vitamin a,Oral liquid 100000 IU/ml,,30.9,"Compendium-Prices-2022pdf-464b22085495ff4e3f8700c0e00cf45d.pdf -- NPPA, ""Compendium of Ceiling Prices of Scheduled Drugs as on 10.08.2022"", Schedule-I / NLEM 2015",2022-08-10,Vitamin A,,,,30,false,true
vitamin a,Injection 50000 IU/ml 1 ml,2.13,30.9,"Compendium-Prices-2022pdf-464b22085495ff4e3f8700c0e00cf45d.pdf -- NPPA, ""Compendium of Ceiling Prices of Scheduled Drugs as on 10.08.2022"", Schedule-I / NLEM 2015",2022-08-10,Vitamin A,1 ml,1499(E),30.03.2022,30,false,true
vitamin a,Tablet 50000 IU 1 Tablet,0.78,30.9,"Compendium-Prices-2022pdf-464b22085495ff4e3f8700c0e00cf45d.pdf -- NPPA, ""Compendium of Ceiling Prices of Scheduled Drugs as on 10.08.2022"", Schedule-I / NLEM 2015",2022-08-10,Vitamin A,1 Tablet,1499(E),30.03.2022,30,false,true
bare metal stents,1,9373.03,31.1,"Compendium-Prices-2022pdf-464b22085495ff4e3f8700c0e00cf45d.pdf -- NPPA, ""Compendium of Ceiling Prices of Scheduled Drugs as on 10.08.2022"", Schedule-I / NLEM 2015",2022-08-10,Bare Metal Stents (BMS),1,1502(E),30.03.2022,30,false,false
drug eluting stents which include metallic des|bioresorbable vascular scaffold biodegradable stents vaccine,1,34128.13,31.2,"Compendium-Prices-2022pdf-464b22085495ff4e3f8700c0e00cf45d.pdf -- NPPA, ""Compendium of Ceiling Prices of Scheduled Drugs as on 10.08.2022"", Schedule-I / NLEM 2015",2022-08-10,Drug Eluting Stents (DES) which include metallic DES and Bioresorbable Vascular Scaffold (BVS)/ Biodegradable stents” vaccine,1,1502(E),30.03.2022,30,true,false
brucella abortus vaccine live freeze dried,,,32.2,"Compendium-Prices-2022pdf-464b22085495ff4e3f8700c0e00cf45d.pdf -- NPPA, ""Compendium of Ceiling Prices of Scheduled Drugs as on 10.08.2022"", Schedule-I / NLEM 2015",2022-08-10,"Brucella Abortus (S19 strain) Vaccine, Live Freeze Dried",,,,31,false,false
